recipe_id,name,ingredients,steps,presentation_quality,saltiness,oiliness,richness,ingredient_diversity,complexity_of_preparation
36538,hungarian pork chops,"pork chops, salt and pepper, onion, garlic clove, bay leaf, chicken broth, paprika, sour cream, oil, water, flour","sprinkle chops with salt and pepper sear chops in large skillet in oil or cooking spray remove chops to a plate saut onions and garlic in drippings until onion is limp return chops to the skillet with broth , bay leaf , and paprika cover tightly and simmer about 1 hour remove chops from liquid again mix water and flour in a shaker and whisk into liquid heat to boiling , stirring constantly stir in sour cream , if desired return chops to gravy serve with mashed potatoes or hot cooked noodles",5.2,5.4,5.2,6.7,6.0,5.6
257139,delicious london broil with beefy gravy,"london broil beef, worcestershire sauce, garlic powder, onion powder, salt and pepper, butter, shallot, all-purpose flour, beef broth, steak sauce","turn broiler on brush meat with worcestershire and season with onion and garlic powder and salt and pepper i like to massage this all into the meat and let it rest while the broiler preheats cook london broil on top rack for 6 minutes on each side , for rare to medium rare , longer for medium remove meat from broiler and let it rest 5 minutes important- do not skip this step the juices will redistribute throughout the meat during this rest time and continue to cook this will give you a very juicy steak place a small skillet over medium heat melt 2 tablespoons butter , add finely chopped shallot , cook 2 minutes , then whisk in flour and cook 1 minute add 2 cups beef broth to the pan and bring to a bubble cook for 2 minutes to allow the broth to reduce a little add 1 / 4 cup steak sauce and black pepper , to taste very thinly slice the meat on an angle against the grain the degree to which you can slice thinly slice the meat will determine how tender it is to cut and chew , so make sure the carving knife is sharp the thinner the better ! transfer the slices to a platter keeping them lined up as you sliced them , forming a whole steak , just sliced pour gravy down the center and serve any remaining gravy on the side we like this with egg noodles or a baked potato , a green salad and some crusty bread oh and of course a nice glass of wine !",6.3,6.2,5.4,6.8,5.6,5.4
62318,watermelon  feta and black olive salad,"red onion, limes, feta cheese, watermelon, oil-cured black olive, flat leaf parsley, of fresh mint, extra virgin olive oil, fresh ground black pepper","place the onion slices in a small bowl , add the juices from the limes set aside in a large bowl , combine the feta cheese cubes with the watermelon cubes , the black olives , parsley , mint , olive oil , and pepper add the onion and lime juice mixture and gently toss to combine",7.6,5.7,3.8,3.5,5.8,2.2
184408,cranberry apple bread,"apples, egg, baking soda, cranberries, sugar, flour, cinnamon, cooking oil, baking powder","preheat oven to 350 degrees combine apples , sugar and oil in medium mixing bowl add egg mix well combine dry ingredients in seperate bowl add apple mixture , mixing just until moist stir in cranberries sprad batter in greased loaf pan bake @ 350 degrees 1hour cool in pan 15 minutes before removing",5.1,2.2,4.8,5.5,5.2,4.1
122759,cooked chocolate fudge icing,"sugar, cocoa, evaporated milk, margarine","put all ingredients in a large saucepan when mixture comes to a boil , cook l and 1 / 2 minutes remove from heat and set to cool a few minutes beat to spreading consistency will frost a 2 or 3 layer cake",4.0,1.4,6.2,8.1,2.5,2.7
109487,italian style ground beef,"ground beef, fresh garlic, onion, green pepper, oregano, basil, olive oil, salt","heat oil in pan until hot combine green peppers , onions , basil , oregano , garlic and ground beef cook for 5 to 10 minutes , making sure that the ground beef is fully cooked once fully cooked , add ground beef to spagetti and tomato sauce of your choice , and you're done",4.4,5.0,5.8,5.9,5.0,3.4
234741,venison and noodles,"venison, cooking oil, beer, beef bouillon cubes, onion, horseradish, steak sauce, hot sauce, thyme, dill weed, allspice, salt and pepper, flour","brown the venison cubes in the oil in a heavy skillet add the rest of the ingredients and season to taste , cover and simmer for 2 1 / 2 hours thicken the liquid with a little flour serve over buttered noodles",4.8,6.1,5.0,6.6,7.0,5.8
9836,slow cooker cheesy chicken,"boneless skinless chicken breasts, condensed cream of chicken soup, condensed cheddar cheese soup, garlic powder, salt and pepper","place chicken breasts in the crock pot mix the undiluted soups together with the garlic powder and pour over chicken cover and cook on low 6-8 hours , until chicken is tender serve with the delicious sauce over rice or noodles",4.0,6.8,6.5,7.2,3.5,2.0
19070,easy snicker pie,"graham cracker crust, cream cheese, milk, whipped topping, snickers candy bars, chocolate instant pudding","mix cream cheese and 1 tbls milk in a bowl with wire whisk until smooth gently stir in 2 cups of whipped topping and chopped candy bars , set aside pour 1-3 / 4 cups of milk into another bowl add pudding mix beat with a wire whisk for 1 minute gently stir in 1 / 2 cup of whipped topping spread 1 / 2 of the pudding mixture on bottom of crust spread cream cheese mixture over pudding mixture top with remaining pudding mixture refrigerate 4 hours or until set garnish with whipped topping",6.0,2.9,6.8,8.8,4.2,4.2
16733,banana pudding cake,"yellow cake mix, vegetarian banana pudding mix, banana, eggs, water, vegetable oil","preheat oven to 350f grease a bundt pan and set aside in a large bowl , combine all ingredients and beat with your electric mixer for 3 minutes pour into prepared pan and bake for 50-55 minutes , or until a tester comes out clean cool for 15 minutes before removing from pan if desired , combine 1 cup of sifted icing sugar with a little milk and drizzle this over the cake",5.5,2.2,5.3,6.6,4.2,3.5
268834,dazzling winter  slaw   red cabbage  apple and pecan salad,"red cabbage, green apples, carrots, red onion, dijon mustard, garlic clove, caster sugar, olive oil, walnut oil, white wine vinegar, pecan nuts, parsley, dried cranberries, walnuts, beetroot","make the dressing by mixing all the ingredients together in a jar - giving them all a good shake the dressing can be made up to 2 days beforehand and stored in a cool place place all the prepared vegetables and the apple in a large mixing bowl and mix by hand one hour before serving add the dressing and mix well , allowing the flavours to infuse together serve in an attractive serving bowl , sprinkling on the pecan nuts just before serving give them a little mix , leaving some on top this coleslaw can also be garnished with finely chopped parsley , for extra colour",8.0,3.9,4.8,4.5,8.9,4.2
64049,baked fish in mayonnaise and mustard,"haddock, mayonnaise, dry mustard, onion, cayenne, dill weed","preheat oven to 400 place fish in lightly greased shallow baking dish stir mayonnaise , mustard , onion , cayenne and dill weed in a small bowl until blended spread mixture on the fish bake at 400f for approx 20 minutes or until fish flakes easy with a fork",4.7,4.6,6.4,6.2,4.3,3.0
267640,eggplant thai stir fry,"miso, soy sauce, dry sherry, apple cider vinegar, brown sugar, pepper, japanese eggplants, cornstarch, water, toasted sesame oil, olive oil, chili oil, garlic cloves, gingerroot, scallion","mix the seasonings in a bowl until the sugar is dissolved and set aside rinse and dry the eggplant and cut off stems don't peel quarter them lengthwise and cut each quarter into 2-inch wedges set aside in a small bowl , dissolve the cornstarch with the water and sesame oil set aside heat a large , heavy skillet over high heat for 30 seconds add the olive oil with the chili-pepper oil , swirl , and heat for 30 seconds throw in the garlic , ginger , and scallions and stir rapidly for 15 seconds add the eggplant wedges and stir with a spatula in flipping and gentle pressing motions for 2-5 minutes to expose them to the oil turn heat down to medium high and continue to turn and press lightly for 4-7 more minutes , until the wedges are slightly browned and flattened don't press them hard , or they might break and become messy turn the heat back up to high give the seasonings a stir and pour over the eggplant stir in scooping and lifting motions for about 30 seconds give the cornstarch mixture a stir and add to the sauce cook to desired doneness toss quickly , then place into a hot serving dish enjoy ! makes 3 to 4 servings",6.0,7.2,6.2,4.8,8.8,6.2
199880,fresh green beans,"green beans, butter, parmesan cheese, pepper, garlic salt","snap end off the beans add beans to boiling water cook only 5 minutes drain and run under cold water in a skillet , melt butter and saute beans for 3 minutes add cheese , pepper and garlic salt and toss serve immediately",5.2,5.8,4.4,4.2,4.0,2.8
158117,marinade for grilled salmon,"salmon fillets, olive oil, soy sauce, lime juice, worcestershire sauce, mango chutney, honey, garlic cloves, dill, marinade, cream cheese","combine all marinade ingredients in large plastic bag , add salmon fillets & marinate for 6-8 hrs before grilling while salmon grills , transfer marinade to small saucepan by pressing through a sieve this allows the bulk & flavors of the garlic & chutney to join the sauce without making it chunky over low to medium heat only , add cream cheese & incorporate it into the sauce until you reach your desired consistency",6.5,6.4,5.8,6.8,6.2,5.6
7086,fruited spinach salad with honey mustard dressing,"vinegar, honey, oil, poppy seed, dry mustard, fresh spinach, papayas, grapes","in a screw top jar combine vinegar , oil , honey , poppy seed , and dry mustard cover shake well to mix combine spinach , papaya or pears , and grapes shake dressing again and pour over salad toss to coat serve immediately",7.0,1.8,3.8,2.6,5.0,2.0
49108,nutmeg sugar cookies,"butter, granulated sugar, powdered sugar, salad oil, egg, vanilla, all-purpose flour, baking soda, ground nutmeg, salt","in a large bowl , with a mixer on medium speed , beat 1 / 2 cup butter , granulated sugar , and powdered sugar until smooth add oil , egg , and vanilla and beat until well blended in a medium bowl , mix 2 cups flour , baking soda , nutmeg , and salt stir into butter mixture , then beat until well blended cover bowl with plastic wrap and freeze until dough is firm , about 1 hour shape dough into 1-inch balls and place about 2 inches apart on buttered 12- by 15-inch baking sheets press each cookie with the lightly floured tines of a fork to flatten slightly bake cookies in a 350 regular or convection oven until edges are lightly browned , 8 to 10 minutes if baking two sheets at once in one oven , switch their positions halfway through baking let cookies cool on sheets for 5 minutes , then use a wide spatula to transfer to racks to cool completely",5.3,2.7,6.5,6.7,5.6,5.0
11287,chedy s vegan stroganoff,"vegetable oil, portabella mushrooms, vegetable butter, onions, mushroom, all-purpose flour, vegetable broth, dijon mustard, cognac, paprika, vegan sour cream, salt, fresh ground black pepper, cooked noodles","in a large , heavy saut pan over medium-high heat , heat the oil add the portabello mushrooms and saut , stirring frequently , 4-6 minutes until just cooked remove the mushrooms and drain on paper towels melt the veggie butter in the same saut pan add the onions and mushrooms and cook , stirring frequently , until the onions are translucent , about 5 minutes sprinkle the flour over the onion-mushroom mixture stir well and cook for 3 minutes stir in the vegetable broth , and bring the mixture to a boil stir in the mustard , sour cream , cognac , and paprika return the portabello mushrooms to the pan mix and serve",5.3,5.7,5.8,6.5,8.0,5.6
9743,lobster newburg,"butter, all-purpose flour, salt, milk, egg yolks, lobsters, dry sherry, white pepper, ground red pepper, english muffins, fresh chives","in a medium saucepan , melt butter stir in flour and salt add the milk all at once cook and stir until thickened and bubbly cook and stir 1 more minute stir about half the hot mixture into the beaten egg yolks return all to saucepan cook and stir until mixture is thickened and bubbly stir in lobster , dry sherry , white or black pepper , and ground red pepper heat through serve over english muffin halves if desired , garnish with snipped chives",6.8,5.1,6.8,8.3,6.3,6.0
11135,baked chimichangas,"beef, onion, garlic cloves, chipotle chiles, ground oregano, salt, crushed red pepper flakes, monterey jack cheese, adobo sauce, tortillas, lettuce, chopped tomato, salsa, sour cream, guacamole, jalapeno, olive, gravy","after stewing the meat on a crockpot or pan drain off liquid and reserve shred and chop meat-set aside in a large skillet cook onion and garlic with just a touch of oil and cook until onion is just browning add the meat , chilies , oregano , salt and red pepper and cook on low for 10 minutes add adobo sauce if needed , you don't want a totaly dry mixture and you dont want it soggy warm tortillas in the oven so they are bendable lay out 3 or 4 at a time and slightly off center place some cheese and then about 1 / 2 a cup of meat mixture and fold envelope style place on a lightly greased cookie sheet-repeat lightly oil the tops and bake in a 425 oven for 20 minutes or a 375 oven for 35-40 minutes-your choice with the juices from the cooked meat i make a spicy gravy to offer with this when done remove from oven serve with condiments , spanish rice and refried beans believe me when i say you will roll away from the table ! to plate: lettuce on the bottom , then chimichanga , then gravy , then guac and sour cream and salsa , then remaining condimednts sprinkled on top",6.5,6.6,6.5,8.0,9.6,7.3
149705,maple and vinegar caramelized parsnips,"parsnips, oil, kosher salt, balsamic vinegar, maple syrup","preheat your oven to 400 degrees wash and peel the parsnips and then chop them into evenly sized pieces in a bowl , combine the parsnips , salt , and oil put on a baking sheet and toast until tender mix them up about every 8 to 10 minutes when they are tender , drizzle with the vinegar and maple syrup mix up and then bake until brown , about 5 minutes if desired , season with some pepper",5.7,4.5,4.2,3.5,3.8,3.3
4004,dynamite oatmeal chocolate chip raisin cookies,"unsalted butter, light brown sugar, white sugar, egg, vanilla, butterscotch extract, baking soda, salt, cinnamon, all-purpose flour, rolled oatmeal, golden raisin, chocolate chips, pecan pieces","cream the butter and the sugars , then add the eggs , vanilla and butterscotch extract sift the baking soda , salt , cinnamon and flour together , then add in batches to the wet ingredients until mixed add oatmeal , raisins , chips and pecan , if desired drop by teaspoonfuls onto a lightly greased or parchment-lined cookie sheet bake at 350 for 8-12 minutes or until golden brown",5.4,2.8,6.8,7.2,7.4,4.5
97433,steamed fish with black bean sauce,"white fish fillets, fermented black beans, green onions, ginger, sugar, sherry wine, light soy sauce, peanut oil, cilantro","if using a whole fish , make 3 deep diagonal slashes on each side of the fish chop the black beans place half of the black beans , scallions , and ginger on a heat-proof plate that can be used in the steamer place the fish on top sprinkle fish with the sugar , then pour the sherry or rice wine , soy sauce and oil on top cover the fish with remaining black beans , scallions and ginger for steaming i use my electric wok and place 2 chopsticks next to each other in one direction and 2 more next to each other in the opposite direction , creating a platform place the plate of fish on top of the steamer , over briskly boiling water , cover and steam 10 minutes for thick fillets , 20 minutes for whole fish and less than 10 minutes for thinner fillets fish is finished when fillets flake easily or when a chopstick will easily pierce the gill area on whole fish remove to a platter and garnish with cilantro serve over steamed jasmine rice and make sure to spoon the black bean sauce over the whole thing yum",6.6,7.8,3.6,4.2,5.8,5.0
165624,slow cooker new potatoes,"red potatoes, olive oil, italian salad dressing mix",combine oil and potatoes in crockpot stir to coat sprinkle with salad dressing mix and stir until all potatoes are evenly coated cover and cook on low 8 hours until potatoes are fork-tender,4.3,6.4,5.0,4.6,2.3,1.8
26887,grilled portobello and red pepper salad with rosemary dressing,"portabella mushrooms, olive oil, red bell peppers, red wine vinegar, fresh rosemary, garlic, mixed baby greens","prepare barbeque brush both sides of mushrooms with 1 / 3 cup olive oil place whole mushrooms and whole red bell peppers on grill rack grill till mushrooms are tender and bell peppers are blackened on all sides , turning occasionally , about 20 minutes for mushrooms and 25 minutes for bell peppers transfer mushrooms to a plate enclose bell peppers in a paper bag let stand for 10 minutes peel and seed peppers cut mushrooms and bell peppers into 1 / 2 inch wide strips season mushrooms and peppers with salt and pepper to taste combine 1 tablespoon red wine vinegar , chopped fresh rosemary and garlic clove in food processor with machine running , gradually add the remaining 1 / 3 cup of olive oil and proces until well blended season dressing with salt and pepper to taste arrange mixed greens on a large platter top with mushroom strips , and then red bell pepper strips drizzle dressing over all and serve",7.4,4.4,5.5,3.8,4.8,5.4
307071,kariokor nyama ya kuchoma  barbecued meat rub  kenya,"coarse salt, coarse black pepper, crushed red pepper flakes, sugar, ground ginger, garlic powder, onion salt",thoroughly combine all ingredients rub onto whatever meats you would like to bbq,2.5,9.0,1.0,1.2,4.8,1.2
24414,amish sour cream apple pie,"sour cream, egg, sugar, flour, salt, vanilla, apples, unbaked 9-inch pie crust, brown sugar, butter, cinnamon","beat sour cream and egg together add flour , sugar , salt and vanilla mix until smooth stir in apples bake at 400 degrees for 25 minutes mix the crumb topping ingredients until crumbly remove pie from oven and spread with crumb topping bake 20 more minutes",6.2,2.6,5.9,7.5,6.2,5.0
101309,really good peanut butter cookies,"margarine, peanut butter, white sugar, brown sugar, egg, vanilla, flour, salt, baking soda, peanut butter chips","cream margarine , peanut butter and sugars beat in egg and vanilla stir dry ingredients together , add to creamed mixture beat on medium speed until blended well stir in peanut butter chips chill dough at least 20 minutes bake at 375 for 10-12 minutes",5.2,3.0,7.0,7.4,5.6,4.3
37353,forget applesauce  serve apples,"apples, lemon juice, butter, honey","in a bowl , combine apple slices and lemon juice toss gently but well in a skillet , melt butter over medium-high heat and add apples and honey cook for 2 or 3 minutes , stirring gently , until apples are glazed , and tender serve immediately",5.0,1.3,4.2,4.2,2.8,2.4
359550,cranberry barbecued  chicken,"chicken pieces, salt, pepper, celery, diced onion, whole berry cranberry sauce, barbecue sauce, brown sugar","combine all ingredients in a slow cooker and mix well cover , and bake on high for 4 hours , or on low for 6-8 hours",4.6,5.8,4.5,5.8,5.0,2.0
73929,hot and spicy nuts  smoke house almonds,"butter, chili powder, celery salt, worcestershire sauce, salt, garlic powder, basil, onion powder, cayenne, whole almonds, kosher salt",set oven to 350f mix all ingredients except the nuts and kosher salt mix well add nuts toss to coat arrange on cookie sheet bake until nuts are toasted toss with kosher salt store in an airtight container or freeze for up to 3 months,4.8,7.9,6.8,6.5,6.4,3.0
205067,cranberry ice,"jellied cranberry sauce, carbonated lemon-lime beverage","beat cranberry sauce on high speed with electric mixer until smooth , about 5 minutes gently stir in lemon-lime soda divide mixture to fill 2 ice cube trays freeze until firm transfer cubes to food processor and mix until frothy pour into 1-quart container and cover freeze until 30 minutes before serving spoon into serving dishes and garnish with mint leaves or whipped topping",5.5,1.2,1.0,2.4,1.8,3.4
55911,grilled rock lobster,"salt, paprika, white pepper, garlic powder, olive oil, lemon juice, rock lobster tail","split rock tails lengthwise with a large knife mix seasoning with oil and lemon juice brush meat side of tail with marinade pre-heat grill and place rock tails meat side down and grill 5- 6 minutes until well scored turn over lobster and cook another 6 minutes , brushing often with remaining marinade lobster is done when it is opaque and firm to the touch",7.0,5.4,4.5,6.4,4.8,4.0
47079,apple pie bread in bread machine,"water, butter, apple pie filling, flour, dry buttermilk, salt, cinnamon, yeast",put in ingredients in order given set on white or sweet bread setting,5.0,3.0,4.5,5.2,5.0,2.0
433068,creeping crust cobbler,"butter, flour, sugar, baking powder, milk, fresh fruit","melt butter in 10 inch baking dish and set aside mix flour , sugar , baking powder together in bowl add milk to flour mixture and gently stir by hand until all flour is wet do not over mix dough - overmixing makes the crust tough evenly spoon dough over the butter in your baking dish place fruit over dough - you can always use more or less fruit bake at 350 degrees for about 30 minutes depending on your oven crust will rise to the top and creep over the fruit",5.6,1.8,5.8,6.7,4.0,3.0
100408,turkey breakfast sausage patties,"ground turkey, salt, sage, fennel seed, thyme, black pepper, white pepper, cayenne, garlic powder, ground cloves, nutmeg, allspice","combine all ingredients and blend well if time permits , refrigerate overnight to let the meat absorb the flavor of the spices form into patties and cook as needed , freezing leftovers don't overcook or they will dry out--remove from the heat as soon as they're no longer pink inside , but still juicy",4.7,6.0,5.2,5.8,6.8,3.6
238438,orange ginger broiled pork tenderloin,"low sodium soy sauce, extra virgin olive oil, orange juice, garlic clove, fresh ginger, black pepper, pork tenderloin","in a glass bowl , mix the soy sauce , olive oil , orange juice , garlic , ginger and black pepper pour into a gallon-size plastic zip-lock bag place the tenderloins in the bag , push out any air before sealing , mush around until meat is well-coated in marinade , and allow to marinate in the fridge for 2-8 hours preheat the broiler on high , place the pork in a broiler pan and broil 2-4 inches away from the heat source for 15 minutes , turning once halfway through cooking remove from oven and tent with foil , allowing to rest for 5 minutes for juices to redistribute",6.2,6.0,4.8,5.8,4.8,4.6
87683,whipped chocolate cream icing,"whipping cream, icing sugar, cocoa",sift icing sugar and cocoa into a bowl add whipping cream and stir to mix with beater whip as for whipping cream this amount will very generously cover a large angel cake or any other large cake,4.5,1.2,7.0,8.0,2.0,1.8
75744,chicken with apples and sage,"nonstick cooking spray, boneless skinless chicken breast halves, salt, sweet red peppers, apple juice, onions, fresh sage, garlic, black pepper, water, cornstarch, cooking apple","coat a medium nonstick skillet with cooking spray heat over medium-high heat sprinkle chicken with salt place chicken in skillet cook for 8 to 10 minutes or until chicken is done , turning once remove from skillet cover and keep warm add sweet pepper , apple juice , onion , dried sage , garlic , and black pepper to skillet bring to boiling reduce heat simmer , covered , for 2 minutes in a small bowl combine water and cornstarch stir into apples add to the sweet peppers , apple juice , onion , sage and pepper mixture cook and stir until thickened and bubbly cook and stir for 2 minutes more if using , stir in fresh sage return chicken to skillet heat through",5.8,4.6,2.2,4.2,6.8,5.0
252427,springtime asparagus medley,"asparagus spears, tomatoes, cider vinegar, worcestershire sauce, sugar, onion, salt, paprika, vegetable oil, sliced almonds, blue cheese","in large saucepan , bring water to oil add aspargus cover and cook for 3-5 minutes or until crisp-tender drain add tomatoes cover and keep warm in a blender , combine vinegar , worcestershire sauce , sugar , onion , salt and paprika cover and process until smooth while processing , gradually add oil in a steady stream pour over asparagus mixture and toss to coat transfer to serving bowl sprinkle with almonds and blue cheese if desired serve warm",7.0,5.6,5.0,4.8,7.2,4.2
254208,easy cherry tomato and feta salad,"cherry tomatoes, feta cheese, extra virgin olive oil, balsamic vinegar, salt, pepper, fresh thyme sprig","in medium bowl , toss the tomatoes with the feta drizzle with olive oil and balsamic vinegar season to taste with salt and pepper top with thyme",7.0,5.3,4.2,3.8,4.8,1.5
36486,ultimate seven layer bars,"butter, graham crackers, sweetened condensed milk, chocolate chips, white chocolate chips, toffee pieces, pecans, walnuts, coconut","in a 9x13-inch pan melt butter add graham cracker crumbs , making sure all get ""wet"" spread evenly on bottom of pan and then drizzle sweetened milk evenly over the crumb mixture put evenly on the top the chocolate chips , white chips , toffee chips , nuts , and coconut , in that order lightly press down and bake at 350 for 30 minutes let cool before serving",6.0,2.8,7.5,9.0,5.6,3.5
362450,grilled caesar salad   grilled romaine,"romaine lettuce hearts, olive oil, lemon juice, salt and pepper, caesar salad dressing, crouton, anchovy, parmesan cheese, grilled chicken breast","preheat grill to medium high drizzle oil and lemon juice over romaine and season with salt and pepper place on grill and cook for 1-2 minutes per side place cooked romaine on 2 plates and drizzle with dressing top with anchovies , cheese and or croutons enjoy !",7.0,6.5,5.8,5.4,5.8,3.0
259430,carrot salad with toasted almonds,"low-fat sour cream, low fat cottage cheese, parsley, tabasco sauce, lemon juice, salt and pepper, carrots, baby spinach, toasted almond, cherry tomatoes","blend sour cream , cottage cheese , tabasco , lemon juice until smooth add parsley , salt and pepper and blend a few seconds longer pour dressing over carrots and mix arrange spinach in 4 bowls , and spoon carrots in center of bowls top with almonds and cherry tomatoes",7.0,4.7,3.8,4.4,6.2,2.7
95014,mini man burgers   alton brown,"onion powder, garlic powder, fresh ground black pepper, kosher salt, ground chuck, buns, mayonnaise","preheat the oven to 250 degrees f preheat a griddle to 350 degrees f combine the onion powder , garlic powder , pepper , and salt in a small bowl set aside line a jellyroll or sheet pan with parchment paper , and place the ground chuck in the middle of the pan cover the meat with a large sheet of plastic wrap roll meat with a rolling pin until it covers the surface of the pan it should be very thin remove the plastic wrap , and sprinkle the meat with the seasoning mixture fold the meat in half , from side to side , using the parchment paper use a pizza wheel to cut the meat into 8 even squares wrap the buns in foil and place in the oven for 5 to 10 minutes meanwhile , place the burgers on the griddle and cook for 2 to 3 minutes per side remove the buns from the oven spread a small amount of mayonnaise on each bun and top with the burger and any other condiments , as desired serve immediately",5.4,5.8,6.0,6.3,5.0,5.0
10117,best ever chocolate chip cookies,"margarine, white sugar, brown sugar, flour, baking soda, salt, vanilla, eggs, chocolate chips","mix flour , soda and salt in a bowl set aside cream together margarine and sugars beat eggs into sugar mixture add vanilla beat until fluffy add the dry ingredients add chocolate chips drop onto ungreased cookie sheet and bake at 350 for 8-10 minutes cookies should be brown around the edges and will finish cooking on the sheet when removed from the oven",5.3,2.8,6.5,7.0,5.2,4.0
39840,fantastic feta chicken,"boneless skinless chicken breast halves, lemon juice, fresh oregano, fresh ground pepper, feta cheese",arrange chicken in 13x9-inch baking dish drizzle with 1 tablespoon of the juice sprinkle with oregano and pepper top with cheese drizzle with remaining 1 tablespoon juice bake at 350f for 30 to 35 minutes or until cooked through,5.3,5.6,3.8,5.6,3.5,2.6
89591,cherry streusel  coffee cake,"flour, white sugar, butter, baking powder, baking soda, egg, buttermilk, cherry pie filling",in a large bowl make crumb mix: 2 1 / 4 cups flour 3 / 4 cup white sugar whisk together to mix cut in: 3 / 4 cup butter or margarine mix until crumbly remove 1 / 2 cup of crumb mix and set aside to sprinkle on top to remainder of crumb mix add: 1 / 2 teaspoon baking powder 1 / 2 teaspoon baking soda combine: 1 beaten egg and 3 / 4 cup buttermilk or sour milk add to dry crumb mix and stir until just moistened spread 2 / 3 of batter over bottom and part way up the side of a greased 9 inch spring form pan or a well greased bundt pan i favor the spring form pan when serving this as dessert spoon cherry pie filler over batter drop spoonfuls of remaining batter over filling sprinkle with the 1 / 2 cup of reserved crumb mix bake 350 for 50-55 minutes,6.0,2.3,6.5,7.2,5.2,4.8
367915,fajita spiced oven potatoes,"potato, canola oil, fajita seasoning mix, lime juice","preheat the oven to 400 degrees cut the potatoes into reasonable sized cubes leave the skins on for extra vitamins and taste in a large bowl , combine the oil , fajita seasoning and the lime mix together until it is almost a paste put the cubed potatoes into bowl and stir around until the potatoes are well covered by the oil mixture transfer to an foil covered baking tray and bake in the oven for between 25 and 30 minutes depending on the size of your cubes when they have gone golden brown , remove from the oven and serve",5.2,6.2,5.0,4.5,3.0,3.0
347795,goan beef curry,"cardamom pods, fennel seed, cloves, cinnamon sticks, fenugreek seeds, black peppercorns, coriander seeds, cumin seeds, oil, onions, garlic cloves, gingerroot, stewing beef, ground turmeric, chili powder, creamed coconut","remove seeds from cardamom pods and grind them in a spice grinder along with the fennel seeds , cloves , cinnamon stick , fenugreek seeds , peppercorns , coriander and cumin seeds set aside in a heavy skillet or dutch oven , heat the oil over medium heat add the onions , garlic and ginger , cook stirring frequently until lightly browned add the meat and continue to cook until brown all over add all the spices and cook for 1 minute add creamed coconut and 1 cup of water , stir to combine or stir in the coconut milk cover and cook on low for 1 hour , stir if the sauce is too liquid , uncover , turn up heat to medium and cook for an additional 20 to 30 minutes or until meat is tender if you do not need to reduce the sauce , keep covered and continue cooking until meat is tender season with salt to taste and serve over basmati rice please",5.7,4.8,6.2,7.8,9.2,6.5
133480,betty s easy meringue cookies  2 ingredients,"egg whites, sugar","beat whites until very stiff gradually add sugar and keep beating until mixture forms peaks grease or spray , with cooking oil a large cookie sheet and put teaspoon amounts on to the sheet about 2 inches apart place in preheated 225 degree oven on the middle rack and bake for 30 minutes check to see if the center of the cookie is dry for doneness if dry , remove from oven and bang sheet- the cookies should jump off the sheet !",5.2,1.0,1.2,3.2,1.5,3.2
83207,roasted kielbasa   potatoes,"potatoes, kielbasa, dry onion soup mix, canola oil","preheat oven to 425 degrees mix all ingredients in a large bowl pour into a 9x13"" baking pan cook in oven , covered with foil for approximately 1 hour you can stir after 1 / 2 hour of cooking",4.6,7.4,6.8,7.0,3.0,2.6
61439,tofu egg salad,"firm tofu, soy mayonnaise, dijon mustard, cayenne pepper, turmeric, parsley, fresh dill, green onion, salt and pepper","i always drain my tofu first i cut it into 1 / 4s , wrap it in paper towels on a cookie sheet , with another one on top , weighted down with some heavy canned goods let sit in refrigerator for 10-20 minutes mash the tofu in a bowl with a wooden spoon mix tofu well with remaining ingredients chill and serve",4.6,5.2,4.5,4.8,5.8,2.5
109702,roasted corn and black bean chili,"frozen corn, olive oil, onion, garlic cloves, ground cumin, chili powder, low sodium chicken broth, black beans, diced tomatoes with green chilies, sour cream, shredded cheddar cheese","preheat oven to 400f place corn in a large baking pan add 1 tbs olive oil and stir the corn to coat bake until the corn is browned , stirring once , about 20 mins total while corn is roasting , cook onion in remaining 1 tbs olive oil in a large sauce pan over medium heat until soft , about 5 minutes add garlic , cumin , and chili powder and cook , stirring constantly , about 1 minute stir in broth , beans , and tomatoes reduce heat to simmer cover and cook 15 mins then stir in corn and simmer for additional 5 minutes serve chili with sour cream and shredded cheese",5.6,5.8,4.3,5.8,7.0,5.0
44030,easy soft breadsticks,"flour, sugar, baking powder, salt, milk, butter, sesame seeds","mix flour , sugar , baking powder and salt slowly add milk to form a soft dough knead on a floured surface 4 times roll into 10 inch by 5 inch rectangle cut into 12 sticks put butter in 13x9 baking dish roll breadsticks in butter sprinkle with sesame seeds bake at 425 for 16 minutes , or until golden",5.2,4.0,5.4,5.0,4.5,4.0
20155,creamy potato salad,"potatoes, bacon, celery, onion, sweet pickle relish, mayonnaise, sugar, celery seeds, apple cider vinegar, prepared mustard, salt, hardboiled egg","cook potatoes in boiling , salted water until tender drain well peel and cube potatoes transfer to a large bowl add celery , onion , sweet relish and bacon bits combine mayo , sugar , celery seed , vinegar , mustard , and salt add mayo mixture to potatoes toss lightly to coat potato mixture carefully fold in the chopped eggs cover and chill thoroughly bacon bit use a sharp knife and cut the frozen bacon into long strips about 1 / 4 inch wide turn the bacon and cut the strips into pieces also about 1 / 4 in wide you now have perfect raw bacon pieces to fast fry no need to separate they will separate during cooking perfect bacon bits",4.9,6.6,7.0,7.6,7.0,5.0
184540,peanut butter cup bars,"butter, brown sugar, flour, water, powdered sugar, milk, peanut butter, semi-sweet chocolate chips","preheat oven to 350 degrees mix together 1 / 2 cup butter , brown sugar , flour , and water spread into an ungreased 9x13 inch pan bake for 10 minutes meanwhile , with a mixer , beat together powdered sugar , milk , 1 / 2 cup butter , and 3 tbsp peanut butter spread over warm crust melt together chocolate chips and 3 / 4 cup peanut butter pour over cooled 1st and 2nd layer cool in refrigerator",6.2,2.8,8.0,9.2,5.0,4.2
256429,golden honey chicken,"ketchup, soy sauce, honey, garlic cloves, chicken leg quarters","in a gallon size freezer bag , combine the ketchup , soy sauce , honey , and garlic put chicken in bag and squoosh around to coat in sauce mixture marinate for an hour , or overnight , if desired turn the bag from time to time to coat the chicken evenly with the sauce when you are ready to bake the chicken , arrange it on a well oiled baking sheet if there is any sauce left in the bag , pour it evenly over the chicken in the pan throw the bag away bake the chicken at 375 degrees for 45-60 minutes or use other bone-in pieces , or boneless pieces",5.5,6.4,5.0,6.0,3.8,3.5
373651,caribbean spice islands marinated chicken by clean eating,"coconut water, fresh orange juice, garlic cloves, fresh thyme, fresh ginger, lime, allspice, hot pepper, boneless skinless chicken breasts, olive oil, sea salt, fresh ground black pepper, fruit","prep & freeze: in a bowl , whisk all marinade ingredients together reserve 1 / 4 cup marinade and place into a small resealable plastic bag or container and freeze place chicken in a large resealable plastic bag , pouring in remaining 3 / 4 cup marinade press out excess air while sealing bag tightly , then store flat in freezer 24 hours before eating: remove bags of marinated chicken and reserved marinade from freezer , placing them on a tray leave tray in fridge , allowing chicken and marinade to defrost overnight or for about 24 hours cooking: once chicken has completely defrosted , preheat oven to 400 degrees fahrenheit heat a saute pan over high heat add oil to coat bottom of pan when oil is hot but not yet smoking , place chicken in pan , discarding remainder of marinade from the bag sear chicken for 2-3 minutes and flip breasts season cooked side with salt and black pepper , while searing bottom for an additional 2-3 minutes remove chicken from pan , place on a parchment-lined baking sheet and put in oven roast for 10-12 minutes , or until chicken is fully cooked throughout while chicken bakes , add thawed 1 / 4 cup reserved marinade to tropical fruit in a medium bowl and mix cover and refrigerate until chicken is ready serve chicken with a dollop of fruit mixture",6.8,5.0,4.5,5.0,7.6,6.5
232680,strawberry drink,"frozen strawberries, orange juice, grape juice, sugar, whipping cream, lemon juice",blend strawberries in blender add other ingredients and blend to create a thick liquid serve cold,5.6,1.1,5.0,5.8,4.0,1.5
25215,macaroni and chicken casserole,"butter, flour, milk, chicken broth, american cheese, macaroni, chicken breasts, sweet red peppers, salt, pepper","in large pan , melt butter stir in flour add milk and broth stir until smooth cook and stir for 3 minutes remove from heat and add the cheese stir until melted add macaroni and next 4 ingredients pour into 3 quart baking dish bake , uncovered at 350f for 40 minutes remove from oven and let sit for 5 minutes before serving",4.8,6.0,6.5,7.4,5.8,5.0
83890,sopa de albondigas,"onion, garlic, cooking oil, water, beef broth, tomato paste, potatoes, carrots, egg, cilantro, salt, dried oregano, pepper, ground beef, long grain rice","in a large saucepan cook onion and garlic in hot oil until onion is tender but not brown stir in water , broth and tomato paste bring to a boil add potatoes and carrots simmer 5 minutes meanwhile combine egg , cilantro or parsley , salt , oregano and pepper add ground beef and rice and mix well form into 1-inch meatballs add , a few at a time , to the simmering soup when all meatballs are added , bring soup back to boiling reduce heat and simmer about 30 minutes , or until meatballs and vegetables are done",5.5,5.8,4.3,5.4,8.0,5.5
38746,crusty whole wheat italian bread,"water, light brown sugar, ground ginger, salt, bread flour, whole wheat flour, active dry yeast, cornmeal","----forbread machine---- add all ingredients except cornmeal to bread machine pan in the order recommended by your machine's manufacturer select dough cycle and start machine ----conventionalmethod---- in large bowl , dissolve yeast , brown sugar , and ginger in warm water let stand 5 minutes until yeast foams add salt and bread flour beat well stir in whole wheat flour to make a stiff dough turn out onto lightly floured board and knead 10 minutes or until dough is springy , smooth and satiny wash bowl , grease it , and add dough to bowl turn over to grease top let rise in a warm place until doubled in bulk , about 1 hour ----shapingand baking---- lightly oil or grease a 14x17"" baking sheet and sprinkle with cornmeal set aside punch down the dough divide in half and , on a lightly floured surface , shape into long loaves , rolling each piece first into a 5x12"" rectangle , then rolling each up along the long side to make a long , narrow loaf pinch edges to seal , and taper ends place loaves , seam side down , on prepared baking sheet let rise until doubled , about 45 minutes make 4-5 slashes across each loaf with sharp knife or razor blade brush each loaf with water and sprinkle with whole wheat flour bake in a preheated 400 degree f oven for 15-20 minutes , until loaves are browned and crisp remove to a wire rack to cool completely you could also make this into one large oblong loaf or a round loaf , but baking time would need to be increased",5.8,4.2,1.8,4.0,5.2,6.5
238556,easy avocado burrito,"wheat flour tortillas, tomatoes, avocados, salsa, monterey jack cheese","chop the tomatoes and avocados make sure there is about an equal amount of both avocado and tomato put the tomatoes and avocados in a bowl and mix in your favorite salsa i like to use about 1 / 4 cup of salsa , but depends on your preference how much you add set aside heat tortilla on a pan flip and then sprinkle on some of the pepper jack cheese once the cheese has melted take off the pan and onto a plate spread a thick or thin amount of the avocado , tomato and salsa mixture roll like a burrito and enjoy !",5.5,5.0,4.8,5.6,3.6,2.3
85222,passover pizza souffle,"butter, matzos, water, tomato sauce & mushrooms, onion powder, garlic powder, american cheese, eggs, milk",lightly butter a 9 x 13 inch pan wet the matzos lightly with water fit 2 1 / 2 matzos on the bottom of the pan cover the matzos with half of the tomato sauce and arrange the sliced cheese over the sauce cover the cheese with the remaining matzos and pour the remaining sauce over the whole thing sprinkle the top with onion and garlic powder beat the eggs with the milk and pour this over the matzos bake in a preheated 375 degree f oven for 30 minutes or until the custard is set let rest for 10 minutes before cutting into serving portions,4.8,6.2,5.8,6.8,5.5,4.2
274464,garlic  shrimp angel hair,"angel hair pasta, butter, all-purpose flour, half-and-half cream, parmesan cheese, pesto sauce, garlic, worcestershire sauce, hot pepper sauce, salt, pepper, broccoli florets, medium shrimp","cook the pasta according to the package directions meanwhile , in a large saucepan , melt 4 1 / 2 tsp butter over medium heat stir in flour until smooth gradually add cream bring to a boil cook and stir for 2 minutes or until thickened stir in the grated parmesan cheese , pesto sauce , 1 t garlic , worcestershire sauce , hot pepper sauce , salt , and pepper keep warm over low heat in a large skillet , saute broccoli in remaining butter for 5 minutes add shrimp and remaining garlic cook and stir until shrimp turn pink stir in the cream sauce drain pasta add to shrimp mixture and toss to coat",6.1,6.2,7.2,8.0,7.4,5.8
82676,cottage cheese meatloaf,"ground beef, cottage cheese, egg, quick oats, catsup, prepared mustard, instant minced onion, salt, pepper, parmesan cheese","combine all ingredients except parmesan cheese mix ingredients lightly till well blended press lightly into an 8 by 8 pan cover with waxed paper & microwave on high for 12 to 14 minutes , turning dish once drain fat , if needed sprinkle top with parmesan cheese & cook uncovered on high for 1- 2 minutes or till cheese melts let stand 5 minutes before serving",4.0,5.8,6.0,6.6,5.8,3.2
119092,delicious ground beef pizza casserole,"lean ground beef, onion, green pepper, garlic, salt, parmesan cheese, pepperoni, sliced mushrooms, pasta sauce, rigatoni pasta, mozzarella cheese","grease a 13x9-inch baking dish cook the gound beef in a medium skillet with the onions , green peppers , garlic , salt pepper until meat is browned and veggies are tender drain fat , and mix in the parmesan cheese stir in the 1 / 2-pound pepperoni , mushrooms , pasta sauce stir well until combined simmer for 20-25 minutes on top of stove set oven to 350 degrees place the cooked rigatoni pasta on the bottom of the greased baking dish sprinkle with 2 cups mozzarella cheese over the pasta layer with pepperoni slices evenly over the cheese top with the ground beef / pasta sauce mixture bake uncovered for 30 minutes remove from oven , sprinkle with the remaining 2 cups mozzarella cheese return to oven and bake for 10 minutes longer , or until bubbly let stand for 10-15 minutes before serving",5.2,7.4,7.2,8.4,6.5,6.0
93267,grilled veggie shish kabobs,"light soy sauce, olive oil, worcestershire sauce, dry mustard, salt, parsley, thyme, oregano, ground pepper, garlic, fresh ginger, honey, pineapple juice, cherry tomatoes, japanese eggplants, mushrooms, onions, yellow peppers, yellow squash, zucchini, pineapple chunks","marinade: blend all ingredients together in blender for 1 / 2 minute pour in a zip lock bag with all ingredients and refrigerate for 1 hour arrange vegetables on skewers , grill on medium high flame turning and brushing with marinade for 10 minutes or until cooked",7.8,6.4,5.0,3.8,9.8,5.2
108068,velveeta macaroni and cheese,"macaroni, margarine, all-purpose flour, milk, velveeta cheese, salt and pepper","preheat oven to 350 degrees cook macaroni according to directions and drain melt margarine in a large saucepan add flour and whisk together whisk in milk and cook over medium heat until mixture starts to bubble and thickens stir constantly add chunks of velveeta and allow to melt salt and pepper to taste pour macaroni into a 13x9 oblong baking dish pour sauce over macaroni bake in the oven for 20 minutes , then put extra slices of cheese on top bake for another 5 minutes until cheese melts allow to cool for a few minutes , then serve",4.8,6.8,7.4,8.2,4.2,4.8
322923,fantastic chip dip,"dried onion flakes, onion powder, beef bouillon granules, dried parsley, dried celery flakes, salt, sugar, black pepper, garlic powder, sour cream, cream cheese","mix all spice ingredients add to sour cream , and mix well cover and refridgerate for at least 2 hours stir to blend just before serving with chips",4.3,7.6,7.5,8.0,6.8,1.8
20154,simply delicious meatloaf,"ground beef, italian style breadcrumbs, egg, campbell's golden mushroom soup, water","mix beef , bread crumbs and egg thoroughly in medium baking pan shape firmly into 8- by 4-inch loaf bake at 350f for 30 minutes spread 1 / 2 can soup over top of meat loaf bake 30 minutes more or until meat loaf is no longer pink in small saucepan mix 2 tablespoons drippings , remaining soup and water heat through serve with meat loaf",4.2,5.8,5.8,6.6,3.5,3.4
180182,vanilla biscuits  cookies,"butter, sugar, flour, sultanas, egg, baking powder, vanilla essence","cream butter , sugar and essence add egg then add dry ingredients roll into balls place on cold greased trays press down with a fork bake 15-20 minutes at 190 degrees or 12-15 minutes for me because i have and aga",5.1,1.9,6.0,6.5,4.6,3.8
113106,quinoa casserole,"quinoa, water, hot pepper sesame oil, onion, garlic, curry powder, celery, broccoli, tomatoes, soy sauce, rice vinegar","preheat oven to 350f roast rinsed quinoa in a skillet until it pops place in casserole dish and add water heat oil and saute onions , garlic , and curry in skillet until onions are translucent add celery , broccoli , and tomato saute briefly and add to quinoa add soy sauce and vinegar cover casserole dish and bake for 45 minutes",5.2,6.0,4.0,4.4,6.8,5.0
40542,plum kissed pear jam,"pears, plum, powdered fruit pectin, sugar","in a kettle , combine pears and plums stir in pectin bring to a full rolling boil over high heat , stirring constantly stir in sugar return to a full rolling boil boil for 1 minute , stirring constantly remove from the heat skim off foam pour into jars or freezer containers and cool to room temperature , about 1 hour cover and let stand overnight or until set , but not longer than 24 hours refrigerate or freeze",4.8,1.0,1.0,5.0,2.8,4.5
25948,quick and easy pumpkin pie bars,"yellow cake mix, butter, eggs, canned pumpkin puree, evaporated milk, brown sugar, pumpkin pie spice, sugar, ground cinnamon, whipped cream","combine cake mix from box , melted butter and one of the eggs beat until combined set aside one cup of the cake-mix mixture spread remaining cake mix mixture in an ungreased 13x9-inch baking pan press to form an even crust in medium mixing bowl , beat together the remaining eggs , the pumpkin , evaporated milk , brown sugar and the 2 1 / 2 teaspoons pumpkin pie spice pour the pumpkin mixture over crust in prepared pan combine the reserved cake-mix mixture , the sugar , the 2 tablespoons softened butter and the cinnamon dot evenly over the pumpkin mixture bake in a 350 oven for 45 to 50 minutes or until done when tested with toothpick cool in pan on wire rack cut into 16 squares and then into triangles serve with whipped cream with additional pumpkin pie spice sprinkled on top",6.2,2.7,6.5,8.0,6.2,5.2
215204,fantastic marinade for grilled shrimp,"olive oil, tomato sauce, red wine vinegar, black pepper, seasoning salt, cayenne pepper, fresh cilantro, fresh garlic cloves, hot sauce, shrimp","in a large bowl whisk together all ingredients until well blended , adjusting the seasoned salt , cayenne and hot sauce to taste add in the garlic pieces add in the uncooked shrimp to the bowl and toss to coat with the marinade cover and refrigerate no more than 1 hour remove the shrimp and discard marinade grill over medium heat until no longer pink",6.2,6.5,5.5,4.8,6.5,3.8
214804,chicken  mango and chickpea burgers,"chickpeas, lean ground chicken, mango chutney, onion, curry powder","chop chickpeas in food processor add chicken , chutney , chopped onion and curry powder form into patties cook 4 - 5 minutes each side on oiled bbq plate or in frypan serve with more chutney or chilli sauce or sour cream",5.4,4.2,4.5,5.4,3.6,3.5
316270,baked stuffed tomatoes,"tomatoes, olive oil, fresh parsley, scallion, garlic clove, dry breadcrumbs, swiss cheese","preheat oven to 325 degrees fahrenheit slice off top of tomatoes using a spoon , hollow out the tomatoes keeping around an inch of tomato ""meat "" around the bottom and sides discard pulp turn tomatoes upside down on paper towel to drain in a saucepan , heat oil , parsley , scallions , garlic , and breadcrumbs mix together until just heated through and moist place tomatoes in well oiled casserole dish fill with stuffing top each with a tablespoon of cheese brush tomatoes with oil bake for 45 minutes or until cheese is golden brown and tomatoes look done , baste with oil occasionally or when needed i would recommend adjusting the amounts according to what you have read or personal preferences",7.0,5.2,5.2,5.2,5.0,5.0
136048,shells n cheese taco casserole,"ground beef, salt, pepper, garlic powder, chili powder, cumin, onion, taco seasoning mix, picante sauce, water, stewed tomatoes, macaroni shells and cheese, cheddar cheese, paprika, oregano, lettuce, cheese, sour cream, black olives, chopped tomato, jalapeno","in deep frying pan , cook beef , and onion til done drain grease stir in taco seasoning , picante sauce , water and stewed tomatoes break up tomatoes simmer at least 10 minutes til water has evaporated and sauce is thickened meanwhile , in saucepan make shells and cheese according to package directions , using lowest time alotted for cooking of shells fold shells and cheese mixture into beef mixture pour into greased casserole dish i used a 1 quart glass baking dish just slightly smaller than my 13x9 one top evenly with shredded cheese sprinkle cheese with paprika sprinkle lightly with oregano using about 1 / 2 teaspoons bake in 350 oven , uncovered for 20 minutes , or til hot top each serving with shredded lettuce , more shredded cheese , sour cream , and sprinkle with black olives , chopped tomato and jalapeno rings if desired",5.8,7.2,7.2,8.2,9.8,6.0
115826,stir fry bok choy,"bok choy, olive oil, chicken broth, onion, red pepper flakes, lemons, juice of, garlic cloves, minced ginger, salt","get wok hot add olive oil , onion , ginger , garlic , salt and red pepper flakes , saute for a few minutes add chicken broth and lemon juice add bok choy and stir on high till done",5.6,5.2,4.0,2.8,6.0,3.2
183606,marinara,"crushed tomatoes, olive oil, kosher salt, dried oregano, sugar, onions, black pepper, fresh basil, garlic","in a large sauce pan saute olive oil , onions , and garlic until soft add salt , pepper , oregano , and basil , stir add tomatoes and sugar slowly bring to a boil then simmer covered over low heat 2 1 / 2 to 3 hours makes 10 cups freezes well",4.8,4.8,4.5,3.8,5.6,4.8
43286,light  seedless  rye bread,"water, sugar, dry yeast, buttermilk, butter, brown sugar, salt, rye flour, unbleached white flour, caraway seeds","combine lukewarm water , sugar and yeast and let proof for 10 minutes in mixing bowl , combine buttermilk , melted margarine , brown sugar , salt and yeast mixture add rye flour and mix well add white flour until dough is stiff enough to be turned onto floured board knead for 10 minutes , place in greased bowl , cover and let rise until doubled punch dough down form into 2 round or oblong loaves on cookie sheet , cover and let rise until doubled bake at 400f for 25 minutes remove from baking sheets and cool on racks proceed with the recipe as stated",5.8,4.5,3.5,4.5,6.0,6.6
53447,garlicky hummus,"garlic, garbanzo beans, lemon juice, extra virgin olive oil, part-skim ricotta cheese, salt, fresh ground black pepper, paprika, allspice, fresh parsley","preheat oven to 425 wrap garlic heads in aluminum foil cook in oven until very soft , about 30 minutes remove from oven , and allow to cool in the foil when cool , cut each head in half horizontally , and squeeze cloves into the bowl of a food processor add remaining ingredients , and puree until smooth add up to 2 tablespoons water if mixture is too thick refrigerate in an airtight container , up to 3 days , until ready to serve great served with pita chip or crackers",5.3,4.6,5.0,5.4,6.0,4.2
111021,french soupe au pistou,"green beans, yellow onions, potatoes, tomatoes, chicken stock, white beans, vermicelli, fresh basil leaf, parmesan cheese, extra virgin olive oil, fresh garlic","in a heavy pot , combine green beans , onions , potatoes , tomatoes and stock bring to a boil , then simmer until beans and potatoes are crisp tender add the cooked white beans with their cooking water and vermicelli , and simmer until the vermicelli is just tender combine the basil , cheese , oil and garlic in a blender or processor , and puree stir this paste into the soup , bit by bit adjust seasoning if necessary after the sauce has been added , the soup may be warmed , but not boiled serve with hot or toasted slices of french bread to freeze: prepare soup up to the point of adding pesto cool place in a rigid freezer container seal place pesto in a freezer bag seal attach to the top of the freezer container with tape label and freeze to serve: thaw in fridge reheat soup on stovetop until boiling turn down heat and add pesto to taste enjoy for vegetarian use vegetable broth and a vegetarian parmesan cheese",6.0,5.2,4.4,4.8,6.8,5.6
88044,chicago style stuffed spinach pizza,"active dry yeast, sugar, warm water, vegetable oil, flour, olive oil, garlic, crushed tomatoes in puree, dried oregano, dried basil, salt, fresh ground black pepper, frozen chopped spinach, mozzarella cheese, fresh mushrooms, parmesan cheese, romano cheese","crust: dissolve yeast and sugar in water in a large bowl let stand until bubbly stir in oil then stir in 4 cups of the flour until smooth add additional flour as needed to form a stiff dough lightly flour the work surface knead dough until smooth and elastic , about 7 to 10 minutes put into a greased bowl turn to coat top then let rise , covered , in a warm place until doubled , about 1 hour sauce: heat oil in a large saucepan over medium-high heat add garlic , cook 2 minutes stir in tomatoes , oregano , basil , salt and pepper simmer until very thick , about 30 minutes or so filling: mix spinach , mozzarella , mushrooms , parmesan , romano , garlic , olive oil , basil , salt and pepper in a large bowl heat oven to 450 punch down dough let rest 10 minutes lightly oil a 12-inch pizza pan that is at least 2"" deep roll two-thirds of dough into a 16-inch circle let sides overhang the pan put the spinach mixture into center of dough smooth evenly over the surface roll the remaining dough on a lightly floured surface to a 12-inch circle place over the spinach filling then pinch the edges together and cut excess dough at the edges so that the bottom dough is level with the top crust pour sauce over the dough to cover bake until crust is golden , 20-40 minutes let stand 10 minutes before slicing into wedges for serving ice cold beer or root beer is great with this pizza",6.5,6.6,6.8,8.2,9.0,8.0
71496,red cabbage  feta   olive salad,"red cabbage, onion, tomatoes, pimento stuffed olive, feta cheese, olive oil, white wine vinegar, ground cumin, garlic, salt, cracked black pepper","combine vegetables and feta cheese in bowl large enough to allow tossing combine dressing ingredients in container with tight-fitting lid shake well pour over salad just before serving and toss well refrigerate leftovers , and use within one day",7.2,6.2,4.5,4.2,6.8,2.2
101998,simple easy stuffed roast chicken with gravy  for beginners,"chicken flavor stuffing mix, hot water, butter, water chestnuts, onion, poultry seasoning, chicken, salt & fresh ground pepper, aluminum foil, chicken giblets, water, salt and pepper, flour","preheat oven to 400f empty contents of stuffing box , both the bread crumb and seasoning envelopes , into a medium bowl add hot water and butter stir to mix add chopped water chestnuts , onion and poultry seasoning , mix thoroughly and set aside check inside the chicken for giblets , remove and set aside rinse chicken inside and out with cold running water dry thoroughly inside and out with paper towel sprinkle salt and fresh ground pepper inside the cavity and all over the outside place chicken in a roaster loosely pack the stuffing mix into the main cavity and any left into the neck cavity folding the skin over it if necessary secure the neck skin with a pick take a length of kitchen string and tie the ends of the legs as close together as possible rub the butter all over the outside of the chicken making sure to cover the whole outside surface take two lengths of aluminum foil , place one piece over the chicken lengthwise , take the other piece and place it sideways over the first piece tuck the foil tightly to the chicken so it is touching the bottom of the roaster but not under the bird if the bird is not completely covered use a third piece to finish covering place the roaster on the middle rack of the oven and roast at 400f degrees for 15 minutes reduce the heat after 15 minutes to 350f degrees and roast for approximately 2 hours at about 2 hours , carefully lift the aluminum foil and poke the chicken with a fork , if the juice runs clear , remove the foil and roast a further 30 minutes to brown the skin to golden if the juice is not yet clear , roast a little longer and check again once the chicken is well browned , remove to platter , cover with foil and let rest in the meantime , if you wish to make giblet gravy , take the giblets , place in a saucepan , cover with water , add salt and pepper and a little poultry seasoning if you wish , bring to boil , reduce heat and simmer for at least an hour remove to strainer , reserving liquid chop the giblets and pick any meat off neck bones , add to a blender and add the liquid blend to liquefy level , add 3 or 4 tablespoons flour or corn starch and blend to mix well pour off as much fat as possible from the roaster , take a whisk and move up any bits and pieces of stuffing / chicken stuck to the bottom , remove any large pieces of skin , add the giblet mix from the blender , whisk around place in 450f to 500f degree oven until bubbly , about 10 minutes add a small amount of hot water if necessary if it is too thick until it is the consistancy you want , cook another 5 minutes whisk and pour into gravy boat and serve hot with the roast chicken gravy can also be made without the giblets , just whisk up the brown bits in the roaster and add 1 cup of hot water and make a slurry of cold water and either flour or corn starch , add the slurry and whisk , cook the same as above adding a little more water if necessary",6.2,6.0,6.8,7.8,7.0,7.2
24236,rosemary parmesan acorn squash wedges,"acorn squash, olive oil, lemon juice, garlic cloves, fresh rosemary, parmesan cheese, salt and pepper","cut squash halves lengthwise into 1 / 2 inch wedges peel wedges and cut in half crosswise combine oil , lemon juice , garlic and rosemary in a large bowl add squash and toss to coat place in single layer on a baking sheet bake at 450 for 15 minutes turn wedges and bake anothe 15 minutes or until golden sprinkle with cheese and salt& pepper",6.2,5.0,4.5,4.5,4.8,3.8
59009,pink spaghetti,"spaghetti noodles, tomato sauce, cream cheese, garlic clove, chicken bouillon cube, deli ham","cook spaghetti according to package directions in blender add tomato sauce , cream cheese , garlic , and bouillon blend until cream cheese is smooth pour spaghetti into a strainer and return pasta pan to stove on medium heat pour sauce into pan and let cook for about 5 minutes add in the ham add the spaghetti back to pan and mix everything together",4.7,6.6,5.6,6.5,4.2,3.2
21205,italian black bean   zucchini risotto,"olive oil, long-grain white rice, salt, black beans, zucchini, chunky salsa, low-fat cheddar cheese, fresh cilantro, light sour cream, green onion","in large deep skillet over medium heat , heat oil add rice stir to coat with oil stir in 4 cups water and salt bring to a boil reduce heat cover and simmer about 15 to 18 minutes , until most of the liquid is absorbed stir black beans , zucchini , salsa , 1 cup cheese and cilantro into rice mixture cover cook about 8 minutes , until zucchini is tender sprinkle with the remaining 1 / 2 cup cheese remove from heat , cover and let stand 4 minutes , until cheese is melted serve with sour cream and green onions",5.7,6.0,4.5,5.8,6.5,4.6
154899,dee s tuna salad,"iceberg lettuce, tuna, cucumber, celery, tomatoes, green onions, salt and pepper, miracle whip, hard-boiled eggs",chop lettuce peel and chop cukes chop tomato and onion finely slice celery drain tuna peel and chop eggs add all ingredients toss together,5.0,5.4,5.5,5.2,5.6,2.0
171094,german lentil salad  linsensalat,"lentils, carrot, garlic cloves, parsley, olive oil, vinegar, white wine, mustard, cinnamon, sugar, pepper, salt","cook the lentils in salted water for 20 minutes or until they are soft put all the dressing ingredients into a small jar , cover with the lid , and shake until they are well-combined chop the carrots into tiny cubes , and saut the carrots and minced garlic lightly in olive oil remove the pan from the heat and add the parsley and the lentils , and toss them with the dressing and serve at room temperature",5.5,5.0,4.2,4.6,7.0,4.2
393794,fall apart tender pork chops,"vegetable oil, boneless pork loin chops, sliced mushrooms, minced garlic cloves, salt, dried oregano, dried basil, ground black pepper, flour, dry white wine, cream, chicken broth","heat oil in a large skillet over medium-high heat add chops and brown all over arrange chops in a 13"" x 9"" baking dish add mushrooms to drippings in the skillet and cook over medium-high heat without stirring for 3 to 4 minutes stir in garlic , salt , oregano , basil and pepper sprinkle flour over mushrooms and stir to moisten pour in wine and bring to a boil add cream and chicken broth , simmer , stirring , to thicken pour over chops cover tightly with a double layer of foil bake at 350 for 2 to 2 1 / 2 hours until pork chops are fork tender",5.4,5.4,6.8,8.0,7.4,5.8
222206,linda s veggie and cream cheese stuffed celery,"celery, cream cheese, milk, dry vegetable soup mix","wash , and cut the celery dry celery stalks with a paper towel cut into 3"" pieces , and set aside put cream cheeses into a glass bowl put in microwave for 45 secs , until soft add milk and cream together start with 1 t and add more , if needed to make a creamy texture add vegetable soup dip mix , and mix well stuff celery with cream cheese mixture put in a plastic container or on a serving plate , wrap , and put in refrigerator for at least 1 hours serve",5.5,6.0,6.5,6.0,3.0,2.2
305261,truck stop pancakes,"eggs, milk, butter, buttermilk, all-purpose flour, baking powder, baking soda, salt, sugar","in a large bowl , whisk together the eggs , milk , butter and buttermilk combine the flour , baking powder , baking soda and sugar stir into the wet ingredients just until blended adjust the thickness of the batter to your liking by adding more flour or buttermilk if necessary heat a large skillet over medium heat , and coat with cooking spray pour 1 / 4 cupfuls of batter onto the skillet , and cook until bubbles appear on the surface flip with a spatula , and cook until browned on the other side continue with remaining batter",5.5,3.5,5.5,6.0,5.5,3.5
351322,comforting cold and flu tea,"water, fresh ginger, sage leaves, rosemary sprigs, fresh thyme sprigs, lemon, juice of, cinnamon sticks, honey","place all ingredients in a large pot bring to a boil turn off heat and steep for about 10 minutes strain into a pitcher stir in honey while still warm store pitcher in refrigerator reheat one cup at a time in the microwave , adding more honey to taste , if desired drink twice a day , breathing steam through nose , for maximum benefit",4.0,1.0,1.0,1.8,5.5,2.2
54200,chilled moroccan tomato soup,"tomatoes, celery, scallion, tomato juice, orange juice, olive oil, garlic, ground cumin, paprika, ground cinnamon, fresh lemon juice, hot pepper sauce, salt","in a large plastic refrigerator container , mix together the first 5 ingredients stir to mix using a small skillet , over low heat , warm the olive oil saute the garlic , cumin , paprika , and cinnamon , stirring constantly , for 1 minute be careful not to scorch add the spice mixture to the soup add lemon juice , hot sauce , and salt to taste refrigerate for 4 hours before serving",5.8,4.8,3.0,2.6,7.5,3.5
62058,italian peasant bread for bread machine,"water, olive oil, flour, salt, sugar, rosemary, yeast","place ingredients , according to manufacturer's directions into your bread machine set machine to ""dough cycle"" and wait remove from machine when cycle is complete and place on a lightly greased baking sheet shape dough by hand , into a rectangular mound , spreading kind of thin , maybe an inch or two of thickness cover and let rise in a warm place for about an hour or until doubled in size brush with a little olive oil , sprinkle with rosemary and salt if desired bake at 375f for 20-25 minutes until crust is golden and crispy bread is meant to be a flatter shape and not a high rising bread have everyone tear their pieces of bread with their hands , and serve with olive oil flavored with fresh ground pepper",5.8,4.8,3.5,4.2,4.8,5.4
103254,carrot and raisin salad with pineapple,"raisins, carrots, crushed pineapple, salad dressing, lemon juice, salt, sugar","toss raisins , carrots , and pineapple together lightly set aside stir together mayonnaise , lemon juice , salt and sugar and add to the raisin mixture refrigerate until served",5.3,3.2,5.5,5.0,4.5,1.8
110938,south beach diet s mocha ricotta creme phase i,"part-skim ricotta cheese, unsweetened cocoa powder, vanilla extract, sugar substitute, espresso powder, mini chocolate chips","mix together the ricotta , cocoa powder , vanilla extract and sugar substitute in a dessert bowl serve chilled with a dusting of espresso powder and sprinkle with the mini chocolate chips",4.2,1.5,3.2,4.0,5.0,1.5
40802,sweet potato and apple salad,"sweet potatoes, tart green apples, dried currant, pecan pieces, orange, juice of, lime, juice of, white wine vinegar, dijon mustard, garlic, salt & freshly ground black pepper, olive oil","mix the sweet potatoes , apples , currants and pecans in a large bowl combine the juices , vinegar , mustard , garlic , salt and pepper in a small bowl whisk together , then add the oil in a thin stream , whisking constantly pour over the salad , toss well to combine well , then refrigerate overnight before serving",5.8,4.0,4.0,4.0,7.2,3.5
119828,oil free tofu mayonnaise,"tofu, vinegar, dijon mustard, soy sauce, dried parsley, garlic powder, salt",combine ingredients in container of blender or food processor process about 1 minute until smooth or beat ingredients together place in a screw-top jar,2.8,5.5,1.5,2.5,5.2,1.5
244176,chicken wings    hot dawgie style,"catalina dressing, hot sauce, chili powder, chicken wings, paprika, garlic powder, flour, oil, bleu cheese salad dressing, celery ribs","mix catalina , texas pete , and chili powder into large bowl and set aside in another large bowl toss wingettes with paprika and garlic powder place flour in a plastic grocery bag add wingettes to the bag , twist shut and shake or 'knead' the bottom to coat wings shake off excess flour from wingettes , and drop wingettes into hot oil , enough to fill the pan do in batches cook about 12-15 min until done place immediately into bowl of dawgie wing sauce and toss to coat transfer wings to a serving platter and keep warm continue with rest of chicken serve with ranch dressing and celery stalks",5.5,6.8,9.0,8.0,7.0,6.0
226130,three bean and beef chili   light,"olive oil, onion, red bell pepper, carrots, ground cumin, 90% lean ground beef, crushed tomatoes, water, chipotle chile in adobo, adobo sauce, dried oregano, salt & freshly ground black pepper, black beans, kidney beans, pinto beans","heat the oil in large pot or dutch oven over moderate heat add the onion , bell pepper and carrots , cover and cook , stirring occasionally until the vegetables are soft , about 10 minutes add the cumin and cook , stirring , for 1 minute add the ground beef raise the heat to high and cook , breaking up the meat with a spoon , until the meat is no longer pink stir in the tomatoes , water , chipotle and adobo sauce , oregano and salt and pepper cook , partially covered , stirring from time to time , for 30 minutes stir in the beans and continue cooking , partially covered , 20 minutes longer season , to taste , with salt and pepper",4.8,5.5,3.5,5.5,8.5,5.5
265467,roasted delicata squash wedges,"delicata squash, nonstick cooking spray, brown sugar substitute, cinnamon, salt, chili powder, cayenne, ketchup","preheat the oven to 425 degrees f wash the squash thoroughly cut the hard ends off each squash , and cut them in half using a spoon , scoop out the seeds and strings cut each half into 3 or 4 wedges place the squash wedges skin down on a cookie sheet spray with cooking spray and sprinkle on your seasonings roast in the oven for 40 minutes",5.0,3.5,2.0,2.8,5.0,3.0
449610,best ever fresh sweetcorn salad,"corn, red onion, roasted red pepper, apple cider vinegar, olive oil, salt, black pepper, fresh basil leaf","fill a large pot with salted water and bring to a boil break each ear of corn in half so it will fit in the pot , and cook until tender and the starchiness is just gone drain and immediately immerse the ears of corn in a bowl of ice water to stop the cooking and to set the color when the corn is cool , cut the kernels off the cob , cutting close to the cob toss the kernels in a large bowl with the red onions , roasted red peppers , vinegar , olive oil , salt , and pepper just before serving , toss in the fresh basil if you add the basil too early and let the salad sit for a long period of time before serving , it will wilt and darken taste for seasonings and serve cold or at room temperature",6.0,4.2,3.5,3.0,5.8,3.8
96250,chef salad for two,"iceberg lettuce, tomatoes, hard-boiled eggs, green bell pepper, red bell pepper, deli ham, sharp cheddar cheese, paprika","in medium sized bowl , tear lettuce into bite size pieces add tomatoes and peppers and toss well to distribute evenly throughout the lettuce place salad into small salad or cereal bowls , until as full as you want and mounded up a little in the center on to top of lettuce , in bowls , add the ham strips in a cross bowl design place cheese strips between ham strips or in your design on to top , interspersed with ham and cheese strips , add egg slices , 3-4 per bowl , for color sprinkle paprika in center , for additional color place finished bowls of salad in refrigerator to chill , and blend flavors , at least 30 minutes place leftover salad , if any , in covered bowl and save for next time gather up unused slices of ham , cheese and egg , and refrigerate for next time serve salads plain , or with any dressing and / or seasonings you enjoy",6.0,5.8,4.5,5.0,5.8,3.0
97267,snappy tilapia skillet,"olive oil, onion, garlic, diced tomatoes with green pepper and onion, salsa, tilapia fillet","heat oil in a 12 inch skillet cut onion into 1 / 4 inch slices , then cut each slice in half add onion and garlic to skillet and cook 2 minutes to soften add tomatoes and salsa , bring to a boil and cook for 2 minutes add tilapia , reduce heat slightly , cover and cook for about 5 minutes or until fish flakes easily place fish on serving plate and spoon tomato-salsa mixture on top",5.2,5.2,3.5,4.0,4.8,3.0
64241,mexican smoked chile marinade,"fresh orange juice, fresh lime juice, canned chipotle chiles, juice, garlic, orange zest, dried oregano, cumin seed, wine vinegar, fresh ground pepper, salt","combine the orange juice and lime juice in a saucepan and boil until only 1 / 2 cup liquid remains place this and the remaining ingredients in a blender and pure to a smooth paste spread this paste on the food to be marinated marinate seafood for 2 hours , poultry for 4 hours , and meat overnight , turning once or twice marinated food may be sauted on the stove top , broiled on a charcoal grille , or roasted or broiled in the oven makes 1 cup of marinade , enough for 1 1 / 2 to 2 pounds of seafood , poultry or meat",3.0,5.0,1.2,2.0,7.0,3.5
17244,apple cream dream sandwich,"pumpernickel bread, cream cheese, apples, raisins, pecans, celery, shredded cheddar cheese","toast bread lightly first spread bread slices with cream cheese place apple slices on top of the cream cheese on one of the toast slices sprinkle raisins , pecans , celery , and cheese to taste on the other piece of toast , pressing a little so these items stick to the cream cheese a bit put sandwich together , securing with a toothpick",4.8,3.8,4.5,5.2,5.0,2.0
80652,fruited irish oatmeal,"water, steel cut oats, apple juice, dried cranberries, golden raisin, dried apricot, maple syrup, ground cinnamon, salt, brown sugar, walnuts, milk","add the water , oats , apple juice , cranberries , raisins , apricots , 1 / 4 cup maple syrup , cinnamon , and salt to a 4-quart slow-cooker stir to combine cover and cook on low for 6-7 hours serve with brown sugar or additional maple syrup , chopped nuts and milk",4.5,2.5,3.0,4.5,6.8,3.0
471040,lemon vodka,"sugar, vodka","in a saucepan , bring the juice , zest and sugar to a boil stir until the sugar has dissolved cool in a bottle or a sealed glass container , combine the syrup and vodka allow to infuse in a dark area for 7 or more days place a coffee filter in a strainer and filter the alcohol store in the freezer until ready to serve delicious after a winter activity this lemon vodka is served in shot glass , in cocktails and martinis",4.5,1.0,1.0,2.5,2.5,4.0
338715,caramel chocolate coffee,"coffee, caramel ice cream topping, chocolate syrup, cream",stir together serve hot,3.8,1.2,4.5,5.0,3.5,1.2
106627,caramelized butternut squash,"butternut squash, unsalted butter, light brown sugar, kosher salt, fresh ground black pepper","preheat the oven to 400f cut off the ends of each butternut squash and discard peel the squash and cut in half lengthwise using a spoon , remove the seeds cut the squash into 1 1 / 4"" to 1 1 / 2"" cubes , and place them on a baking sheet add the melted butter , brown sugar , salt and pepper with clean hands , toss all of the ingredients together and spread out in a single layer on the baking sheet roast for 45 minutes to 55 minutes , until the squash is tender and the glaze begins to caramelize turn the squash while roasting a few times with a spatula to be sure it browns evenly adjust seasonings if needed serve hot enjoy !",5.2,4.0,5.0,5.2,4.0,4.0
240402,turkey  butter and lettuce sandwich,"white bread, butter, turkey, lettuce",butter bread place turkey and lettuce on buttered bread eat enjoy !,3.5,4.5,5.0,4.0,2.8,1.0
48463,cauliflower bisque,"water, chicken broth, saffron, butter, onions, garlic, cauliflower, salt and pepper, half-and-half","combine chicken broth , water and bring to simmer add saffron to pan , remove from heat , steep for 20 minutes in pot heat butter , add onions , cauliflower , salt and pepper , stir to coat , add saffron broth , simmer for 20 minutes , covered in blender in batches , or with immersion blender puree all , add 3 / 4 c half and half",4.8,5.2,6.2,6.5,5.5,4.5
130753,cake mix cobbler,"pie filling, margarine, yellow cake mix","spread 2 cans any flavor pie filling in bottom of 9 x 13 pan sprinkle with cake mix pour melted margarine over the cake mix bake at 350f for 50 minutes top with cook whip or whipping cream when cooled , if desired",4.2,2.5,6.0,7.2,2.5,2.0
216759,moroccan ramadan couscous with meat and veggies,"turmeric, pepper, ginger, cumin, saffron, paprika, salt, coriander, lamb, olive oil, garlic, onion, water, tomato sauce, red bell pepper, carrots, zucchini, yellow squash, potato, chickpeas, brown sugar, cinnamon, couscous, chicken base, butter","mix all spices in a dish and set aside chop meat into large chunks heat oil brown meat on all sides for 5 minutes add onion and garlic saut for 5 more minutes add water , spices , and tomato sauce cook for 5 minutes add carrots and potato pieces cook for 10 minutes add zucchini and bell pepper to stew cook for 20 minutes add the chickpeas and cook last 5-10 minutes meanwhile , prepare onion topping saut onions to a light brown color add rest of topping ingredients and cook till caramelized and bubbly set aside boil the water for couscous add chicken base and butter add couscous make sure this is the last part of the recipe you make once the couscous is added , leave it alone for 5 minutes fluff couscous with fork time to eat ! serve any way you like i plate the cousouse and top it with as much or as little stew as i want then i add the vegies that i want and top it all off with the sweet onion / raisin topping",6.5,6.0,5.5,7.0,10.0,7.0
107927,reuben sandwich our way,"mayonnaise, catsup, dill relish, sweet pickle relish, dried onion flakes, garlic powder, lemon juice, black pepper, dark rye bread, butter, pastrami, sauerkraut, provolone cheese","in a small bowl , make the dressing: combine the mayonnaise , catsup , relishes , onion , garlic , lemon juice , and black pepper to taste set aside spread butter on one side of each slice of bread heat a large non-stick pan over medium heat and place one slice of bread , butter-side down , in the pan assemble the sandwich: on top of the bread , place the sliced pastrami top meat with a couple of tablespoons of the dressing then spread the sauerkraut over , add some more dressing , top with the cheese , then place the other slice of bread- buttered side up- on top cover the grilling sandwich with a lid and let grill for 2 to 3 minutes , checking to make sure that the bread does not burn- the idea is to heat the air underneath the lid and melt the cheese easier as you're also browning the bread carefully turn the sandwich , re-cover , and grill other side cut the completed grilled sandwich in two and serve with the extra dressing for dipping , along with a dill pickle and potato chips or potato salad",5.5,8.0,7.0,8.0,8.0,5.0
268365,deep fried turkey flavor injector marinade,"orange juice, water, salt, black pepper, onion powder, garlic cloves, paprika, chili powder, cayenne pepper",mix all ingredients in food processor or blender mix until thoroughly blended transfer into flavor injector and inject turkey in several places deep fry turkey as usual,2.0,7.5,1.2,1.8,6.0,2.0
67524,pesto crusted roast salmon,"basil leaves, white breadcrumb, pine nuts, parmesan cheese, garlic, bacon bits, extra virgin olive oil, salt & freshly ground black pepper, salmon fillets, olive oil","to make the crust: combine all ingredients except the olive oil , salt and pepper in a food processor with the processor running , slowly pour in the oil and process until incorporated season with salt and pepper if desired to prepare the salmon: preheat the oven to 400 f spread the pesto crust 1 / 8-inch thick on the salmon fillets in a dry nonstick ovenproof saut pan or skillet over high heat , heat the olive oil and sear the salmon , crust-side down turn the fillets over and place in the oven for 5 to 6 minutes , until cooked through",6.8,6.0,6.5,7.0,7.0,5.5
11217,zucchini salsa  canned,"zucchini, onions, green peppers, red peppers, pickling salt, dry mustard, garlic powder, cumin, white vinegar, brown sugar, red pepper flakes, nutmeg, pepper, tomatoes, cornstarch, tomato paste","day one:in a large bowl combine zucchini , onions , green pepper , red pepper and the salt mix together cover and let stand over night day two next day rinse , drain well and put into a large pot then add mustard , garlic , cumin , vinegar , brown sugar , pepper flakes , salt , cornstarch , nutmeg , pepper , 1 tablespoon salt , tomatoes and tomato paste bring to a boil and simmer for 15 minutes pour into sterilized jars and seal water bath jars for 15 minutes if they have not sealed properly",5.0,7.0,2.0,3.0,9.0,7.0
47677,amish stewed crackers,"butter, milk, ritz crackers","brown butter in a pan , then add milk when hot , pour over crackers & let milk soak inches serve with eggs for breakfast",2.5,4.0,6.0,5.5,2.0,2.0
15059,mud puddles,"butter, creamy peanut butter, sugar, light brown sugar, egg, vanilla extract, all-purpose flour, baking soda, salt, milk chocolate chips, semi-sweet chocolate chips, sweetened condensed milk, peanuts","cream butter , peanut butter and sugars together add egg and vanilla in a separate bowl , stir together flour , baking soda and salt add flour mixture to butter mixture mix well chill for 1 hour shape into 1 inch balls place in lightly greased mini muffin tins bake in 325 degree oven for 14-16 minutes until lightly browned remove from oven and immediately make wells in the center using a melon baller , pressing lightly cool in pans for about 5 minutes before removing to wire racks for further cooling for filling--------------------- melt chocolate chips in a double boiler stir in milk and vanilla mix well carefully fill wells in cookies using a spoon or a small pitcher or pastry bag sprinkle with chopped peanuts",6.2,2.8,7.0,8.5,8.0,6.5
77136,mini smoky bacon wraps,"cocktail franks, bacon, dark brown sugar, ketchup, cayenne pepper",set oven to 350f grease a baking sheet cut each bacon slice into thirds wrap each slice around each of the small smokies place in foil-lined baking pan bake for about 10 minutes meanwhile in a small bowl mix together the ketchup with brown sugar to form a thick mixture remove the cocktail wieners from oven and brush about 1 teaspoon of the ketchup / brown sugar mixture over the wiener place back in the oven and bake until the bacon is lightly crisp,5.5,7.5,8.0,7.5,4.0,4.0
86427,sushi sandwich,"salmon, cream cheese, avocado, lemon juice, wasabi powder, soy sauce, rice vinegar, sesame seeds, rice cakes, pickled ginger","flake salmon or tuna with lemon juice in a medium-sized bowl add cream cheese and stir until the mixture becomes paste-like stir in wasabi powder and soy sauce stir until well combined spread a generous heaping of mixture on each rice cake slice avocados on top sprinkle with sesame seeds drizzle with rice vinegar and a touch of extra soy sauce if you have it , a little pickled ginger with each bite gives the total sushi effect !",5.0,6.5,5.5,5.8,7.0,2.5
370287,gordon ramsays roasted tomato soup,"olive oil, plum tomatoes, white onion, garlic cloves, fresh thyme sprigs, white sugar, basil, vegetable stock, salt & freshly ground black pepper","combine the tomatoes , onion and garlic in a mixing bowl and season with olive oil , salt and pepper lay out on a baking tray and sprinkle with the thyme , basil and sugar roast in the oven at 425 degrees until caramelized pour the tomatoes into a blender and puree while the blender is running , ladle in hot stock to smooth the soup you may not use all of the stock chicken stock may be subsitituted for vegetable stock for garnish , heat 2 tbsp olive oil , lightly saut 4 small clusters of cherry tomatos on the vine serve on top of the soup with 4 basil leaves , thinly sliced",6.0,4.5,4.0,3.5,6.0,4.5
62856,chicken stir fry,"boneless skinless chicken breast halves, cornstarch, soy sauce, garlic clove, oil, broccoli, celery, carrot, onion, chicken stock","cut chicken into 1 / 2 inch strips stir together cornstarch , soy sauce and garlic add chicken strips toss to coat marinate at least 30 minutes heat 2 tablespoons oil in a large skillet stir fry chicken until no longer pink remove and keep warm do not overcook add remaining 1 tablespoons oil to skillet stir fry broccoli , celery , carrots , and onions until done as you like add chicken stock add reserved cooked chicken cook and stir until thickened and bubbly",5.2,6.5,5.0,4.8,6.5,5.0
421114,turbo charged weight loss soup diet,"extra virgin olive oil, carrots, red onions, white onions, celery, garlic clove, diced tomatoes with juice, sweet potatoes, black beans, cabbage, cut green beans, low sodium chicken broth, water, zucchini, baby spinach leaves, edamame, red bell peppers, dried oregano, cumin, salt and pepper","heat oil in large pot over medium-high heat saute carrots , onions , celery and garlic , about 8 minutes or until vegetables soften , stirring occasionnally add tomatoes with their liquid add all remaining ingredients heat to boiling over high heat , stirring occasionally reduce heat to low cover and simmer 20 minutes or until all vegetables are tender",5.0,4.8,2.5,3.5,10.0,5.0
339174,martha stewart s classic mashed potatoes,"yukon gold potatoes, salt and pepper, heavy cream, whole milk, unsalted butter","place potatoes and 2 tbls of salt in a large saucepan cover with cold water by 2 inches , and bring to a boil reduce heat to medium low and simmer until tender , about 10 minutes meanwhile , heat cream , milk and butter in a small saucepan over medium-low heat , stirring occasionally until butter melts drain potatoes and press through a ricer pour warmed cream mixture over potatoes in a slow steady stream and stir until smooth season with salt and pepper and serve immediately or keep warm in a covered bowl over simmering water for up to 2 hours",4.2,5.8,7.5,8.0,4.0,4.0
445989,carne asada burrito  san diego style,"beef, onion, lemon, lime, salt, pepper, tomatoes, onions, jalapeno pepper, cilantro, garlic powder, oregano, chili powder, cumin, avocados, pico de gallo, hot sauce, meat, guacamole, flour tortilla, olive oil, french fries, cheese","meat: lay the meat out flat and season liberally with salt and pepper cut meat into 1 / 4 inch pieces place meat in a zip lock bag and add fine diced onions and lemon / lime juices mix well and refrigerate for at least 30 min , up to 24 hours pico de gallo: fine dice all ingredients and mix well cover and refrigerate , stir occasionally guacamole: place avocado meat in a bowl and mash well with a fork , season to taste by adding remaining ingredients cover with plastic wrap , pressing plastic down on the guacamole to remove any air , and refrigerate carne asada burritos: warm the tortillas in a microwave under a wet paper towel , one at a time or wrap tortillas in foil and place in the oven at 350 for 10-15 minute you want them warm and pliable for wrapping on high heat add a teaspoon of oil to a medium sized skillet when oil begins to smoke add 1 / 4 to 1 / 3 pound of carne asada meat and onions sear the meat until brown on both sides place the meat and onions in the center of a warm tortilla add pico de gallo , guacamole , and fold in the sides to form a burrito serve hot i cook enough for just one or two burritos at a time",6.0,6.2,6.0,8.0,10.0,7.5
188850,wacky chocolate cake,"flour, sugar, baking soda, salt, cocoa, vanilla, vinegar, butter, cold water","mis together the flour , sugar , baking soda , salt and cocoa add vanilla , vinegar , butter and water and mix well pour into lightly greased cake pan bake for 45 minutes at 350 degrees",4.0,2.8,5.5,6.5,5.5,3.0
128796,african style braised chicken in peanut sauce  crock pot,"vegetable oil, chicken pieces, onions, garlic cloves, red chili peppers, curry powder, dried oregano leaves, salt, black peppercorns, condensed chicken broth, tomato sauce, bay leaf, peanut butter, sherry wine, red bell pepper","in a nonstick skillet , heat oil over medium-high heat add chicken , in batches , and brown on all sides transfer to slow cooker stoneware reduce heat to medium , add onions and cook , stirring , until softened add garlic , chili pepper , curry powder , oregano , salt and peppercorns and cook , stirring , for 1 minute stir in chicken broth , tomato sauce and bay leaf and bring to a boil pour mixture over chicken cover and cook on low for 6 hours or on high for 3 hours , until juices run clear when chicken is pierced with a fork in a bowl , combine peanut butter and sherry add a little cooking liquid and stir to blend add to slow cooker along with red pepper cover and cook on high for 20 minutes , until pepper is tender discard bay leaf serve over hot white rice",5.0,6.0,6.0,7.2,9.0,6.0
181870,the clockmaker s caramel coated popcorn  a haunted recipe,"margarine, brown sugar, karo syrup, salt, baking soda, vanilla, popped popcorn","in a large pot , heat the margarine , brown sugar , karo syrup , and salt together over medium heat while stirring , bring mixture to a boil and allow to boil for five minutes remove from heat add baking soda and vanilla mix well pour over freshly popped popcorn stir until the popcorn is well coated enjoy !",4.5,3.2,5.5,6.5,4.5,3.5
328989,cream cheese corn casserole,"oil, onion, butter, cream cheese, whole kernel corn, creamed corn, green chilies, french-fried onions","preheat over to 350 degrees f and grease an 8x8 inch baking dish heat oil in skillet over medium heat and saute onions until translucent in large bowl combine butter and cream cheese stir in corn , cream corn , chilis and onions pour into prepared dish bake in preheated oven for 15 minutes remove from oven and stir in half of the french fried onions and sprinkle remaining onions on top bake 15 minutes longer",4.5,5.8,8.0,8.2,5.5,4.0
86937,savoury onion potatoes,"potatoes, onions, butter, garlic cloves, salt, pepper, nutmeg, dried thyme, parsley, whipping cream, paprika","preheat oven to 350 saut onions in butter until soft in a shallow baking dish layer sliced potatoes and onions , and sprinkle with garlic and seasonings between each layer bake at 350 oven for 40 minutes add whipping cream , sprinkle paprika over top raise heat to 400 and bake 15-20 minutes longer , or until potatoes are soft for a tasty variation try adding 1 / 2 cup peas , 1 / 2 cup ham and 1 / 2 cup grated swiss cheese-- enjoy",4.8,5.2,8.0,8.0,6.8,5.0
107643,apricot rosemary glazed pork loin,"pork loin roast, salt, pepper, apricot preserves, dry sherry, dried rosemary leaves, garlic cloves","preheat oven to 350f remove any excess fat from the roast place roast in a 13x9-inch baking dish that has been sprayed with non-stick cooking spray sprinkle with salt and pepper in a small saucepan , heat the preserves , sherry , rosemary and garlic over medium heat , stirring frequently when thickened , spoon 1 / 4 cup mixture onto pork reserving remainder insert meat thermometer so bake uncovered 1 hour 15 minutes to 1 hour 30 minutes or until the thermometer reads 155f cover pork with foil and allow to stand 15 to 20 minutes or until thermometer reads 160f cut roast into slices heat the reserved apricot mixture and serve with roast",5.8,5.0,4.5,6.0,5.0,5.0
283763,roasted napa cabbage,"vegetable oil, garlic cloves, napa cabbage, salt, pepper","heat the oil in a skillet on low add the garlic cloves and cook very gently for 15 minutes discard the garlic and toss the cabbage with the oil , salt and pepper preheat your oven to 450 place the cabbage on a baking sheet and bake for about 15 minutes or until the tops of the cabbage pieces are browned serve hot",4.5,4.0,4.0,2.5,3.5,3.0
288321,paupiettes de porc   french stuffed pork fillet parcels,"pork escalopes, salt, pepper, pork sausage, onion, mixed herbs, olive oil, shallots, plain flour, sun-dried tomato paste, sweet white wine, fresh mushrooms, dried orange peel, bay leaf, parsley, thyme, sage leaf, string","flatten the pork escalopes or pork steaks with the flat of a large knife salt and pepper generously mix the finely diced onion with the sausage meat and add the herbs - mixing well with your hands season with black pepper place a spoonful of the seasoned sausage meat on each pork escalope one-third of the way down the scallop roll the escalope around the sausage meat , tucking the meat around the stuffing until well rolled taking about two feet of string , place the bundle in the middle of the string , and tie turn one-quarter turn and tie again turn again and tie again when you have a neatly tied packet of pork and stuffing , clip off any excess string and proceed to tie up the rest of the pork escalopes place pork parcels in a single layer in a hot , deep saut pan with olive oil brown on all sides and remove from the pan saut the chopped shallots in the oil left in the pan stir until they start to colour , then add the flour and the tomato paste continue to cook and stir until the mixture starts to colour then add nearly the whole bottle of wine , reserving a glass for yourself if you wish ! place the pork paupiettes back in the pan with the bouquet garni and the sauce , cover , and simmer slowly for forty-five to sixty minutes add the sliced mushrooms and orange zest to the sauce and cook uncovered for another fifteen minutes serve 2 paupiettes per person with plenty of sauce and with a selection of seasonal vegetables , gratin potatoes , rice or pasta to freeze: place them in a plastic container with greaseproof paper in between them , or in a ziplock bag freeze for up to 3 months to defrost: take the paupiettes out the night before you need to cook them and defrost in the fridge cook them as before when they have fully defrosted",6.8,5.8,6.5,7.5,10.0,8.0
118463,pounded pork chop for two,"boneless pork chop, garlic powder, paprika, egg, saltine crackers","if using a thick pork chop , cut through the thick part to make two you want your pork chop to be no more than a half inch thick , and thinner if possible use a piece of plastic wrap to surround the pork place it on a board and place the board on a sturdy surface use a board you don't mind being marked as it might be by the hammer now , have fun take out your aggressions on the pork and pound it thin it should have at least doubled in area beat the egg and spices to create an egg wash place that in a bowl next to a sheet of plastic wrap or waxed paper with cracker crumbs on it take each piece of meat and drag it through the egg wash and then coat with cracker crumbs set aside when the meat is all coated , heat a skillet with some butter / margarine fry each piece of meat until golden brown on both sides and cooked through because the meat is thin this should take no more than about three to four minutes on a side serve",4.8,5.5,6.5,6.0,4.0,4.5
360833,naan chicken pizza,"naan bread, tzatziki, cooked chicken, oregano, red pepper, mozzarella cheese, green onion, salt and pepper",preheat oven to 425 degrees place bread on baking sheets divide the tzatziki sauce over each bread sprinkle some cheese over place an equal amount of the peppers and chicken on the bread add salt and pepper to taste sprinkle remaining cheese on top bake 10-15 min or until desired crispness is reached keep an eye on them after 10 minute so they don't burn sprinkle desired amount of green onions to finish,5.5,5.8,5.0,5.8,5.5,3.5
334656,secret recipe chocolate chip cookies,"quick-cooking rolled oats, all-purpose flour, baking soda, salt, butter, brown sugar, white sugar, vanilla extract, lemon juice, eggs, semi-sweet chocolate chips, nuts","preheat oven to 350 degrees the original recipe suggests lining the baking sheets with parchment paper i use my silicone liners but they have also turned out great without using any lining at all combine oats , flour , baking soda , and salt in a mixing bowl in a larger bowl cream butter , sugars , vanilla and lemon juice , using an electric mixer add eggs and beat until light and fluffy stir the flour mixture into the egg mixture , blending well add the chips and nuts , mix well place dough by rounded tablespoons onto cookie sheet about 1-2 inches apart bake the cookies until lightly browned , about 10 minutes remove from cookies sheets after a couple minutes when completely cooled store in a sealed container to keep them soft and chewy in fact i think they are even better the second day",5.0,2.8,6.8,7.5,7.0,5.5
267749,beef tips and noodles,"boneless chuck roast, onion, beef bouillon cubes, water, garlic powder, onion powder, worcestershire sauce, cornstarch","trim meat of fat and cut into bite sized pieces brown meat in pan , seasoning with garlic and onion powders meanwhile , bring 3 cups water to a boil in a big pot and add bouillon cubes to make a broth add chopped onion and worcestershire sauce to broth when meat is done , add to broth cover and simmer for 45 minutes to an hour , or until tender make a roux with the corn starch and remaining water and add to pot , stirring , in order to thicken the sauce to your liking serve over buttered egg noodles",4.5,7.0,4.5,6.5,5.5,5.0
31478,philly  italian style  hot roast pork sandwiches,"boneless pork roast, salt, fresh coarse ground black pepper, garlic powder, basil, italian seasoning, dried garlic, water, italian rolls","preheat oven to 350 degrees place pork roast in a baking dish sprinkle generously with salt , pepper , garlic powder , basil , italian seasoning and garlic flakes roast in oven for about 15 minutes or until juices start running and fat starts to melt and brown in the bottom of the pan , then add water to about 1 / 2 inch up the pan check every half hour or so and if water gets low , add a bit more to so it's about 1 / 2 inch up the pan every time each time you add the water , pour some over the roast , so the top does not get too dry roast until internal temperature reads 165-170 degrees trim all visible fat from roast and discard slice roast very thin , in the pan if possible , so you don't lose any juices if all goes well , the juices / gravy at the bottom of the pan should look golden brown , with darker flecks of spices , garlic and some little pieces of meat serve slices of pork on rolls , making sure that the slices have soaked up some of the juices enjoy !",4.8,6.2,5.5,6.8,5.5,5.0
104352,crustless low carb pumpkin pie,"fresh pumpkin, eggs, splenda sugar blend for baking, salt, cinnamon, cloves, heavy cream",mix all ingredients together pour into a well sprayed pie pan bake at 350' for 30 to 40 minutes,4.5,2.8,6.0,6.5,5.0,2.5
68468,french chocolate pear cake,"flour, egg whites, sugar, applesauce, cocoa, vanilla, baking powder, pear halves in natural juice","spray a 9 or 10"" pan , ideally a springform , with cooking spray combine egg whites , sugar and vanilla , add and stir in cocoa , flour and baking powder stir in apple sauce carefully stir in the cubed pears , pour batter into greased pan and bake at 350 for about 45 minutes cool and unmold , dust with cocoa and / or powdered sugar to decorate",5.0,2.2,2.5,4.8,5.5,3.5
290061,mexican irish coffee,"heavy cream, sugar, black coffee, irish whiskey, tequila","whip the cream with 1 teaspoon sugar until soft peaks form , set aside combine remaining sugar , coffee , whiskey and tequila or tia maria pour into mugs and top with lots of whipped cream",5.0,1.0,6.0,5.5,4.0,2.0
199791,glogg  swedish mulled red wine   my swedish mother in law s,"red wine, raisins, sugar, whole cloves, cardamom pod, cinnamon sticks, blanched almond","in a non-reactive pot combine raisins , sugar , cloves , cardamom pods , cinnamon sticks and almonds cover with water and simmer for 2 hours turn off burner and add wine let sit for 1-2 hours remove raisins and spices , either by straining or with a slotted spoon save the raisins to snack on ! just make sure the kids don't get them--they are strong ! to serve , heat in individual mugs in the microwave , adding a shot of vodka if you are really daring !",4.5,1.0,2.0,4.0,5.5,4.0
28613,oatmeal peanut butter chocolate chip cookies,"butter, chunky peanut butter, sugar, brown sugar, eggs, vanilla extract, quick-cooking oats, baking soda, semisweet chocolate morsels","beat butter and peanut butter at medium speed with an electric mixer until fluffy gradually add sugar and brown sugar , beating well add eggs and vanilla mixing well combine oats and baking soda add to butter mixture , mixing well stir in morsels drop by tablespoonfuls onto ungreased cookie sheets bake at 350 degrees for 9-10 minutes cool on cookie sheets 5 minutes remove to wire racks to cool completely",5.0,2.5,7.0,7.8,6.0,4.5
45734,mexican taquitos  flautas,"chicken, whole tomatoes, onion, garlic cloves, chicken bouillon cube, salt, chipotle chiles in adobo, tortillas, toothpicks, vegetable oil, iceberg lettuce, sour cream, queso fresco","to make the sauce: add tomatoes , onion , garlic , salt , bullion cube , and chiles to a blender blend until smooth in a sauce pan heat 1-2 teaspoons of vegetable oil over medium heat add sauce and simmer about 5-10 minutes reserve 1 / 4 cup of sauce for filling to make filling: mix shredded meat and reserved sauce together will heat vegetable oil for frying in a deep fryer or tall saucepan to 350-375f to make taquitos: wrap 12 of the tortillas in a kitchen towel and put in microwave for 2 minutes keep tortillas wrapped in towel while making taquitos so they don't dry out place one tortilla on the counter in front of you and add shredded meat mixture in a line across the tortilla on the side closest to you , but not all the way on the edge (about 2-3 tablespoons of mixture begin to roll tortilla around mixture , rolling away from you taquito should resemble a fat cigar pierce with a toothpick through the center of taquito to keep from unrolling add each taquito to oil as you go or they will dry out and crack do not crowd oil too much i usually cook about 6-7 at a time feel taquitos with tongs as they cook when they are hard , remove and drain on paper towels i usually line a large bowl with paper towels and drain all of the taquitos vertically so that all of the excess oil can drain out when those 12 tortillas are done , heat up the remaining 12 in the same towel and repeat the reason i don't heat up all 24 at the same time is because the stack is so thick that the top and bottom few tortillas dry out and the middle ones are not cooked enough and will crack when you try to roll them when all of the taquitos are finished , put as many as you want per serving on a plate top with sauce add shredded lettuce and sliced onion top that with a few spoonfuls of sour cream sprinkle with queso fresco yum !",6.5,7.0,9.0,8.5,7.0,7.5
40091,cheap beef in potato nests,"potatoes, milk, salt and pepper, vegetable oil, sweet pepper, onion, lean ground beef, tomato soup, green onion, cheddar cheese","place potatoes in a med sauce pan with just enough water to cover simmer until tender heat oil in fry pan saute onion and pepper in oil add ground beef and brown well add tomato soup to meat mixture heat through drain , mash potatoes add enough milk to moisten and mash again season to taste divide potatoes equally onto four serving plates make an indentation in the middle of each mound fill with beef mixture top with green chopped green onion and a sprinkle of cheddar cheese",5.0,5.5,5.0,6.0,6.5,5.0
310564,canadian whiskey sour,"rye whiskey, maple syrup, fresh lemon juice, ice",shake all ingredients together pour into a glass and enjoy !,4.5,1.0,1.0,2.8,3.0,1.2
147441,amaretto coffee,"hot coffee, amaretto, whipped cream",pour amaretto into mug add coffee top with whipped cream if desired,4.5,1.0,4.0,4.0,2.5,1.0
218451,my father s beef stroganoff,"boneless beef cube, water, onion, season salt, cream of mushroom soup, condensed golden mushroom soup, sour cream, milk, cooked egg noodles","take beef cubes , water , season salt , and large slivers of onion , place them in pressure cooker cook on high until the little jiggler on top of the pressure cooker is going very fast and all crazy then turn heat down to medium leaving the jiggler at a slower steady jiggle , cook for about 20 minutes before you open the lid to check if the meat is done when meat is done , drain all except 1 / 2 cup of the water , the onions are optional to keep in - personally i take them out add milk , cream of mushroom , golden mushroom , and sour cream , mix well simmer on low heat for at least an hour , stirring occasionally if desired , the longer it simmers the better , i usually leave it for 3-4 hours serve over prepared egg noodles",4.2,7.0,6.5,8.0,5.5,5.5
175454,i love danish wedding cookies,"all-purpose flour, ground cinnamon, butter, pecans, powdered sugar, vanilla extract","combine flour and cinnamon in a large bowl add butter , pecans , 1 / 4 cup powdered sugar , and vanilla , stir well until blended batter will be stiff shape dough into 1 inch balls place on ungreased cookie sheets bake at 400 degrees fahrenheit for 10-12 minutes remove cookies to wire racks to cool slightly roll cookies in powdered sugar , and cool completely on wire rack",5.0,2.0,7.0,7.0,4.5,4.0
269449,spicy striped bass,"peanut oil, garlic cloves, scallions, habanero pepper, fresh gingerroot, sugar, tamari soy sauce, white wine, catsup, white vinegar, sesame oil, water, bass fillets","sauce: saute the garlic , scallions , ginger , and the habanero chili in oil in a saucepan when browned , add the remaining ingredients and cook for 5 minutes bass: grill the striped bass depending on the thickness of the filets and the heat of the fire , grill for 8 to 10 minutes pour sauce on the bass filets garnish with chopped scallions",6.0,7.5,5.0,4.8,8.5,5.0
155203,blackened tilapia,"tilapia fillets, all-purpose flour, creole seasoning, milk, canola oil","place fillets in milk and soak for 30 to 60 minutes in refrigerator meanwhile combine the 1 / 2 cup flour with the creole seasoning mix well when ready , remove fish one at a time and coat with flour mixture , shaking off loose excess before cooking heat non stick pan on medium heat with 1 tbs of oil until rim of pan is hot to touch cook fillet until the they flake easily , roughly about 3 minutes per side sprinkle with desired salt once on plate and enjoy",5.0,6.0,5.5,5.0,3.8,4.0
61660,spicy cardamom coffee cake,"butter, brown sugar, eggs, flour, vanilla, baking powder, baking soda, salt, cardamom, sour cream, milk, cinnamon, nuts","cake: cream together sugar and butter until fluffy beat eggs in one at a time add vanilla stir in the baking powder , soda , salt , and cardamom stir in the floor one cup at a time , adding sour cream and milk as you go along topping: in a separate bowl mix together the""topping"" ingredients to assemble: you can bake this in a few different style pans a bundt cake pan would work well i used two tall round 8"" cake pans oil your pans well pour the batter in your pans- be sure to leave some room at the top as these cakes should rise sprinkle the top with your topping alteration: instead of sprinkling the topping over the cake , you might prefer to pour half your batter in the pan , create an inside layer by sprinkling in some of your topping and then pour the remaining batter in your pan and sprinkle the rest of the nut mixture over the top you can always whip up some more topping if you need to ! to bake: preheat your oven to 350 degrees this is a dense cake and will bake for about an hour keep checking on it by inserting a knife in the top if it comes out clean , it's done to serve: let the cake cool for a while turn the cake over and slide onto a plate if you used a cake pan , loosen the edges of the cake pan with a knife , gently easing the cake up out of the pan if you need to , turn the cake over and gently tap it out of the pan , once the cake is out of the pan you can turn it back over onto a plate for presentation",5.5,2.8,7.5,8.0,8.0,5.5
97649,sweet and spicy vegetarian chili,"canola oil, onions, orange bell pepper, garlic cloves, chili powder, cumin, oregano, bay leaf, diced green chilies, salt, vegetable broth, diced tomatoes, kidney beans, black beans, frozen corn, hot sauce, worcestershire sauce, barley malt, unsweetened cocoa, black pepper, avocado, monterey jack cheese, sour cream","heat the oil in a large saucepan or stockpot over medium-high heat add chopped onions , bell pepper , and garlic saut until onion is translucent , about 5 minutes add chili powder , cumin , oregano , bay leaf , green chilies , and salt , if desired stir until veggies are evenly coated add vegetable broth , tomatoes and beans , and frozen corn add remaining ingredients and mix thoroughly simmer uncovered over medium-low heat for at least 30 minutes , or until chili reaches desired consistency serve hot with desired garnishes",5.5,6.0,4.5,6.0,10.0,5.5
38418,pork scaloppine with wild mushrooms,"chicken broth, stone ground dijon mustard, tomato paste, worcestershire sauce, cornstarch, margarine, mushroom, pork scallopini, paprika, salt & freshly ground black pepper, light sour cream, chives","whisk together chicken broth , mustard , tomato paste , worcestershire sauce and cornstarch set aside in a large nonstick frypan , melt half the margarine over medium high heat add mushrooms cook , stirring frequently , until mushrooms are tender and golden brown , 6 to 8 minutes set aside in a bowl lightly season both sides of pork with paprika , salt and pepper melt remaining margarine in frypan over medium high heat add pork and cook , 2 to 3 minutes each side , until just a hint of pink remains inside remove from pan and set aside with mushrooms stir broth mixture then add to pan , stirring until mixture boils and thickens slightly , 30 to 60 seconds remove from heat and stir in sour cream return mushrooms and pork to frypan , turning to coat with sauce gently heat through if necessary serve immediately , sprinkled with chives",5.8,6.0,5.5,6.5,8.0,5.5
133441,thai clear noodle salad  yum woon sen,"mung bean noodles, ground turkey, carrots, celery ribs, shallots, green onion, cilantro, roasted peanuts, romaine lettuce, cabbage, chili flakes, fish sauce, lime juice, brown sugar, red jalapeno chiles","soak mung bean noodles in warm water for 15 minutes drain and cut into short lengths and place in a bowl pour hot water over the noodles and soak for another 5 minutes drain in a colander , and rinse with cold water to separate the noodles let stand in the colander until ready to use cook ground turkey with a little water over medium heat when brown , drain any excess water , and place in a large mixing bowl let cool 5 minutes mix dressing ingredients in a small bowl , and taste for proper balance of sweet / sour / salty / spicy adjust if necessary pour dressing over cooked ground turkey and toss lightly add noodles and stir until well mixed taste and adjust if necessary add carrot , celery , shallot , green onion , cilantro , and 1 / 2 cup of peanuts toss well divide lettuce and cabbage on serving plates place noodle mixture on top , and sprinkle with remaining peanut , and chili flakes",6.5,7.2,3.5,4.5,10.0,5.5
352248,teriyaki chicken kabobs,"lemon juice, butter, soy sauce, brown sugar, ground ginger, pepper, ketchup, garlic, boneless skinless chicken breast, pineapple chunks, cherry tomatoes, green bell pepper, zucchini","combine all marinade ingredients in large resealable plastic food bag reserve 2 tablespoons marinade set aside add chicken pieces tightly seal bag turn bag several times to coat chicken well place in 13x9-inch pan refrigerate , turning occasionally , at least 3 hours or overnight heat 1 side of gas grill on medium or charcoal grill until coals are ash white remove chicken from marinade with slotted spoon discard marinade to assemble kabobs , alternately thread chicken , pineapple , tomatoes , green pepper and zucchini onto skewers place kabobs onto grill grill , turning and brushing occasionally with reserved marinade , until chicken reaches at least 170f or until juices run clear when pierced with fork",6.5,6.5,5.0,5.5,8.5,6.0
112133,healthy alphabet soup,"onion, carrot, garlic cloves, vegetarian chicken broth, water, dried white bean, tomatoes, dried italian herb seasoning, cayenne, alphabet pasta","combine first five ingredients boil add next four ingredients boil reduce heat , cover and simmer stirring occasionally for 1 1 / 2 hours until beans are tender using a slotted spoon , remove most of the beans and transfer remaining liquid to a blender process till smooth return mixture and beans back to the pot stir in alphabet pasta boil then reduce hear cover and simmer 8 minutes until pasta is tender but firm yield: 6 1 1 / 2 cup servings",4.5,5.5,1.5,3.5,7.0,5.5
194400,baked chicken tenders,"chicken tenders, light mayonnaise, italian seasoned breadcrumbs, parmesan cheese","preheat oven to 425f mix chicken tenders and mayonnaise in a bowl to lightly coat chicken with mayonnaise mix bread crumbs and cheese in a gallon-size zippie bag prepare baking sheet with cooking spray put 1-2 chicken tenders in the zippie bag with the bread crumbs and shake to coat place chicken tenders in a single layer on prepared baking sheet continue until all tenders are coated and on the baking sheet bake in preheated oven for 8 minutes gently flip each one , so as not to remove the breading , and bake an additional 8 minutes serve with your favorite dipping sauce",5.0,6.0,5.0,5.5,3.2,3.5
41323,southern green beans and potatoes,"green beans, smoked bacon, potatoes, water, salt and pepper","fry the bacon or the ham hock until the fat starts to render out add canned green beans , including the water in the can salt and pepper to taste add the potatoes and just enough water to cover cook for about 25 minutes for fresh green beans: saut the pork after you have washed and cut the green beans in half add to pot cover with water add salt and pepper and cook until tender on low heat add in potatoes and cook a little longer until the potatoes are done",4.0,6.8,6.5,5.5,4.0,4.0
199377,pasta with ground beef and tomato,"ground beef, onion, pasta, italian tomatoes, tomato sauce, tomato soup, italian seasoning, dried parsley, pepper, salt, garlic powder, italian cheese blend","preheat oven to 350' in a medium skillet , add beef and onion and cook until beef is no longer pink and onion is translucent drain off fat and set aside while beef is browning , in a large pot , cook pasta according to package directions when pasta is cooked drain and add rest of the ingredients to the pot , reserving 1 / 4 of the shredded cheese and blend well transfer above mixture to a large buttered baking dish and spread evenly top with remaining 1 / 4 of cheese cover and bake at 350' for 20-30 minutes uncover the last 5-10 minutes and bake until hot and bubbly and cheese on top is melted",4.8,6.2,5.5,6.8,7.0,5.0
16671,sonoran rice,"olive oil, long grain rice, onion, garlic, plum tomatoes, pace picante sauce, chicken broth, cheddar cheese","cook rice , onion and garlic in oil , preferably in an electric skillet , stirring until rice is lightly browned stir in tomato , paces , juice from tomato and chicken broth such that you add a total of 2 cups liquid in addition to the paces simmer covered until liquid is absorbed , without stirring top with cheddar or monterrey jack cheese before serving",4.8,6.0,4.5,5.2,5.5,4.0
487555,greek halibut with lemon feta yogurt sauce  rsc,"halibut fillets, fresh thyme, fresh oregano, fresh dill, lemon zest, lemon juice, red pepper flakes, garlic cloves, olive oil, kosher salt, zucchini, artichoke hearts, red bell pepper, red onion, feta cheese, greek yogurt, heavy cream, white pepper, reynolds wrap foil","preheat oven to 375f in a large bowl , mix thyme , oregano , dill , lemon zest , lemon juice , red pepper flakes , garlic and teaspoon salt drizzle in olive oil and stir add zucchini , artichoke hearts , red bell pepper , onion to the olive oil mixture set aside for 10 minutes meanwhile , in a food processor combine feta cheese , greek yogurt , cream and lemon juice and blend until smooth place in refrigerator place each piece of fish , skin side down , in the center of a piece of reynolds wrap about 18 inches long season fish with kosher salt gather the sides of the foil , add 1 / 4 of veggies to each packet , then spoon liquid evenly over the pieces of fish close each packet , leaving about 5 between the fish and the top of the foil for steam place foil packets on a large baking sheet in the oven and bake 12-17 minutes (depending on thickness of fish check by removing from oven and carefully opening one of the packets and testing fish & veggies with a fork if fish is not cooked through , reseal foil and continue to bake , checking every couple minutes open packets carefully and transfer fish and veggies using a spatula to plates spoon the liquid from each packet on top drizzle each with lemon feta yogurt sauce garnish with dill enjoy !",7.2,6.5,5.5,6.5,10.0,6.5
310204,peruvian rice,"garlic clove, olive oil, water, lemon juice, salt, long-grain white rice","wash and drain rice saute garlic in oil for a minute or two add water , lemon juice and salt bring to a boil gradually add rice cover and simmer 20-30 minutes",3.8,4.5,3.5,3.0,4.0,3.0
110329,slow cooker stuffed bell peppers,"spanish rice mix, ground beef, celery, onion, egg, green peppers, whole tomatoes, condensed tomato soup, water","set aside seasoning packet from rice combine beef , rice mix , celery , onion and egg in large bowl divide meat mixture evenly among pepper halves pour tomatoes with juice into slow cooker arrange filled peppers on top of tomatoes combine tomato soup , water and reserved rice mix seasoning packet in large bowl pour over peppers cover cook on low 8 to 10 hours or high for 5 hours",5.2,6.5,4.5,6.0,6.0,5.0
32327,six layer dessert  my version of sex in a pan,"graham cracker crumbs, pecans, brown sugar, butter, cream cheese, whipped cream, instant pudding mix, milk, skor candy bars","in bowl , mix graham crumbs , pecans , brown sugar and melted butter press into 9x13 pan bake at 350f for about 5-10 minutes , until lightly browned cool iin bowl-fold in whipped cream to cream cheese spread on cooled crust place in refrigerator in 3 separate bowls mix each pudding , using 1 1 / 2 cup of milk per pudding instead of the 2 cups the box asks for spread each layer of pudding on top of the cheese layer , careful to not blend the puddings generously sprinkle the top with skor crumbs enjoy !",6.0,2.5,7.5,9.0,7.0,5.5
148903,lemonade made with stevia,"lemon juice, water, stevia",mix all the ingredients together chill in your fridge stays fresh for several days,3.5,1.0,1.0,1.2,2.0,1.0
318400,mexican quinoa stuffed bell peppers,"green bell peppers, quinoa, red onion, minced garlic clove, green peppers, black beans, tomatoes, salsa, corn, chili powder, oregano, cumin, fresh cilantro","cook bell peppers in boiling water for 3-4 minutes to soften a little cook quinoa in chicken broth , not water ! in a saucepan , sautee onions , garlic and chopped bell pepper tops add rest of ingredients and cook until warmed through fluff quinoa when it's done and add to saucepan with everything else stuff peppers with the mix bake at 350 for 15-20 minutes depending on the size of your peppers and how much they cooked when they were pre-boiled they should take no more than 15 minutes for smaller peppers if you stuffed the peppers raw , they will need to bake for 30-40 minutes put a few tablespoons of water in the bottom of the dish too ) some cheddar cheese would be great too",6.2,5.5,2.0,4.5,8.5,5.5
131942,frozen mediterranean delite,"plain nonfat yogurt, pistachios, pitted dates, sugar, ouzo, bittersweet chocolate","place the yogurt in a fine meshed strainer lined with cheesecloth and allow to drain for about two hours place half the pistachios and the sugar in a food processor or coffee grinder and grind to a powder roughly chop the remaining nuts combine the drained yogurt , nuts , dates and ouzo and mix well place in freezer after one hour , remove from freezer and mix well return to freezer and freeze till firm divide into four portions and garnish with bittersweet chocolate shavings",5.5,1.5,4.0,5.0,4.8,4.0
41833,garlic shrimp and pasta from baxter s interurban grill,"linguine, shrimp, garlic, white wine, butter, diced tomato, fresh spinach, salt, pepper, italian seasoning","saute shrimp in olive oil , then add garlic , salt , pepper , seasonings , tomatoes and spinach add wine and reduce by half , then add butter and allow it to melt prepare pasta according to label directions , drain and top with shrimp mixture",5.8,5.5,6.5,6.5,6.5,4.5
202107,tin foil chicken   veggies,"barbecue sauce, boneless skinless chicken breast, green pepper, red pepper, new potatoes, frozen corn, frozen peas, onion, canned mushroom slices","preheat the oven to 350f tear off four sheets of foil , each about 12 by 15 inches smear about a tablespoon of barbecue sauce in a rough rectangular shape in the middle of each sheet divide the chicken slices among the four sheets atop the barbecue sauce add the peppers , potatoes and any other vegetables drizzle another tablespoon of barbecue sauce over top in half-inch pleats , fold the foil over itself first lengthwise and then crosswise to create tightly sealed packets place on a baking sheet and bake for 50 minutes or until chicken is fully cooked carefully cut open the packets",4.8,5.5,2.5,4.5,6.5,4.0
350836,nigella s masala omelett,"vegetable oil, spring onion, chile, garlic clove, turmeric, ground coriander, ground cumin, eggs, coriander","heat the oil in a non-stick frying pan , and fry the spring onion , chili , garlic and turmeric until soft add the other spices and fry for another minute stir occasionally add the eggs , swirling the pan to help the eggs set underneath when the omelet is nearly set , flash it under a hot grill to finish it off serve",4.8,4.0,4.5,4.5,6.0,3.5
26769,crispy onion dijon chicken,"boneless chicken breast, butter, worcestershire sauce, dijon mustard, french-fried onions","preheat oven to 350 just melt , don't cook , butter in small saucepan or microwave add worcestershire sauce and mustard dip chicken in butter mixture and coat well with crushed onions place in baking dish and bake for 45 minutes or until juices run clear",4.8,6.5,6.5,6.5,4.0,3.5
293102,vegan cream cheese frosting,"non-hydrogenated margarine, vegan cream cheese, confectioners' sugar, vanilla extract","cream together margarine and cream cheese until just combined use a handheld mixer to whip while adding the confectioners' sugar in 1 / 2 cup batches mix until smooth and creamy , then mix in the vanilla keep tightly covered and refigerated until ready to use",3.5,2.0,8.0,8.5,3.5,2.0
209247,banana crepes,"eggs, milk, oil, vanilla, banana, sugar, all-purpose flour, salt","place ingredients in blender or food processor container in the order listed cover and blend on high 20 to 30 seconds scrape sides of container blend a few more seconds pan preparation: if using a non-stick spray shortening , spray pan before heating before cooking the first crepe put 1 / 2 teaspoons butter into pan if the pan is well seasoned it should not be necessary to add more butter for each crepe pan temperature: crepe pan is at the correct temperature when the batter sizzles slightly when poured into the pan , and a crepe will cook on one side in approximately 1 minute crepes should be pale in color , not dark brown to cook crepes: two or three tablespoons of batter is usually enough to cover the bottom of a 6 to 7 inch crepe pan if necessary adjust the amount needed for the pan you are using pour in the batter and quickly tilt the pan so the batter covers the bottom entirely if you put in more than just a thin coating , pour the excess back into the bowl this will leave a small flap on the crepe but it won't be noticed when the crepe is filled and folded when to turn: the crepe is ready to turn when it begins to set and crisp around the edges loosen around the edge with a long thin spatula or knife so you have a starting place to pick up the crepe with your fingers then simply flip it over should it start to tear when picked up , it may not be cooked enough to turn cook a few seconds longer and try again crepe is ready when the second side is set if pan sticks in one spot: put more butter or oil in the pan and wipe with a paper towel once a crepe pan is seasoned , it should not be necessary to add more butter or oil for each crepe it may be necessary to discard the first crepe or two until the pan is properly seasoned and the temperature is right after the crepes are cooked: stack cooked crepes on a plate they will be easier to separate if they are not placed squarely on top of each other it is not necessary to put foil or waxed paper between each crepe presentation: crepes can be filled and rolled or folded into quarters",5.8,2.5,4.0,5.0,5.5,6.0
106669,cinnamon shortbread cookies,"flour, ground cinnamon, salt, unsalted butter, light brown sugar, egg yolk, sugar","preheat oven to 350 degrees lightly grease baking sheets place flour , cinnamon , and salt in work bowl of food processor pulse five or six times until blended remove to a small bowl process butter and brown sugar about 30 seconds , scraping down sides once or twice , until light and fluffy add egg yolk and process about 10 seconds to blend add flour mixture and pulse six to eight times , just until blended wrap dough in plastic wrap and chill at least one hour or overnight roll out dough , half at a time , to 1 / 8-inch thick cut with cookie cutter and place cookies two inches apart on baking sheets sprinkle with sugar bake seven to eight minutes until firm and just beginning to darken at edges cool on wire racks",5.5,2.5,6.8,6.8,5.0,5.5
306909,kotopoulo skorthato  lemon garlic chicken with potatoes,"roasting chickens, potatoes, lemon juice, salt, oregano, pepper, garlic, extra virgin olive oil, chicken stock","preheat oven to 355f rinse the chicken and pat dry peel the potatoes and cut into quarters , lengthwise salt and pepper the chicken and potatoes transfer chicken to a roasting pan , and add potatoes , on and around the chicken add oregano , garlic , olive oil , and lemon juice , distributing evenly across the pan add water and roast uncovered at 355f for a total of 1 hour and 40 minutes half way through , turn the chicken",5.8,5.5,6.0,6.5,6.0,5.0
118884,beef  mandarin and bok choy stir fry,"rump steak, garlic cloves, salt & freshly ground black pepper, fresh ginger, soy sauce, medium-dry sherry, peanut oil, yellow onions, oranges, juice of, chicken stock, baby bok choy, mandarin oranges, snow peas","slice the steak into thin strips and place in a bowl add the crushed garlic and season to taste with salt , freshly ground black pepper and grated fresh ginger cover the meat with soy sauce add the dry cooking sherry stir together , cover and place in the fridge , for several hours or preferably overnight the longer the meat marinates the better heat a little of the oil in a non-stick wok or large non-stick saut pan fry the onion , until it begins to soften , remove and set aside add the rest of the oil to the wok , and on a very high heat , keeping the beef strips moving constantly , fry the meat , so that it is browned on all sides and the juices are sealed inches slightly lower the heat and return the onion to the pan add the mandarin juice cook down for a few minutes until the liquid begins to reduces stirring constantly , slowly add the chicken stock , a little at a time , and continue to cook down to reduce the liquid once the liquid has reduced to almost nothing , add the bok choy and the mandarin segments turn the heat down and , still stirring and tossing gently , cook until the vegetables are cooked as you like them remember: less is best ! still tossing gently , add the snow peas to the wok for the last 30 seconds remove from the heat serve in four serving bowls over steamed rice",6.2,7.5,5.5,6.0,9.0,6.5
169389,middle eastern tuna salad pitas,"hummus, solid white tuna packed in water, prepared mayonnaise, dark sesame oil, green onion, fresh cilantro, ground cumin, cayenne pepper, salt, whole wheat pita bread, plum tomatoes, boston lettuce","to prepare tuna salad: combine all ingredients except pitas , lettuce , and tomato in a medium-sized mixing bowl and stir well to mix taste and add salt and more cayenne , if desired salad can be prepared 1 day ahead to store , cover and refrigerate to assemble sandwiches: divide tuna salad equally and mound in pita pockets add several tomatoes slices and a lettuce leaf to each pocket arrange sandwiches in a basket or on a serving plate serve immediately",5.8,6.2,5.5,5.5,8.0,3.0
354622,fluffy egg free or eggless pancakes,"all-purpose flour, baking powder, sugar, cinnamon, milk, water, canola oil, vanilla","heat a griddle or pan on the stove top the griddle is ready for pancakes when water dropped on the hot griddle rolls and sizzles mix all the dry ingredients add the milk , water , oil , and vanilla mix well , but don't over stir a few lumps are okay drop 1 / 4 cup of batter for each pancake flip the pancake when bubbles form and begin to pop keep the heat medium to medium low they burn fast enjoy !",4.8,2.5,4.5,4.8,5.5,3.5
506822,sriracha honey roasted broccoli,"head of broccoli, soy sauce, sesame oil, olive oil, honey, sriracha sauce, fresh ground black pepper, sliced almonds, green onion","preheat the oven to 450 degrees line a baking sheet with a slipat mat , foil , or parchment paper place broccoli pieces into a large bowl in a small bowl , or measuring cup , combine the soy sauce , sesame oil , olive oil , honey , sriracha and pepper pour this mixture over the broccoli and toss well to coat spread the broccoli across the lined baking sheet place on the middle oven rack and roast for 8-12 minutes , until the broccoli is tender and the edges are turning brown remove the broccoli from the oven and transfer to a serving bowl , or tray toss with the green onions and toasted almonds serve hot ! makes 2-4 servings",5.8,6.5,5.0,3.8,6.5,3.5
185854,salsa chicken in the crock pot,"boneless skinless chicken breasts, salsa, black beans, canned corn kernels, flour tortillas, avocado, olive, lettuce, spanish rice, sour cream, diced tomato, cheese","in the crock pot , place the chicken breasts and the salsa on top heat on high for several hours about 15-20 minutes before serving , shred the chicken with a fork and add the beans and corn , mixing to combine continue cooking until the beans and corn are warmed through serve on flour tortillas with whatever garnishes you want to add eat like a burrito enjoy !",5.2,6.0,4.5,6.0,7.5,3.5
209187,chicken sweet   sour stir fry,"vegetable oil, boneless skinless chicken breast, yellow bell pepper, sweet and sour sauce, balsamic vinaigrette, soy sauce, broccoli florets, instant rice","heat oil in large nonstick skillet over medium-high heat add chicken & strips of bell pepper & cook 8 minutes or until chicken is cooked through , stirring occasionally add sweet & sour sauce , dressing , soy sauce & broccoli , mixing well cook for 2 minutes or until heated through , stirring occasionally serve over hot rice",5.2,6.8,4.5,5.0,5.8,4.0
221275,better than robert redford,"all-purpose flour, walnuts, unsalted butter, cream cheese, confectioners' sugar, frozen whipped topping, milk, instant vanilla pudding, instant chocolate pudding mix, nuts, chocolate curls","heat over to 350 degrees coat a 13 x 9 x 2 inch baking dish with nonstick cooking spray in a medium size bowl , mix flour , walnuts and butter pat into prepared dish bake at 350 degrees for 15 minutes cool in a bowl , beat cream cheese and sugar until smooth fold in half of the whipped topping spread over cooled crust prepare vanilla pudding using 2 cups of the milk spread over the cream cheese layer prepare chocolate pudding with remaining 2 cups milk spread over the vanilla pudding layer spread remaining whipped topping over pudding refrigerate at least 2 hours or overnight sprinkle with nuts and chocolate curls cut into squares",6.2,2.5,7.5,9.0,7.5,5.5
45729,italiano alfredo sauce,"butter, garlic, heavy cream, parsley, fresh ground black pepper, salt, asiago cheese","melt the butter in a large pan , saute garlic briefly , but don't let it brown add cream , parsley , black pepper and salt stir with a whisk to combine and cook until heated through and it starts to thicken gradually add cheese and stir with a woden spoon until the cheese is melted and incorporated into the sauce remove from heat serve over pasta , or any poultry or vegetable of your choice",4.2,6.5,9.0,9.0,5.0,3.5
26927,easy  no peek  prime rib,"rib roast, onion salt, seasoning salt, garlic powder","preheat oven to 500 mix seasonings together and pat all over the roast it probably won't stick very well to the fat side but that's ok put the roast in a dutch oven , preferably on a small rack to lift it off the bottom of the pot bone side up place a meat thermometer in the middle of the roast being careful not to get too close to the bone cover with lid cook the roast in the oven for 5-6 minutes per pound , then shut off the oven do not open the oven door for two hours , under penalty of death ! the 2 hours starts as soon as the roast is put in the oven after two hours , take it out and check the temperature if it's 140 , it's perfect ! if it's cooler , put back in oven at 375 until it reaches 140 this procedure will yield a perfect medium rare prime rib don't ask how to do medium or well done because cooking prime rib past medium rare is a felony",6.0,6.2,7.0,8.5,3.0,4.0
21023,blonde brownies  big batch,"flour, baking powder, salt, vegetable oil, brown sugar, eggs, vanilla, chocolate chips, walnuts","spray a jelly roll pan with no-stick spray preheat oven to 350 stir together dry ingredients set aside in large bowl combine brown sugar and oil till combined well beat in eggs one at a time add vanilla and blend well add flour mixture , chips and nuts mix completely pour into prepared pan bake at 350 for 35-40 minutes test with toothpick careful not to over bake check at 35 minutes cool on wire rack cut into squares and when cool store airtight",5.0,2.8,7.0,7.8,6.0,4.0
254451,roasted veggie pizza with pesto sauce,"fresh mushrooms, onion, green pepper, sweet red pepper, zucchini, black olives, olive oil, garlic cloves, rosemary, oregano, thyme, pizza dough, fresh basil, parmesan cheese, tomatoes, mozzarella cheese","preheat oven to 400f place mushrooms , onion , peppers , zucchini & olives in a roasting pan lined with heavy-duty foil combine oil , garlic , rosemary , oregano and thyme drizzle over vegetables and toss to coat cover and bake at 400f for 20 minutes meanwhile , for sauce , combine basil , oil , parmesan cheese and garlic in a food processor cover and process until smooth , scraping sides often set aside place rolled out pizza dough in 9x13-inch pan going half way up sides of pan spread with sauce top with the tomato slices sprinkle with mozzarella cheese top with roasted vegetables bake for 15 to 20 minutes or until vegetables are cooked and cheese is melted and bubbly",6.8,5.8,6.0,6.5,9.5,6.0
67482,bangkok meatballs on skewers,"char siu sauce, water, chili-garlic sauce, lean ground beef, cilantro, garlic, ginger, thai chile, oyster sauce, soy sauce, fish sauce, sesame oil, brown sugar, cornstarch, fresh ground black pepper, bamboo skewers","put the skewers into water to soak this helps prevent them burning combine the char sui sauce , water and chile-garlic sauce in a small bowl and set aside this is the glazing sauce combine all the remaining ingredients in a bowl and mix thoroughly the best way is to use your hands roll mixture into 18 meatballs about a rounded tablespoon mixture each thread 3 meatballs onto each skewer if you like you can add slices of red or green pepper between meatballs plce them on a baking sheet bake in a preheated 350 degree oven for 10 minutes remove skewers and brush meatballs with the glaze all over turn on the broiler place skewers under the broiler and cook for about 2 minutes each side serve these could also be prepared ahead up to the broiler part and then barbequed",6.0,7.8,5.5,6.2,10.0,5.5
187525,spanish potato tortilla  tortilla espaola,"vegetable oil, potatoes, coarse salt, onions, garlic cloves, eggs, fresh ground black pepper","in a 10-1 / 2-inch nonstick skillet that's at least 1-1 / 2 inches deep , heat the oil on medium high while the oil is heating , slice the potatoes thinly , about 1 / 8 inch transfer to a bowl and sprinkle on 2 teaspoons of the salt , tossing to distribute it well when the oil is very hot , gently slip the potatoes into the oil with a skimmer or slotted spoon fry the potatoes , turning occasionally and adjusting the heat so they sizzle but don't crisp or brown set a sieve over a bowl or else line a plate with paper towels when the potatoes are tender , after 10 to 12 min , transfer them with the skimmer to the sieve or lined plate add the onions and garlic to the pan fry , stirring occasionally , until the onions are very soft and translucent but not browned , 7 to 9 minute remove the pan from the heat and , using the skimmer , transfer the onions and garlic to the sieve or plate with the potatoes drain the oil from the skillet , reserving at least 1 tbs and wipe out the pan with a paper towel so it's clean scrape out any stuck-on bits , if necessary in a large bowl , beat the eggs , 1 / 4 teaspoons salt , and the pepper with a fork until blended add the drained potatoes , onions , and garlic and mix gently to combine with the egg , trying not to break the potatoes heat the skillet on medium high add the 1 tbs reserved oil let the pan and oil get very hot , and then pour in the potato and egg mixture , spreading it evenly cook for 1 minute and then lower the heat to medium low , cooking until the eggs are completely set at the edges , halfway set in the center , and the tortilla easily slips around in the pan when you give it a shake , 8 to 10 minute you may need to nudge the tortilla loose with a knife or spatula set a flat , rimless plate that's at least as wide as the skillet upside down over the pan lift the skillet off the burner and , with one hand against the plate and the other holding the skillet's handle , invert the skillet so the tortilla lands on the plate set the pan back on the heat and slide the tortilla into it , using the skimmer to push any stray potatoes back in under the eggs as the tortilla slides off the plate once the tortilla is back in the pan , tuck the edges in and under itself cook until a skewer inserted into the center comes out clean , hot , and with no uncooked egg on it , another 5 to 6 minute transfer the tortilla to a serving platter and let cool at least 10 minute serve warm , at room temperature , or slightly cool cut into wedges or small squares , sticking a toothpick in each square if serving as an appetizer",5.8,5.5,8.0,6.5,5.0,7.0
364152,grand ma ma s deviled eggs  no mayo,"eggs, vinegar, dry mustard, salt, pepper, sugar, butter, worcestershire sauce, paprika","halve eggs and arrange egg whites on a serving platter in a bowl , mash yolks well with a fork add remaining ingredients except paprika mix well spoon mixture into a plastic zipping bag and squeeze down into the corner of the bag snip off the corner and pipe mixture into whites sprinkle with paprika",5.8,5.0,5.5,5.5,6.0,3.5
164270,fresh fruit yogurt parfait,"honey, plain yogurt, pure vanilla extract, fresh fruit, granola cereal","slightly soften the honey in the microwave so that it is easier to stir cool in a bowl , combine the softened honey with the plain yogurt and vanilla extract using parfait glasses , layer the honey mixture alternately with the fruit and granola , ending with granola on top refrigerate until ready to serve",6.2,1.5,3.0,4.5,4.0,2.0
136265,chocolate and nutella surprise muffins,"caster sugar, flour, baking soda, baking powder, cocoa, egg, plain yogurt, milk, vanilla essence, butter, nutella","pe-heat oven to 200'c / 400'f place caster sugar in a bowl and add all other dry ingredients which have been sifted together stir to mix well in another bowl combine the egg , yoghurt , milk and vanilla pour into the midle of the dry ingredients and then add melted butter mix together gently place mixture into well greased muffin tins to come just over halfway up the tins place 1 teaspoon of nutella into the middle of each and then cover with another spoonful of muffin mixture bake for approximately 15 minutes or until muffins are cooked and well risen remove from oven but leave in tins for 5 minutes before removing muffins from tin to cool on a rack sift over some icing sugar if desired -- this just gives a nice presentation",5.5,2.5,6.5,7.5,7.0,4.5
140194,british brunch bake,"english muffins, tomatoes, cheddar cheese, skim milk, all-purpose flour, eggs, chives, salt, pepper, cooked ham","preheat oven to 325 generously grease an 8 x 8 x 2"" baking dish arrange english muffin halves in bottom of baking dish place a tomato slice on each muffin half divide the cheese over top of each tomato divide the ham over top of each muffin in a medium bowl beat milk and flour until smooth add eggs , chives , salt and pepper to the flour mixture stir until blended pour the egg mixture around the english muffin halves bake 35 to 40 minutes or until golden and centre is set cut into serving sizes to serve",5.5,5.5,5.5,6.0,6.5,4.0
39826,orzo spinach and feta salad,"orzo pasta, baby spinach, fat free feta cheese, light caesar salad dressing",toss all ingredients together with the orzo chill before serving,5.5,5.5,3.5,3.5,3.0,2.0
372670,ginger lemonade,"minced ginger, water, lime juice, sugar","mix the 1 / 2 cup of water with the ginger and squeeze through a strainer to get ginger concentrate add the sugar and the lime juice to this stir well till all the sugar dissolves adjust the sugar if you need to pour it into bottles and refrigerate to serve , add a teaspoonful of this concentrate to each cup of chilled water or sprite and mix well serve over ice in a goblet garnished with a mint leaf",5.5,1.0,1.0,1.5,3.0,2.5
456439,delicious eggplant parmesan,"vegetable oil, eggplant, eggs, dry breadcrumbs, parmesan cheese, marinara sauce, mozzarella cheese","prehat oven to 350 degrees f lightly brush or spray a 9 x 13 baking dish with vegetable oil wash the eggplant but don't peel it cut it crosswise in 1 / 4 inch thick slices in a pie plate , lightly beat the eggs on a plate , combine the bread crumbs with 1 / 2 cup of the parmesan cheese , mixing well working with 1 eggplant slice at a time , coat it on both sides with the egg and allow the excess to drip off put it in the bread crumbs and coat both sides transfer to a plate continue with the rest of the slices line a baking sheet with paper towels in a large skillet , heat 2 tablespoons of the oil over medium-high heat until hot but not smoking add as many slices of eggplant as can fit in a single layer without crowding cook until golden brown and crisp on both sides - about 1 to 2 minutes per side transfer the eggplant slices to the paper-lined baking sheet repeat , adding more oil as needed meanwhile pour the marinara sauce into a saucepan over medium heat and bring the sauce to just boiling take off the heat , cover , set aside and keep warm arrange half of the eggplant slices along the bottom of the oiled baking dish top the eggplant with half of the warm sauce arrange half of the mozzarella slices on top and sprinkle with half of the remaining parmesan cheese arrrange the remaining eggplant slices over the cheese cover with the remaining sauce , mozzarella and parmesan bake , uncovered , until the cheese is melted and slightly browned , about 25 to 30 minutes let stand 5 minutes before serving",6.2,6.0,6.5,7.0,5.0,6.5
207112,whole wheat pumpkin nut bread,"whole wheat flour, sugar, all-purpose flour, baking soda, ground cinnamon, baking powder, salt, ground cloves, canned pumpkin, egg substitute, water, canola oil, walnuts","in a bowl , combine the first eight ingredients in another bowl , combine the pumpkin , egg substitute , water and oil mix well stir into dry ingredients just until moistened fold in walnuts spoon into a 9-in x 5-in x 3-in baking pan coated with nonstick cooking spray bake at 350 for 60-65 minutes or until a toothpick inserted near the center comes out clean cool for 15 minutes before removing from pan to a wire rack",5.0,3.0,4.0,5.5,7.0,4.5
266406,steamed chicken and coconut shumai  dim sum,"ground chicken, unsweetened coconut milk, carrot, thai chiles, basil, fish sauce, sugar, fresh lime juice, garlic clove, egg, shallot, fresh ginger, kosher salt, fresh ground pepper, wonton wrappers, lettuce leaf, chili sauce","in a large bowl , combine the ground chicken with the coconut milk , carrot , chiles , basil , fish sauce , sugar , lime juice , garlic , egg , shallot , ginger , salt and pepper using your hands , mix thoroughly hold a wonton wrapper in the palm of your hand keep the rest covered with plastic wrap place a rounded tablespoon of filling in the center of the wrapper and pinch the edges all around to form a cup that is open about 1 inch at the top keep the shumai covered with plastic wrap repeat with the remaining wonton wrappers and filling fill a wok or a very large skillet with 2 inches of water and bring to a boil line a double-tiered bamboo steamer with lettuce leaves and arrange the shumai in the steamer without crowding cover and steam over moderate heat until cooked through , about 10 minutes repeat with the remaining shumai serve right away , passing the chili sauce at the table",7.0,6.5,2.5,4.5,10.0,7.0
77996,stir fried spinach with garlic,"fresh spinach, oil, garlic, salt, sugar","wash the spinach thoroughly remove all stems leaving just the leaves heat the wok until it is very hot add the oil when the oil it is very hot and slightly smoking , add the garlic and salt stir-fry both for 10 seconds add the spinach and stir-fry for about 2 minutes to coat the spinach leaves thoroughly with the oil , garlic and salt when the spinach has wilted to about one-third of its original size , add the sugar continue to stir-fry for another 4 minutes transfer to a plate and pour off any excess liquid serve hot or cold",4.0,4.5,4.5,2.5,4.0,3.5
176918,chocolate volcano cakes,"unsalted butter, chocolate, egg yolks, eggs, sugar, flour, unsweetened cocoa powder","place sheet pan in the middle of the oven for at least 15 minutes at 350 degrees combine the butter and chocolate in a mixing bowl on top of a pot of simmering water if you don't have experience melting chocolate then be very careful not to burn the mixture never melt chocolate directly over the cooking element heat chocolate mixture until melted and set aside to cool slightly beat the eggs , the egg yolks and the sugar with a mixer on medium-high speed for about 5 minutes , until they are thick and a light yellow color on low speed gradually add the flour and then the chocolate / butter mixture butter the six ramekins and dust with the cocoa tap out the excess cocoa but make sure they are well coated pour the volcano batter into the ramekins filling them about 7 / 8 of the way to the top place on the pre-heated sheet tray and bake for 15-18 minutes the consistency when done should be where the edges of the cake are firm and the top is still soft to the touch unfortunately , this dessert has very thin line between being under and over done remove from the oven and let sit on a cool surface for 3 to 5 minutes run a paring knife between the cake and ramekin to loosen invert your dessert plate over the ramekin and flip over tap the plate lightly and lift off the ramekin serve with vanilla ice cream garnish with raspberries and strawberries if the cake runs all over the plate you need to increase the cooking time if the cake is hard and does not ooze chocolate , lessen the cooking time if the cake does not come out then make sure it is well buttered and covered in the cocoa",7.5,1.5,8.0,9.0,5.0,7.0
113474,baked creamy chicken and cornbread,"cooked chicken, cream of chicken soup, milk, frozen peas and carrots, corn muffin mix, egg","mix together soup and milk in a saucepan and add in the chicken and vegetables heat until bubbly turn into an 8x8"" baking pan prepare cornbread by blending together corn muffin mix , egg and milk spread batter over chicken mixture carefully to cover all the way to the sides of the pan bake at 425 for about 20 minutes or until browned on top",4.5,5.5,4.5,6.0,4.5,4.0
146821,white chocolate ribbon pumpkin cake with maple glaze,"white chocolate chips, cream cheese, sugar, vanilla, all-purpose flour, salt, baking powder, baking soda, ground cinnamon, butter, eggs, pumpkin, powdered sugar, maple syrup, maple extract, heavy cream","preheat oven to 350 degrees grease and flour a large bundt pan to prepare filling , place white chips in microwave safe bowl and microwave on high for 30 seconds , stir and repeat until chips are melted beat cream cheese , sugar and vanilla into melted chips set aside in medium bowl , combine flour , salt , baking powder , baking soda and cinnamon set aside in large bowl , beat butter and sugar until fluffy beat in vanilla beat in eggs , one at a time then continue beating for one minute until mixture is light stir in pumpkin by hand or on low speed , stir in flour mixture pour 1 / 3 of cake mixture into bundt pan pour filling over that , keeping filling away from the sides of the pan pour remaining batter over the filling bake 55 minutes or until cake pulls away from sides of pan let cake cool for 10 minutes before removing from pan cake should cool completely before glazing to prepare glaze , stir together powdered sugar , maple syrup , maple extract and 2 tablespoons of cream and salt beat until smooth if glaze is too thick , use remaining tablespoon of cream drizzle over cooled cake store cake in refridgerator",7.0,2.5,7.0,8.5,9.0,7.0
336761,budget pasta salad,"italian salad dressing mix, water, mayonnaise, white wine vinegar, dried oregano, ramen noodles, pepperoni, black olives, parmesan cheese, mozzarella cheese, green onions, red bell pepper, red pepper flakes","in a medium bowl , combine salad dressing mix and water let stand for 5 minutes add mayonaise , vinegar , and oregano , and whisk to combine discard flavor packet from ramen noodles cook in boiling water for two minutes , or until just tender drain noodles well , and toss with dressing using a clean pair of kitchen shears , cut noodles into shorter pieces in the bowl add pepperoni , olives , cheeses , bell pepper , onion , and pepper flakes toss well to coat all ingredients with dressing taste , and add salt , pepper , or more oregano as needed transfer to 2 serving bowls and serve",5.5,7.0,6.0,6.5,8.5,4.5
135666,cheesy pasta bake,"pasta, spaghetti sauce, ground turkey, mushrooms, parmesan cheese, mozzarella cheese","mix sauce , meat , parmesan , mushrooms and pasta in a greased or sprayed 9x13 pan top with mozzarella and bake at 375f for 30 minutes",5.0,5.5,5.0,6.5,4.0,3.5
76334,double chocolate gooey butter cake,"butter, chocolate cake mix, eggs, cream cheese, cocoa powder, powdered sugar, vanilla extract, nuts","preheat oven to 350f lightly grease 13x9-inch baking pan in a large bowl combine cake mix , 1 egg and 1 stick of melted butter and stir until well blended pat mixture in to pan with mixer , beat cream cheese until smooth add 2 eggs , cocoa powder and powdered sugar beat until all ingredients are well mixed slowly add 1 stick of melted butter and vanilla beat until smooth stir in nuts with spatula spread filling over cake mixture bake for 40-50 minutes let partially cool on wire rack before cutting serve alone or with vanilla ice cream",5.5,2.0,8.5,9.5,6.0,5.0
99646,kahlua butterball,"kahlua, butterscotch schnapps, milk","pour kahlua in glass , add butterscotch schnapps to taste fill glass with milk",4.5,1.5,2.0,4.0,2.0,1.0
116504,shrimp  pepper and mango kabobs in ginger marinade,"ginger, garlic cloves, rice wine vinegar, lime juice, brown sugar, oil, sesame oil, cilantro, large shrimp, scallion, red bell pepper, mango","in a large bowl , whisk together ginger , garlic , rice wine vinegar , lime juice , brown sugar , oil , sesame oil , and cilantro add the shrimp toss to coat shrimp cover and refrigerate for 1 hour remove shrimp from marinade pour marinade into a small saucepan bring to a boil and boil for one full minute remove from heat alternately thread shrimp , scallions , peppers and mango on skewers place skewers in center of cooking grate grill 4 to 6 minutes until shrimp turn pink and opaque , turning once halfway through grilling time , basting with reserved marinade serve warm over rice",7.5,4.5,4.0,4.0,8.0,5.5
373168,barbados roast chicken,"whole chickens, lemon, salt and pepper, butter, ground red pepper, garlic clove, ground coriander","preheat oven to 450 rub chicken all over with lemon pieces put lemon pieces inside chicken cavity rub chicken with salt and pepper combine butter , red pepper , garlic and coriander smear over the chicken roast for 15 minutes reduce oven temperature to 375 and roast until juices run clear , approximately 1-1 1 / 2 hours",5.5,5.0,6.0,6.5,5.0,5.0
55043,hot german potato salad  microwave,"potatoes, bacon, flour, sugar, salt, celery seed, pepper, water, vinegar","wash and pierce potatoes with fork place on paper towel and micro on high 10 / 12 minutes turn over and rearrange after 4 minutes or until tender remove from micro and cool slightly peel potatoes and slice into 1 / 8 inch slices for about 4 cups cut bacon in small pieces and place in 2 qt casserole cover with paper towel and micro on high 6 minutes stirring after 3 minutes , until crisp set bacon aside on paper towels to drain stir flour , sugar and seasonings into bacon fat in casserole dish until smooth micro on high 1-2 minutes until bubbly stirring after 1 minute add water and vinegar to flour mixture micro on high 4 minutes until mixture boils and thickens stirring after 1 minute remove from oven and stir until smooth add potatoes and bacon , stirring gently so potatoes hold their shape cover casserole and let stand until ready to serve",4.5,6.0,6.0,5.5,6.0,5.0
111846,classic bread pudding,"french bread, eggs, half-and-half, sugar, vanilla, ground nutmeg","trim crusts off bread and cut loaf cross-wise into 3 / 4 inch thick slices arrange 8 to 10 slices diagonally in a buttered 8-inch square pan you may have to overlap them on each other and push and tug a bit to get them to fit without overlapping the edges of the pan whisk the eggs , half-and-half , sugar , nutmeg and vanilla together until well blended , then gently pour over the bread and soak for about 30 to 40 minutes until its al soaked up you may need to coax it a bit by spooning some of the liquid over the top bake in 350 oven for about 30 minutes , or until custard is cooked in the center if desired , run the pan under the broiler about 3 to 4 inches from the heat for a golden and crusty top",5.0,2.0,5.0,7.0,4.0,5.0
240067,cheese and jalapeno stuffed chicken breast,"boneless skinless chicken breasts, bacon, cream cheese, monterey jack pepper cheese, jalapenos, chili powder, garlic salt, black pepper, toothpicks","pre-heat oven to 350 degrees grease baking dish cut a pouch in each chicken breast fillet , careful not to poke through spread 1 tbsp cream cheese in each pouch add 1 / 4 shredded cheese in each pouch add diced jalapeos to each pouch sprinkle garlic salt , chili powder and pepper on top of fillets to taste wrap 2 pieces of bacon around each fillet secure each bacon piece with 1 toothpick near the opening of the pouch to keep fillet together place in oven bake for 30 minutes",5.5,7.0,7.0,8.0,6.0,5.5
70199,awesome crock pot lasagna,"italian sausage, ground beef, onion, garlic clove, sliced mushrooms, salt, dry red wine, spaghetti sauce, tomato paste, tomato sauce, lasagna noodles, egg, ricotta cheese, parmesan cheese, parsley flakes, fresh ground black pepper, mozzarella cheese","brown meat and onion in large skillet , drain off excess fat add garlic , mushrooms , salt , wine , spaghetti sauce , paste , and tomato sauce to the meat mixture mix well set aside in a medium bowl , combine egg , ricotta cheese , parmesan cheese and parsley flakes , set aside spray crock pot with cooking oil layer the bottom of a 5 to 6 quart crock pot with 4 noodles , broken into pieces to fit spread half of the ricotta cheese mixture over the noodles top with 1 / 4 of the meat mixture and 1 / 4 of the shredded cheese top with 4 noodles , remaining cheese mixture , 1 / 4 of the meat mixture and 1 / 4 shredded cheese top with remaining 4 noodles and remaining meat mixture cover cook on low setting for 6 to 8 hours about 10 minutes before serving , sprinkle top of lasagna with remaining shredded cheese cover let stand 10 minutes or until cheese is melted",5.5,6.5,6.5,8.0,10.0,6.5
33722,easy soft   seasoned bulgur,"vegetable stock, onion, bulgur wheat, salt","in medium saucepan , combine vegetable stock , salt and onion bring mixture to a boil stir in the bulgar , cover and reduce the heat to low cook for 10 minutes before removing the lid turn heat off , let sit for 10 minutes before removing lid fluff , stirring with fork , combining the onions that rose to the top you may use right away , if not , let cool the refrigerate",3.8,4.5,1.0,2.5,2.5,2.5
10949,impossible burrito bake,"bisquick baking mix, salt and pepper, water, salsa, refried beans, cheddar cheese, ground beef, sour cream, tortilla chips","mix bisquick , water and refried beans together and put it in the bottom of a greased pie plate brown and drain seasoned ground beef put on top of mixture in pie plate add salsa and then cheese bake , uncovered , for 30 minutes at 350 or till golden brown if you let it sit for about 15 minutes , it tends to cut more like a pie serve with extra salsa , sour cream and tortilla chips can be made the night before and refrigerated then put in the oven",5.0,6.5,5.5,7.0,6.0,4.5
135003,cajun turkey meatloaf,"lean ground turkey, onion, quick-cooking oatmeal, fresh parsley, garlic cloves, cajun seasoning, egg whites, ground cumin, dried thyme, creole mustard","if you don't have a pre-made cajun spice blend , there are several good ones on this site try cajun seasoning mix #14190 or cajun seasoning #33092 look for one that has no added salt preheat oven to 350f optional step: you can ground the oatmeal in the food processor one or two pulses you are not looking for flour , just bits of oatmeal somewhat smaller than the whole grain combine all ingredients except mustard in large bowl season with salt and pepper place meat mixture in a nonstick loaf pan cover and bake 20 minutes scrape off any crud that may appear on the surface spread top with mustard bake uncovered another 35 minutes remove from pan and cut into slices",4.5,5.0,3.5,4.5,7.0,4.5
188444,kittencal s juicy crock pot turkey breast,"whole turkey breast, vegetable oil, garlic powder, black pepper, dry onion soup mix, chicken broth","rinse the breast under cold water , then pat dry using paper towel lightly rub vegetable oil all over the turkey breast in a small bowl mix together the onion soup mix with garlic and black pepper , then rub all over the breast and underneath the skin cover and cook on high for 1 hour reduce the heat to low and cook for about 5 hours for a 6-pound breast , for a larger breast increase cooking time slightly",4.5,7.0,3.5,5.0,4.0,3.0
335421,mama s easy biscuits,"flour, cream of tartar, baking soda, shortening, salt, milk",sift dry ingredients cut in shortening with a pastry blender or two knives until crumbly stir in milk until mixture comes together empty onto a lightly floured surface and knead gently 5 or 6 times just to form a ball pat down then roll to about 1 / 2 thick with a rolling pin cut into circles and place on a baking sheet bake 15 minutes at 425,5.0,4.5,6.0,5.0,4.0,4.5
136735,easy cheesy red enchilada sauce,"tomato sauce, water, flour, onion flakes, salt, chili powder, baking powder, garlic powder, paprika, black pepper, parmesan cheese","whisk together all ingredients except parmesan cheese in a saucepan bring to boil , reduce heat and gently simmer 40 minutes , stirring occasionally remove from heat and whisk in parmesan cheese",3.5,5.5,1.5,3.0,7.0,3.0
4437,spanish potatoes,"idaho potatoes, lean bacon, frozen sweet peppers, tomatoes, spanish olives with pimento, garlic powder, onion powder, chili powder, water, capers","in a large heavy skillet , cook bacon until well done and crisp remove from skillet drain on paper towel crumble and reserve pour off drippings and add peppers to skillet where you cooked the bacon cook 5 minutes or until liquid has evaporated add tomatoes , olives , powders , water and potatoes bring to boiling and cook uncovered , stirring occasionally for 20 minutes or until fork-tender stir in capers let stand 5 minutes to allow liquids to absorb stir in crumbled bacon and serve add more capers for garnish if desired serve warm with green vegetable",5.0,7.0,5.5,5.5,7.0,5.0
28141,best marinated pork tenderloin,"soy sauce, olive oil, garlic cloves, fresh ginger, brown sugar, pork tenderloin","place pork tenderloin in large ziploc bag peel and lightly crush garlic add garlic and ginger to bag whisk together soy sauce , olive oil and brown sugar in medium mixing bowl pour over pork tenderloin marinate in ziploc bag in fridge for up to 3 days remove from bag and discard marinade grill on bbq or broil in oven until medium very dark and tasty with a light pink centre great over rice or with baked potatoes and grilled asparagus",6.0,7.5,4.5,6.0,4.0,5.0
333403,chocolate cinnamon toast,"granulated sugar, unsweetened cocoa powder, cinnamon, ground cardamom","combine all ingredients store in a container with a ""shaker"" lid sprinkle over buttered toast",3.5,1.0,1.0,2.0,3.0,1.0
116003,quinoa and mushroom skillet,"olive oil, red onion, quinoa, vegetable stock, fresh mushrooms, salt, pepper","heat oil in a large skillet over medium heat add onion stir often and cook for 5 minutes or until golden stir in quinoa and cook , stirring often , for 1-2 minutes or until lightly toasted pour in stock , stir in mushrooms , and cover cook for 15 minutes or until liquid is absorbed season with salt and pepper serve",4.8,4.5,3.5,3.5,4.0,3.5
107594,cuban roast pork with mojo criollo,"pork roast, fresh garlic, dried oregano, kosher salt, pepper, oranges, juice of, limes, juice of, blood orange juice, red wine, olive oil, yellow onion","combine 1 / 2 of the grated garlic , all of the dried oregano , 2 teaspoons salt and the pepper into a paste score the trimmed roast with a knife point and rub the paste into the roast , then place roast in a gallon freezer bag or other dish / container that will fit in the refrigerator pour juice of 3 oranges , juice of 3 limes , the red wine , and 2 teaspoons of the lite olive oil over the roast , seal bag and turn the bag several times to combine the ingredients place in refrigerator for at least 3 hours , or the day before you plan to serve heat oven to 350f place roast and marinade in a roasting pan , cover with foil , and roast until the meat falls apart when pulled with a fork , 3 to 4 hours , up to 6 depending on the cut- it must become fork tender remove roast from oven and let it rest for 20 minutes , then pull roast into shreds with a fork , leaving the meat in the pan juices- it's ready to serve prepare mojo criollo: put onion slices in a bowl deep enough for the onions to be covered with the juice put the rest of the fresh grated garlic , 1 teaspoon kosher salt , juice of 3 limes and juice of 5 oranges and the optional juice of 2 blood oranges over the onions , press down to make sure onions are submerged in the juice allow the onions to marinate in this mixture for at least 20 minutes heat 1 / 4 cup of the lite olive oil in a skillet quickly and carefully , pour the onions and all the juices into the hot oil and""stir fry"" for about 2 to 3 minutes , just to soften the onions pour the mojo into a serving dish and serve with the roast on the side",6.0,5.5,5.5,7.5,8.0,7.0
23500,banana orange shake,"banana, fresh orange juice, fresh lime juice, plain yogurt, sugar, lime, orange","in a blender , blend banana , orange juice , lime juice , yogurt , and sugar until the shake is smooth pour into a chilled cocktail glass and garnish with the orange and lime slices",5.5,1.5,2.5,3.5,5.0,1.5
26459,strawberries   grand marnier,"strawberries, grand marnier",mix strawberries and grand marnier in a small bowl it may be necessary to add sugar if the strawberries are not sweet enough let the strawberries sit at room temperature for several hours stir periodically,5.5,1.0,1.0,2.0,1.5,2.0
108248,nestle toll house chocolate chip pan cookie,"all-purpose flour, baking soda, salt, butter, granulated sugar, brown sugar, vanilla extract, eggs, semi-sweet chocolate chips, nuts","preheat oven to 375 grease a 15x10-inch jelly roll pan combine flour , baking soda and salt in small bowl beat butter , both sugars and vanilla in large mixer bowl add eggs one at a time , beating well after each gradually beat flour mixture into butter mixture stir in chocolate chips and nuts spread into prepared pan bake 20-25 minutes or until golden brown",5.0,3.0,7.0,8.0,6.0,4.0
348358,crock pot chicken chow mein,"vegetable oil, boneless skinless chicken breasts, carrots, green onions, celery, low sodium chicken broth, granulated sugar, light soy sauce, crushed red pepper flakes, ground ginger, garlic clove, bean sprouts, water chestnuts, cornstarch, water","heat oil in skillet brown chicken , stirring to brown all sides put chicken pieces in crockpot stir in all ingredients except cornstarch and water cover and cook on low for 6 to 8 hours turn to high combine cornstarch and cold water in a small bowl stir until mixture is smooth and cornstarch is dissolved stir into the slow cooker liquids keeping cover slightly ajar to allow steam to escape , cook on high until thickened , about 15 to 30 minutes serveover rice or chinese noodles",5.0,6.5,3.5,4.5,10.0,5.0
105451,pork chops,"bacon, oil, all-purpose flour, homemade chicken stock, gravy mix, vegetable oil, pork loin chops, salt & fresh ground pepper, onions, garlic, fresh thyme leave, bay leaf","fry the bacon on a medium heat until brown and slightly crisp remove and set aside turn the heat down and into the same pan add 1 tbs of oil and fry the onions until golden , add the garlc , bay leaf and thyme-remove and set aside heat the oil in a large skillet over high heat until shimmering , 2 to 3minutes meanwhile , pat the chops dry with paper towels and season generously with salt and pepper place the chops in the pan in a single layer and cook until a deep brown crust forms , about 2 minutes turn the chops over and cook for another 2 minutes transfer to a pan that has a very tight lid arrange the chops on the bottom and cover with the onions mix the packet of instant gravy mix with the stock and the flour and pour over the top of the onions sprinkle with remaining bacon and place the lid on tightly cook for 20 minutes on a medium heat remove the lid and keep reducing the sauce until it is of a gravy like consistency",5.0,7.5,7.0,7.5,8.0,6.0
79024,marshmallow puffs,"unbleached all-purpose flour, sugar, salt, active dry yeast, milk, water, margarine, egg, cinnamon, marshmallows","in a large bowl combine 1 1 / 2 cups flour , 1 / 4 cup sugar , salt and yeast blend well in small saucepan , combine milk , water and 1 / 3 cup margarine or butter until very warm add warm liquid and egg to flour mixture blend at low speed until moistened and well blended stir in an additional 2 to 2 1 / 4 cups flour until dough pulls cleanly away from the sides of the bowl on a lightly floured surface , knead in 1 / 2 to 3 / 4 cups flour until dough is smooth and elastic , about 5 minutes place dough in large , well greased bowl , cover loosely with plastic wrap and cloth towel let rise in a warm place until doubled in size , about 45 to 60 minutes generously grease 24 muffin cups punch down dough several times to remove air bubbles divide dough in half roll each half into 12 inch by 9 inch rectangle cut each half into twelve 3-inch squares in a small bowl combine 1 / 2 cup sugar and cinnamon , blend well dip each marshmallow into melted margarine or butter and then roll in sugar-cinnamon mixture place each marshmallow in the center of a dough square bring the corners of the dough square up and around the marshmallow to completely seal place seam side down in prepared muffin cups cover and let rise in warm place until doubled , about 30 minutes heat oven to 375f bake about 20 minutes or until golden brown in color remove from muffin cups immediately brush tops with melted butter and dip in sugar serve warm or cold",6.2,3.0,7.0,7.5,6.0,8.0
79309,mama s creamed peas for sick tummies,"peas, milk, flour, butter, salt, pepper","melt butter in a large sauce pan whisk in flour and allow to cook for 1 minute slowly add milk , whisking the whole time to prevent lumps add salt and pepper allow to cook until sauce starts to thicken add peas , stir and cook until peas are heated through about 5-7 minutes can be served alone or over toast",3.5,4.0,5.0,5.0,4.0,3.5
66127,pickled onions,"cider vinegar, sugar, cumin seed, salt, red onions, cilantro","bring vinegar , cumin , salt and sugar to a boil in a saucepan , then reduce heat and simmer 5 minutes add onions , simmer for 2 minutes more transfer to a bowl , stir in cilantro this tastes better after it sits for a few days or more , covered and refrigerated",5.0,4.5,1.0,1.5,4.5,3.0
310795,best peanut butter rice krispy treats  no corn syrup,"butter, mini marshmallows, vanilla, peanut butter, rice krispies","melt butter in large saucepan over med-low heat , stir in marshmallows stir until melted add peanut butter until combined , remove from heat stir in rice krispies i just pour directly from the box , so i don't have exact measurements i would start with 6 cups and add more as needed it shouldnt be too gooey press into greased 13x9 pan cool completely and cut",4.5,2.5,6.0,7.0,3.5,2.5
171939,basil and feta spread,"basil leaves, chives, onions, garlic cloves, feta cheese, olive oil","process basil leaves , chives and onions in food processor until fine add feta and garlic and process until well mixed slowly add enough olive oil to make spreadable",4.5,7.5,6.5,6.5,4.5,2.0
107549,cranberry  crab   cream cheese bites,"whole berry cranberry sauce, cream cheese, crabmeat, green onions, miniature phyllo sheets, salt, pepper","preheat oven to 375 degrees f place cranberry sauce in a small mixing bowl and beat with a wire whisk until smooth combine cream cheese , crab meat and green onion in a small mixing bowl fill each shell with about 1 teaspoon of the cream cheese mixture top with 1 / 2 teaspoon cranberry sauce bake for 10 minutes or until heated through enjoy !",7.0,5.5,5.5,6.0,5.0,4.0
136916,swedish pot roast,"chuck roast, nutmeg, cinnamon, ginger, pepper, onions, brown sugar, red wine vinegar, bay leaves, salt and pepper, potatoes, carrots","rub the spices on all sides of the meat and brown you may add oil , if necessary add onions , brown sugar , bay leaves , vinegar add water to cover the meat place veggies on top cook overnight on low in the crockpot",5.0,5.0,5.0,7.0,7.0,5.0
361281,marvelous middle eastern marinated yogurt lemon chicken,"plain yogurt, lemon zest, lemon juice, garlic clove, ground cumin, ground coriander, red pepper flakes, black pepper, salt, boneless skinless chicken","mix the yogurt with the seasonings place in a plastic bag with the chicken marinate for 2 hours to overnight pound chicken in the bag with the marinade to 1 / 2 thick and grill , saute , skewer or bake until lightly browned and cooked through serve with rice or pasta and salad and enjoy !",5.5,5.0,3.0,4.5,7.0,4.5
221236,coleslaw with apple and onion,"cabbage, carrot, sweet green pepper, apple, green onions, salt and pepper, plain yogurt, light mayonnaise, fresh lemon juice, dried dill","in serving bowl , combine cabbage , carrot , green pepper , apple and onions yogurt dressing: combine yogurt , mayonnaise , lemon juice and dillweed , mixing well pour over salad and toss to mix season with salt and pepper to taste make ahead: salad can be covered and refrigerated for up to one day nutrition bonus: one serving is a very high source of vitamins a and c , and a high source of folacin",5.5,3.5,3.5,3.0,7.0,2.5
416397,quick and easy yunnan potatoes,"peanut oil, dried thai chiles, potatoes, scallion, salt","heat wok or heavy skillet over high heat add oil and swirl to coat bottom of pan add chiles and cook , stirring , until they begin to puff up , about 30 seconds add potatoes and stir-fry for about 3 minutes , pressing them against the pan to brown them add scallions and salt and stir-fry another 2 minutes i prefer to remove the chiles before serving serve hot , cold or at room temperature",5.0,4.5,5.5,4.0,3.5,3.5
122199,fantastic grilled beef kabobs,"boneless beef top sirloin steak, french dressing, worcestershire sauce, fresh lemon juice, black pepper, fresh garlic, bacon, green bell pepper, red bell pepper, zucchini, fresh mushrooms, onion","in a bowl , combine salad dressing , worcestershire sauce , lemon juice , pepper and fresh minced garlic or garlic powder mix well to combine reserve about 1 / 4 cup and refrigerate using a shallow glass dish place in the beef cubes , and pour the remaining marinade over the beef toss to coat cover and refrigerate for 8 hours or overnight is even better after 8 hours , remove the beef , and discard the marinade wrap the bacon slices around the beef cubes then thread the beef alternately with the coarsely chopped veggies grill over hot heat for about 10-15 minutes , basting frequently with reserved marinade , or until beef reaches desired tenderness",7.5,5.5,5.5,6.5,8.0,6.0
119137,sophisticated meatballs,"ground beef, dry breadcrumbs, milk, egg, onions, worcestershire sauce, salt, pepper, condensed cream of mushroom soup, cream cheese, water","combine first 8 ingredients and shape into meatballs place on baking tray and cook in 375 degree oven 30 minutes or until brown remove balls , pour off drippings and stir in 1 can condensed cream of mushroom soup , one package cream cheese and water mix until well blended and hot serve meatballs and sauce over hot noodles",4.8,6.0,6.0,7.5,7.0,5.0
404109,lunch ladies creamy italian spinach,"frozen spinach, bacon, sour cream, parmesan cheese, garlic powder, salt","with kitchen shears cut raw bacon into small pieces and fry until crispy but not burned , drain well on paper towels place spinach in a large corning ware type bowl that is micro-wave safe add bacon , sour cream , cheese and seasonings to the spinach stir well to combine heat covered in a microwave oven for 3 minutes remove from microwave and stir well heat for additional 2 minutes option: for a nicer presentation , after microwaving sprinkle parmesan cheese over top of the spinach and place in 350f oven for about ten minutes or until cheese is melted and beginning to brown",3.8,7.0,7.0,7.0,4.0,3.0
174086,maori   new zealand  fry bread,"water, yeast, sugar, all-purpose flour, salt, cooking oil","stir together water , yeast , sugar and 2 tablespoons flour leave to stand for 15 minutes in a warm position at the end of 15 minutes this should have about 2 inches of froth on top in a large bowl put in 8-10 cups plain flour add a pinch of salt and stir make a well in centre and add the yeast mixture gradually stir in flour but don't add too much flour at once - a light hand is the story when the liquid has absorbed as much flour as necessary for it to be kneaded place on a floured board and knead until you can sit the dough in the palm of hand spread some plain flour on a baking board let this stand for 15 minutes -- this is the working time for the yeast and the dough should be nice and spongy and fluffy as soon as i have let the dough stand for 15 minutes i prepare my cooking pot sufficient lard , dripping , cooking oil or tallow to cover at least 1 / 3 of cooking utensil heat until blue smoke rises cooking again ! don't worry overly much about the dough if it fluffs up nice and spongy and fat is not ready to fry bread , then just knead the dough again and let stand , but perhaps for only 10 minutes this time all things being equal , the dough and the fat should be ready together by this time so press the dough out cut into required shaped , pressing to about 1 / 4 inch thick fry one side , then brown fry other side and there is your bread well , hope you enjoy your cooking and eating signed -- ngati tarwhai cooks",4.5,4.0,9.0,7.0,4.0,7.5
136075,everything breakfast bar vii,"quick oatmeal, baking powder, salt, cinnamon, raisins, chocolate chips, eggs, canned pumpkin, milk, maple syrup, sugar, vanilla","preheat oven to 325f grease two 9"" x 13"" pans combine dry ingredients in large bowl , stirring well combine wet ingredients in a large bowl whisk thoroughly for a uniform , lump-free mixture pour wet ingredients into dry stir well pour into greased pans and bake for 40 minutes letting them cool completely will make slicing easier , if you have the willpower to wait that long !",4.5,2.5,3.0,5.0,7.5,4.0
25152,pan fried potatoes with turmeric  for 1 double for 2,"potato, oil, onion, turmeric, garlic clove",wash potato and slice very thin place directly in a heated frypan with oil season with garlic and turmeric cook on medium heat for 10 minutes add sliced onion and cook for another 4 minutes,4.5,2.0,5.5,4.0,3.5,3.0
126823,chocolate frozen fudge pops,"sugar, all-purpose flour, baking cocoa, milk","i couldn't get this put in the ingredients because it didn't recognize it , but you'll need 10 popcicle molds or plastic cups and 10 popcicle sticks in a saucepan , combine the sugar , flour and cocoa gradually stir in milk until smooth bring to a boil over medium heat cook and stir for 2 minutes or until thickend cool slightly pour 1 / 4 cup into each mold or plastic cup top with holders and insert popsicle sticks freeze until set may be frozen for up to 3 months",5.0,1.5,2.5,4.5,3.0,3.5
12227,collin s beer batter,"eggs, beer, flour, salt, pepper, nutmeg, baking powder","combine eggs and beer add dry ingredients all at once mix smooth , adjust consistency as required if batter is heavy , adjust with a small amount of milk , if batter is too thin , adjust with cornstarch do not over mix dredge fish or vegetable lightly in cornstarch shake off excess , dip in batter and immerse directly into fat cooking at 375 degrees",5.5,4.5,9.5,7.0,5.0,3.5
2897,strawberry banana smoothie,"strawberries, bananas, vanilla yogurt, rice bran, skim milk, lemon juice, honey","cover and freeze strawberries and sliced bananas until firm , about 4 hours or overnight combine all ingredients in a blender process until smooth serve immediately in chilled glasses mmmmm mmmmm----- recipe via meal-master v8 06",5.5,1.5,2.0,3.5,5.0,2.0
77354,wonton wrappers,"all-purpose flour, salt, egg, water, flour","mix the salt and the flour in a small bowl , add 1 / 4 cup water to the egg and beat gently make a well in the middle of the flour , and add the egg-water mixture mix into the flour , adding remaining water as needed knead the dough into a ball keep kneading until smooth place the dough in a large bowl , cover with a damp cloth and let rest for 1 hour cut the dough into quarters place one of the quarters on a well-floured surface , and roll out with a rolling pin until very thin cut the dough into the desired shapes if stacking , dust the wrappers lightly with flour or cornstarch to keep them from sticking together keep cut wrappers covered with plastic wrap to keep them from drying out too much repeat with the other quarters if not using immediately , wrap in plastic wrap and store in the refrigerator or freezer",3.5,2.5,1.0,3.0,3.0,5.5
335904,white chocolate cranberry muffins,"flour, baking powder, nutmeg, cinnamon, egg, sugar, oil, milk, white chocolate, cranberries","preheat the oven to 180 c and line a muffin pan in a bowl mix flour , baking powder , white chocolate and the spices in a second bowl beat the egg add sugar , oil and milk and blend in well give the flour mixture to the egg mixture add the cranberries and blend in only until a smooth dough has formed pour into the muffin tin and bake for 20-25 minutes",5.5,2.5,5.5,5.5,6.0,4.0
111373,soy sauce substitute   gluten free,"low sodium beef broth, cider vinegar, molasses, ground ginger, black pepper, garlic powder, onion powder",combine all ingredients in a small sauce pan and boil uncover until reduced to 1 / 2 cup store in refrigerator stir / shake before using,2.5,5.5,1.0,2.0,5.0,2.5
423818,grilled fillet steak with herbs,"steak fillets, cooking oil, lemon juice, dried parsley, garlic cloves, dried basil, fresh ground black pepper, salt","mix oil , lemon juice , parsley , garlic , basil and pepper roll steak in mixture and leave in refrigerator for 1 hour place meat on the rack of a grill pan and cook 10 cm under a pre-heated grill for 5 to 7 minutes in total or 7 to 10 minutes in total , basting meat with remaining oil mixture season with salt and serve immediately",6.5,4.5,5.0,6.5,5.5,4.5
222668,frozen strawberry smoothie,"milk, frozen strawberries, splenda sugar substitute, vanilla, whipped cream","put all ingredients into blender mix on medium-low , until strawberries are fully crushed and mixture is smoothly blended serve , topped with whipped cream is desired adults may enjoy this with a shot of rum blended inches",5.5,1.5,3.5,4.0,3.5,1.5
225682,moms yellow squash casserole,"yellow squash, white onion, chicken stove top stuffing mix, cream of mushroom soup, sour cream, four-cheese mexican blend cheese","cook squash until tender , drain and mash add onion , stove top , mushroom soup , sour cream and mix well in a large casserole dish top with cheese and bake at 350 for 30 minutes or until cheese has totally melted",4.5,6.0,6.0,7.0,4.5,4.0
7820,mexican style shrimp cocktail,"water, lime juice, garlic clove, salt, pepper, shrimp, avocado, jalapeno chiles, tomatoes, onions, roasted red peppers, carrots, cilantro, olive oil, lettuce, lemons","heat water , lime juice , garlic , salt and pepper to boiling in a 4-quart dutch oven reduce heat simmer uncovered until reduced to 2 / 3 cup add shrimp cover and simmer 3 minutes do not overcook immediately remove shrimp from liquid with slotted spoon place in bowl of iced water simmer liquid until reduced to 2 t cool mix reduced liquid , shrimp and remaining ingredients except shredded lettuce and lemon wedges in a glass or plastic bowl cover and refrigerate at least 1 hour just before serving place 1 / 4 cup lettuce on each of 6 serving dishes divide shrimp mixture among dishes garnish with lemon wedges",7.0,5.5,3.0,4.0,9.5,5.5
487283,cheesy chicken  broccoli   rice casserole   no canned soups,"white rice, water, chicken bouillon cubes, broccoli, butter, onion, garlic cloves, thyme, cooked chicken, milk, mayonnaise, salt and pepper, shredded cheddar cheese","boil water , adding bouillon cubes add rice and broccoli and cook covered on low heat for 12-15 minutes while rice is cooking , heat butter over medium heat in medium pan add onions and cook until softened and just starting to carmelize , about 8 minutes add garlic and cook an additional 2 minutes turn off heat , add thyme , chicken , mayonnaise and milk , stirring to combine once rice mixture is ready , remove from heat and dump in 9x11"" glass pyrex pan add chicken and sauce mixture , 1 1 / 2 cups of cheese and mix well add salt and pepper to taste sprinkle remaining cheese on top cook at 350 degrees approx 25 minutes or until cheese is melted",4.5,6.5,6.5,7.0,8.0,5.5
147368,brenda s cabernet soy tri tip,"cabernet sauvignon wine, sugar, soy sauce, fresh ginger, garlic cloves, tri-tip steak","in a plastic food bag , combine wine , sugar , and soy sauce with the flat side of a knife , crush ginger and garlic add to wine mixture wipe beef with a damp towel and put in bag , seal , and shake to mix set bag in a pan and chill , turning occasionally , at least 30 minutes or up to 1 day lift beef from bag , reserving the marinade lay meat on a grill above a solid bed of medium coals or on a gas barbecue on medium heat cover gas grill turning beef as needed to brown evenly , cook until a thermometer inserted in center of thickest part registers 125 for rare , 20 to 30 minutes total for a 1 1 / 2- to 2-inch-thick piece transfer meat to a carving board , keep warm , and let rest 5 to 10 minutes meanwhile , pour reserved marinade into a 1- to 2-quart pan over high heat , boil marinade until reduced to about 1 / 2 cup , about 5 minutes with a slotted spoon , discard ginger and garlic pour marinade sauce into a bowl and add juices that have drained from meat slice meat thinly across the grain and accompany with sauce",6.5,7.5,4.5,7.0,4.0,5.5
212572,la parilla taqueria guacamole,"jalapeno, fresh cilantro, avocado, salt, water, onions",put all the ingredients except the onion in a food processor and blend until very smooth pour into a bowl and stir in the onion use immediately i sometimes add more cilantro and jalapeno,4.5,4.5,6.0,5.5,4.0,1.5
4263,low fat chicken with caramelized onions,"salt, thyme, red pepper, black pepper, chicken broth, balsamic vinegar, onion, boneless skinless chicken breast","coat large skillet with cooking spray and place over medium heat until hot add onion cover and cook 10 minutes until deep golden stirring often combine salt , thyme , red pepper and black pepper sprinkle half the mixture over onions add 1 / 4 cup chicken broth and cook 10 minutes , stirring frequently add 6 tablespoon broth and cook until liquid evaporates repeat procedure with remaining broth add vinegar and cook an additional 2 minutes or until most of the liquid evaporates remove from pan and keep warm rub chicken with remaining spice mixture coat skillet with cooking spray and heat add chicken and cook for 2 minutes on each side serve with onions",5.0,4.5,2.0,3.5,6.0,5.0
48025,sausage cornbread stuffing,"cornbread stuffing mix, celery, onion, butter, sausage, salt, pepper, thyme, chicken broth, pecans","saute onions and celery in butter , set aside saute sausage meat until browned , drain preheat oven to 350f mix veggies and sausage in large bowl add cornbread , broth , thyme , salt and pepper , and toasted pecans bake 30 minutes covered , 15 minutes uncovered",4.5,6.5,7.0,7.0,6.5,5.0
226392,baked apple donuts,"apple, flour, sugar, salt, egg, nutmeg, milk, shortening, baking powder, cinnamon-sugar mixture, butter","mix dry ingredients together cut in shortening until mixture is fine mix together egg , milk , and apple and add all at once to dry ingredients mix quickly fill greased muffin tins 2 / 3 full bake at 350 degrees for 20-25 minutes remove from pan and roll in melted butter and then in cinnamon and sugar mixture delicious !",5.5,3.0,7.0,7.0,7.0,4.5
215815,citrus bars,"all-purpose flour, nonfat sour cream, powdered sugar, unsalted butter, eggs, egg whites, orange juice, lemon juice, lemon zest, baking powder","preheat oven to 325 degrees f line 9"" square baking pan with enough foil to overhang sides by 2"" , then coat with cooking spray at medium speed , beat flour , sour cream , 3 tablespoons powdered sugar & butter until combined press dough onto bottom of pan , & prick with fork bake 20 minutes or until lightly browned at low speed , beat eggs , whites , juices , zest , baking powder & 1 1 / 2 cups powdered sugar until combined pour over warm crust bake 40 minutes or until set cool on wire rack , & if desired , sprinkle with additional powdered sugar before cutting into bars",5.8,2.0,5.0,6.0,6.5,5.5
378557,east european cucumber salad,"english cucumber, onion, garlic clove, yogurt, vinegar, sunflower oil, salt and pepper, sugar, dill","half the cucumber lengthwise and slice thin half the onion and slice really thin to a small bowl add : garlic , yogurt , vinegar , oil , salt , pepper and sugar mix thoroughly with the cucumber and onion taste and adjust seasoning you could eat it now or put in the fridge for a while before serving fold in the dill",5.5,3.5,3.5,2.5,6.0,2.5
59948,tirokafteri  spicy cheese spread,"feta cheese, olive oil, greek yogurt, garlic, tabasco sauce",beat all the ingredients with a mixer until combined and fluffy keeps up to 1 week in refrigerator,4.2,7.5,7.0,7.0,4.0,1.5
128132,low fat bisquick oven fried chicken,"chicken pieces, bisquick reduced-fat baking mix, paprika, salt, pepper, butter","place butter in 13x9 pan preheat oven to 425f and place pan and butter in oven while it's preheating combine bisquick , paprika , salt , and pepper in a large resealable bag skin chicken , if desired rinse each piece under cold water then place in bag , one or two pieces at a time , and shake to coat well when butter is melted in pan , place meat in pan , meaty sides down bake 35 minutes turn pieces over and bake an additional 10-15 minutes or until internal temperature reaches 160f excellent with mashed potatoes , biscuits , and green beans !",5.5,5.5,6.5,6.5,4.5,4.5
18657,healthy mango lassi,"yogurt, water, ice cubes, mango, cardamom powder, sugar, mint",combine all ingredients in a blender blend and garnish with fresh mint serve chilled !,5.8,1.5,2.5,3.5,4.5,1.5
185892,honey barbecue chicken wings,"chicken wings, kosher salt, garlic powder, sugar, paprika, black pepper, cayenne, cooking spray, barbecue sauce, honey, ketchup, hot sauce, butter","wash , dry , and season the wings with the salt , garlic , pepper , cayenne , sugar , and paprika preheat the oven to 375 spray a cookie sheet with a generous spray of cooking spray place the wings in a single layer on the cookie sheet , and place in the oven cook for 35-40 minutes , depending on the size of the wings , turning once while they are baking , make the sauce by slowly simmering the sauce ingredients over the lowest heat when the wings are done baking , carefully dip them in the sauce , and place them back in the oven for another 5 minutes , or until the sauce is bubbling enjoy ! and remember to save some for everyone else !",6.0,6.5,7.0,7.5,8.5,5.5
31311,stormy s reese s peanut butter cup cookies  2 ingredients,"miniature peanut butter cups, peanut butter cookie dough","place unwrapped peanut butter cups in freezer before starting preheat oven to 350 degrees using miniature muffin tins , place a 1 inch ball of dough in each cup bake for about 5 minutes less than package directions instruct remove from oven and leave in pans remove candy from freezer and carefully press one into each cookie remove from tins after they are almost cool cool completely on racks",5.0,3.0,7.0,8.0,2.0,3.0
304207,cowboy burgers,"olive oil, onions, hamburger patties, a.1. original sauce, tomatoes, hamburger buns, cheddar cheese","preheat grill to medium heat meanwhile , heat oil in large nonstick skillet on medium-high heat add onions cook 5 minutes , stirring frequently cover with lid simmer 20 minute or until onions are golden brown , stirring frequently meanwhile , grill patties 5 minute on each side or until medium doneness stir steak sauce into onion mixture place 1 tomato slice and burger on bottom half of each bun cover with 1 slice cheese , 3 tablespoons of the onion mixture and top of bun",6.0,5.5,6.5,7.0,5.0,4.5
68336,honey lemonade,"water, lemons, honey",place the water in a jug squeeze juice from lemons into water and add honey mix all three ingredients together thoroughly and chill before serving,4.5,1.0,1.0,1.5,2.0,1.0
208991,pani popo  hawaiian coconut bread,"frozen dinner rolls, coconut milk, sweetened condensed milk, white sugar","coat a 9x13 inch baking dish with cooking spray coat your hands with cooking spray or shortening , and roll the dough balls in your hands so that they have a light coating place in the prepared dish set aside in a warm place to rise until doubled , up to 2 hours preheat the oven to 350 degrees f in a small bowl , stir together the coconut milk , sweetened condensed milk and sugar pour this mixture over the top of the rolls as evenly as you can bake for 30 minutes in the preheated oven , until golden brown let cool for a few minutes before separating and serving",5.5,2.0,4.0,7.0,3.0,4.5
59508,chicken and egg on rice  oyako donburi,"boneless skinless chicken breasts, eggs, shiitake mushrooms, onion, water, soy sauce, mirin, sugar, cooked rice, cilantro","cut the chicken breast into thin slices soak dried shiitake mushrooms in lukewarm water until soft cut off hard stems and cut in halves cut onion into thin slices chop cilantro in a large skillet with a lid , mix all the simmering sauce ingredients and bring to a boil add chicken , mushrooms and onion and cook over medium heat for 3 to 4 minutes , or until chicken is done and onion is tender beat eggs in a small bowl , then pour over the chicken and cover with a lid cook until the egg is set , about 1 minute on low heat sprinkle cilantro on top to serve: put about 1 1 / 4 cup of rice in a large , deep bowl and gently lay 1 / 4 of the chicken and egg mixture on top pour simmering sauce over and serve immediately",6.0,6.5,3.5,5.5,6.5,4.5
134019,garden herb braid,"all-purpose flour, sugar, fast rise yeast, salt, dried marjoram, dried thyme, parsley flakes, dried basil, dried oregano, dried rosemary, sage, milk, water, butter, egg, dried parsley flakes","in a large mixing bowl , combine 1-1 / 2 cups flour , sugar , yeast , salt and herbs in a saucepan , heat the milk , water and butter to 120-130f add to dry ingredients beat just until moistened add egg beat until smooth stir in just enough remaining flour to form a soft dough turn onto a floured surface knead until smooth and elastic , about 4-6 minutes cover and let rest for about 10 minutes divide dough into thirds shape each portion into a 15 inch rope place ropes on greased baking sheet and braid pinch ends to seal and tuck under cover let rise until doubled , about 20 minutes bake at 375f for 25-30 minutes or until golden brown brush with melted butter combine herbs sprinkle over bread then remove from pan to a wire rack to cool yield: 1 loaf",6.5,4.5,5.5,5.5,9.0,7.0
299893,peanut butter truffle brownies,"original supreme brownie mix, water, vegetable oil, eggs, butter, creamy peanut butter, powdered sugar, milk, semi-sweet chocolate chips","heat oven to 350f grease bottom only of 13x9-inch pan with cooking spray or shortening in medium bowl , stir brownie mix , pouch of chocolate syrup , water , oil and eggs until well blended spread in pan bake 28 to 30 minutes or until toothpick inserted 2 inches from side of pan comes out almost clean cool completely , about 1 hour in medium bowl , beat filling ingredients with electric mixer on medium speed until smooth spread mixture evenly over brownie base in small microwavable bowl , microwave topping ingredients uncovered on high 30 to 60 seconds stir until smooth cool 10 minutes spread over filling refrigerate about 30 minutes or until set for brownies , cut into 9 rows by 4 rows store covered in refrigerator",6.0,3.0,8.0,9.0,6.0,6.0
101117,giligans island cocktail,"orange juice, cranberry juice, vodka, peach schnapps",pour all ingredients in a shaker with ice shake for 30 seconds strain and serve in tall cocktail glasses,5.5,1.0,1.0,2.5,3.0,1.5
157068,cilantro lime rice,"cooked rice, limes, lime, zest of, fresh cilantro, salt","once your rice is cooked fluff with fork add lime juice , zest , cilantro and salt stir well serve warm enjoy",4.5,4.0,1.0,2.5,3.5,1.5
263262,fiesta tamale pie   weight watchers,"lean ground turkey, onion, green bell pepper, black beans, jalapeno peppers, sweet corn cake mix, sharp cheddar cheese, salsa","heat oven to 375 degrees in large skillet cook turkey , onion , and bell pepper until turkey is cooked stir in beans , salsa , and jalapenos prepare corn mix and pour into greased 9"" pie plate spoon meat mixture onto corn mix and bake 30 to 40 min or until set remove from oven and sprinkle with cheese and return to oven for 5 min or until cheese is melted let cool 5 min before serving",5.0,5.5,5.0,6.5,5.5,4.5
65112,oven roasted sweet potato fries,"sweet potatoes, olive oil, paprika, ground cumin, salt","preheat the oven to 425 wash and clean potatoes in a large bowl , stir together the olive oil , paprika , and cumin and set aside cut the potatoes into medium""french fries"" toss the potatoes in the oil and spices until well coated arrange the potatoes in a single layer on a baking sheet prepared with cooking spray or lightly oiled bake for 25 to 40 minutes , stirring occasionally , until the fries are golden and crisp sprinkle with salt to taste and serve immediately",5.5,4.0,5.0,4.0,3.5,4.0
80129,sweet challah bread,"warm water, honey, active dry yeast, bread flour, olive oil, egg, egg yolks, kosher salt, sugar, water, poppy seeds","in a large mixing bowl , stir together the water , honey and yeast let stand for 5 minutes stir in 1 cup bread flour , and cover with a towel let stand for 30 minutes stir in the olive oil , whole egg , and egg yolks until very well mixed add the salt , sugar , and the rest of the flour you should have a sticky dough pour dough out onto a well floured surface and knead , adding flour as you need it , for 10 minutes place dough in a large greased mixing bowl and let rise for 1 hour place dough in the refrigerater and let rise over night or at least 6 hours turn dough out on a corn mealed surface and cut it into two proportional pieces cut and braid the two dough balls , place in two loaf pans or form the jewish circle with them let dough rise for 1 hour and preheat your oven to 375f beat 1 egg with the tablespoon of water and brush the doughs with the egg wash twice sprinkle with poppy seeds , sesame seeds , or cinnamon sugar , optional bake for 30 to 40 minutes , you may have to cover the breads with foil to stop them from browning to much after 15 or 20 minutes remove the breads from the oven and either place them in plastic bags to get a soft crust or place them on wire racks until cooled completely before storing for a crisp crust serving sugestions: make grilled sandwiches with breads , baked beans , bread pudding , thick beef stew , olive oil with herbs and black pepper , good old fashion butter ifyou would like a cheesey challah bread , just sprinkle on your favorite cheese in the last 2 minutes of baking enjoy !",7.0,4.0,5.0,6.5,7.0,8.5
356905,kittencal s soft and tender pull apart garlic rolls buns,"butter, garlic powder, warm water, sugar, dry yeast, all-purpose flour, salt, milk, shortening, egg","spray two round 8-inch baking pans with cooking spray melt 1 / 3 cup butter then mix in 1 teaspoon garlic powder until well combined drizzle enough melted butter / garlic mixture to lightly cover the bottom of the pan set the remaining butter / garlic mixture aside to use later attach the kneader blade to the heavy duty stand mixer in a small bowl or cup proof the yeast with 1 teaspoon sugar in 1 / 2 cup warm water for about 8-10 minutes or until foamy in the stainless steel mixing bowl from a heavy duty stand mixer combine 2-1 / 2 cups flour with 1 tablespoon sugar , salt and 1 to 1-1 / 4 teaspoons garlic powder , warm milk , soft shortening and egg after the yeast has been proofed pour into the bowl then start mixing / kneading adding in a little more flour if needed to create a soft smooth dough remove to a greased bowl cover and allow the dough to rise until doubled in size punch down the dough then divide into 10 even pieces then shape into balls place 5 balls in each pan stir the reserved melted butter / garlic mixture once again before using as the garlic powder may have settled on the bottom , the lightly drizzle on top of each bun using your hands turn the balls to coat in the butter mixture for even more garlic flavor pinch a small amount of garlic powder between your fingers then sprinkle over the top of each dough ball cover with a light clean tea towel and allow to rise for about 30 minutes or until almost doubled in size bake in a preheated 375 degree f oven for about 25 minutes or until golden brown",6.5,4.5,7.0,6.5,6.0,7.0
58282,spiced prawns,"prawns, garlic, lemongrass, ground coriander, ground cumin, teriyaki sauce, honey, shallots, hot sauce, peanut oil","shell and devein the prawns , leave the tails on if you want combine all the ingredients for the marinade , add the prawns , mix well , cover , put in the fridge and marinate preferably overnight when ready to cook , heat the oil in a non-stick pan and stir fry the prawns until cooked , you better do this in batches",6.5,6.0,5.0,4.5,7.0,5.0
388500,mushroom fry up,"brown button mushroom, white button mushrooms, olive oil, unsalted butter, salt, black pepper, ground coriander, chives","wipe mushrooms clean with a clean , damp cloth , then cut them in half heat a large frying pan over high heat for several minutes , then add the oil & get it really hot drop the butter into the hot oil , where it will quickly sizzle & start to turn golden before it turns brown , add the mushrooms ! quickly cook the mushrooms for no more than 4 1 / 2 to 5 minutes , stirring once or twice , until lightly browned if the mushrooms are cooked too slowly , they will stew , give off liquid & become a soupy mess season with black pepper & salt , then add the coriander & chives immediately spoon the mushrooms into a serving bowl & enjoy !",5.5,4.5,6.5,5.0,5.5,3.5
216917,ono macaroni salad,"elbow macaroni, imitation crabmeat, frozen peas, celery, hard-boiled eggs, pickle relish, salt and pepper, yellow onions, best foods mayonnaise","boil macaroni to al dente - do not over cook drain & cool add all other ingredients to cooled macaroni then add the mayo the macaroni will absorb the mayo , so you may want to make your salad a day ahead to let the flavors combine you might also want to add more mayo just before serving enjoy !",4.5,6.0,7.0,7.0,6.5,4.0
9837,mary s easy lasagna,"spaghetti sauce, water, basil, oregano, hamburger, cottage cheese, frozen chopped spinach, egg, mozzarella cheese, parmesan cheese, lasagna noodles","combine spaghetti sauce& water add browned and drained hamburger , basil& oregano to the sauce set aside combine drained cottage cheese and egg set aside in a 13x9 glass baking dish , ladle enough sauce on the bottom to make a very thin layer place 3 uncooked lasagna noodles evenly on top of sauce ladle a little more sauce on top of noodles place some of the spinach on top , then cottage cheese mixture , then sprinkle with mozzarella cheese repeat two more layers sprinkle the parmesan cheese over the top cover tightly with foil bake at 350f for 30 minutes remove foil& bake an additional 30 minutes remove from oven , and let lasagna sit for about 10 minutes to ""set up"" serve with a nice salad and your favorite italian bread",5.5,6.0,6.0,7.5,7.5,6.0
456660,adobo seasoning   delicioso style,"lemon pepper seasoning, garlic powder, onion powder, dried oregano, parsley flakes, achiote powder, ground cumin, salt",combine the spices in a small glass jar and seal with an airtight lid shake to blend and you're done !,2.0,8.0,1.0,1.0,5.5,1.0
84439,better banana bread,"flour, sugar, baking soda, salt, eggs, sour cream, unsalted butter, vanilla, bananas, pecans","preheat the oven to 350 degrees and adjust a rack to the center position lightly butter and flour a 9-by-5-inch loaf pan whisk together the first four ingredients in a large bowl and set aside place the eggs , sour cream , butter and vanilla in the bowl of a food processor process until the mixture is homogenous , about 30 seconds break up the bananas into 1 inch pieces and add them to the food processor pulse until the bananas are broken up but not quite pured with small chunks remaining add the banana mixture along with the optional mandatory nuts to the dry ingredients using a rubber spatula , fold together until the dry ingredients are just moistened and no streaks of flour remain transfer to the prepared loaf pan and bake until the top is a dark golden brown with a cracked , domed top , and a tester inserted into the center of the cake comes out clean , about 55 to 60 minutes cool for 5 minutes before removing bread from pan continue to cool on a wire rack for several minutes more serve warm or at room temperature",5.2,3.0,6.5,6.5,6.5,4.5
11624,graciela s baked ham,"ham, yellow mustard, brown sugar, pineapple","make a paste with mustard and brown sugar add pineapple juice to thin it a little put ham into roasting pan and rub the mixture all over it bake as directed on the ham label , adding pineapple rings for the last half hour",6.0,8.5,5.5,6.5,3.0,3.5
17095,garlic bread   regular loaf,"water, white bread flour, sugar, salt, butter, fresh parmesan cheese, sweet basil, garlic powder, garlic paste, fast rise yeast",place all ingredients in given order in your bread maker set for regular or rapid bake cycle,5.5,5.0,5.0,5.5,6.5,2.5
300668,potato chili,"lean ground beef, grapeseed oil, onion, jalapenos, potatoes, diced tomatoes, water, chili powder, ground cumin, oregano","in a large skillet , brown ground beef with oil , onion and jalapeno add potatoes to pan with tomatoes , water and spices simmer covered , about 25-30 minutes , or until potatoes are tender",4.5,4.5,4.5,5.5,6.0,4.0
260577,vermont maple pumpkin pie,"cooked pumpkin, pure maple syrup, milk, cinnamon, ground nutmeg, ginger, eggs, flour, salt, pie shell",preheat oven to 350 beat or blend all ingredients thoroughly and pour into unbaked pie shell bake for 45 minutes or until just firm in the center,6.0,3.0,5.0,6.5,6.5,4.0
27038,avocado and kohlrabi salad,"kohlrabi, avocados, lime juice, scallion, balsamic vinegar, extra virgin olive oil, garlic powder, salt, fresh ground pepper, feta cheese","peel the kohlrabi by cutting off the top and bottom , and peeling with a potato peeler cut into 1 / 4-inch-thick slices , then cut the slices into chunks place in a bowl cut avocados in half lengthwise tap the blade of a heavy knife in the pit , twist to remove , and discard quarter and peel avocados , then cut into chunks drizzle lime juice over avocados to prevent browning and to add flavor set aside whisk together green onion , balsamic vinegar , oil , garlic powder , and salt and pepper to taste pour dressing over kohlrabi and mix to cover mix together the chunked avocados and the kohlrabi mixture make a bed of the salad on four plates , and sprinkle each with feta cheese serve and enjoy !",6.5,5.0,6.0,5.0,7.0,3.5
161373,sweet potato bake with shredded plantain and coconut topping,"sweet potatoes, eggs, butter, sour cream, sugar, ground ginger, salt, pepper, green plantains, flaked coconut, canola oil","preheat oven to 400 degrees prick the sweet potatoes with a fork and roast them on a foil lined pan for 1 hour and 15 minutes once they are cool enough to handle , peel puree the peeled potatoes in the large bowl of a food processor until very smooth add the rest of the ingredients and blend well pour into a buttered 2 quart casserole dish and bake in a 350 degree oven for 40 minutes prepare the topping while the casserole is baking peel the plantain and run them through the grater attachment on the food processor add plantain shreds into a bowl with the ginger , salt , pepper and sugar mix lightly with a spoon heat the canola oil in a skillet until it is hot but not smoking drop plantain mixture by tablespoons into hot oil fry about three minutes on each side remove to paper towel lined platter to cool once cool , crumble the plantain combine the coconut with the plantain once the sweet potato mixture has baked for 40 minutes , add the plantain mixture to the top and lightly pat bake another 10 minutes",6.0,3.5,7.0,7.5,8.0,7.0
310392,bacon and tater tots crock pot breakfast,"frozen tater tots, canadian bacon, onion, green bell pepper, shredded cheddar cheese, parmesan cheese, eggs, whole milk, flour, salt and pepper","in 4-5 quart crock pot , layer ingredients in order: one third of the tater tots , bacon , onions , green peppers , and cheeses repeat layers two more times , ending with cheeses in a medium mixing bowl , combine eggs , milk , and flour and beat with whisk or egg beater until combined season with salt and pepper to taste pour mixture over layers in crock pot cover crock pot and cook on low the cooking time may take anywhere from four hours to overnight , depending on your crock pot",4.8,7.0,7.0,8.0,7.0,4.5
148957,candy cane coffee cake,"sour cream, active dry yeast, warm water, butter, sugar, salt, eggs, all-purpose flour, dried apricots, maraschino cherries, confectioners' sugar, water","heat sour cream over low heat just until lukewarm dissolve yeast in the warm water stir in sour cream , butter , sugar , salt , eggs and 2 cups of the flour beat until smooth mix in enough remaining flour to make it easy to handle turn dough onto well-floured board knead until smooth , about 10 minutes place in greased bowl turn once to bring greased side up cover let rise in warm place until double , about 1 hour to test for rising , stick two fingers in dough if holes remain but top stays smooth , dough is ready heat oven to 375f punch down dough: divide into three equal parts roll each part into a rectangle , 15 x 6 inches place on greased baking sheet with scissors , make 2-inch cuts at 1 / 2-inch intervals on both long sides of the rectangles combine apricots and cherries spread 1 / 3 of the fruit mixture down the center of each of the rectangles crisscross strips over the filling stretch dough to 22 inches curve to form a cane bake 15 to 20 minutes or until golden brown while warm , brush with butter and drizzle canes with thin icing if desired , decorate with cherry halves or pieces for icing , blend 2 cups powdered sugar with about 2 tablespoons water if icing is too stiff , add water a drop at a time if too thin , add more powdered sugar a little at a time",7.5,3.0,6.5,7.0,7.5,8.0
74007,pumpkin cream cheese  layer pie,"cream cheese, sugar, vanilla, egg, pie pastry, pumpkin puree, salt, cinnamon, ginger, nutmeg, eggs, evaporated milk","set oven to 350 degrees in a mixing bowl , combine cream cheese , 1 / 4 cup sugar and vanilla beat until light and fluffy beat in 1 egg spread mixture in the unbaked pastry shell combine pumpkin , 1 / 2 cup sugar , salt , cinnamon , ginger and nutmeg blend in the 2 beaten eggs and milk pour pumpkin mixture over cream cheese layer bake for about 50-60 mins , or until set cool pumpkin pie thoroughly top with whipped cream if desired",6.4,3.2,5.6,7.2,6.7,5.6
77852,breakfast burritos,"frozen southern style hash brown potatoes, eggs, half-and-half cream, salt and pepper, onion, green pepper, bulk pork sausage, flour tortillas, cheddar cheese, salsa","set oven to 350 degrees in a large skillet , fry hash browns according to package directions remove and set aside in a large bowl beat eggs with milk add chopped onion and green pepper , then season with salt and pepper pour the mixture into the same skillet cook over medium heat , stirring occasionally , until eggs are set remove from heat add the cooked hash browns and sausage mix gently place about 3 / 4 cup filling on each tortilla top with 1 / 4 cup cheese roll up , and place on a greased baking sheet bake , uncovered for 15-20 minutes , or until heated through serve with salsa if desired",5.3,6.4,6.6,7.3,6.3,5.8
17298,challah  braided egg bread,"flour, sugar, salt, yeast, water, oil, eggs","mix together 2 1 / 2 cups flour with the sugar , salt and yeast there is no need to dissolve the yeast first add the water and oil mix in 4 eggs beat in another 1 1 / 2 cups of flour very well add 4-5 cups of flour , until a very soft dough is formed knead for about 10 minutes if using the dough hook , knead for about 7 minutes let rise for 1-2 hours until doubled in size alternately , let rise in the refrigerator overnight and then let warm to room temperature for about 1 or 2 hours decide how many challahs you want , how many strands you want to braid in each make a dough ball for each strand roll them into ropes and braid let rise covered for 1 / 2-1 hour beat the remaining egg and brush on the challah bake in a preheated oven at 325 f for 30 minutes apply egg wash once more and bake for another 30 minutes at 350 f this dough is enough for 4 medium sized challahs you can really let your imagination run rampant here , making intricate braids , placing the braids in a loaf pan , even then winding them into a circle you can add about 1 / 4 cup of raisins to the dough , but we leave them out",6.8,4.0,3.8,5.6,4.5,7.2
170941,tunachiladas,"cream of chicken soup, light sour cream, green chilies, butter, cumin, onion, albacore tuna, flour tortillas, shredded cheddar cheese","combine soup , sour cream , and chiles in saucepan , saute onion , and cumin in butter until onion is tender stir in 1 / 2 cup of soup mixture into onion add tuna and mix spread 1 / 3 cup of mixture into tortilla , roll up place tortillas in greased 13x9 inch pan spread remaining soup over tortillas cover with foil bake at 400 degrees for 20 minutes uncover sprinkle with cheese bake , uncovered , 5-10 minutes or until cheese melts",4.8,6.7,6.4,7.1,5.6,5.4
113682,posh french mash,"yukon gold potatoes, garlic cloves, milk, butter, gruyere, salt, pepper, fresh parsley","put potatoes & garlic into a large saucepan , add enough water to just cover & bring water to a boil reduce heat to medium low & simmer , covered , 20 - 25 minutes until potatoes & garlic are very tender drain well , return to saucepan & put over low heat for a minute or so to dry out potatoes , shaking the saucepan so they don't stick combine milk & butter in a microwave-safe bowl & nuke on high for 1 - 2 minutes until milk is steaming & butter starts to melt stir milk mixture , cheese & seasonings into potatoes squeeze potatoes through a ricer or mash roughly with a fork , then beat until smooth with an electric mixer , being careful not to overdo it or they will become gluey spoon into a warm serving dish sprinkle with parsley & serve immediately",5.2,4.9,6.7,7.4,5.2,4.8
266173,buddha bellies,"cake flour, baking powder, salt, instant coffee powder, boiling water, vanilla extract, unsweetened chocolate, bittersweet chocolate, unsalted butter, eggs, sugar, walnuts, bittersweet chocolate chips","preheat the oven to 350f line cookie sheets with parchment paper or use non-stick cooking spray sift flour , baking powder and salt in a bowl and set aside in another bowl , combine the instant coffee and boiling water to make a paste blend in the vanilla extract set aside melt the chopped unsweetened chocolate , chopped bittersweet chocolate and the butter in a saucepan over medium low heat or in the microwave for 15 to 20 second intervals gently stir to blend in a stand mixer fitted with the whisk attachment , beat together the eggs , sugar and coffee paste mixture on high speed until light in texture and thick , 6 to 8 minute add the chocolate mixture with the machine running on medium speed on low speed mix in the dry ingredients until just blended mix in the walnuts and chocolate chips to blend scrape down the bowl as needed during mixing to blend evenly using a 1 / 4 cup-measuring scoop fill it with dough , level , and drop the dough on to a prepared cookie sheet leaving 3 to 4 inches between the cookies bake until the cookies are cracked on top but still slightly moist , about 14 minutes allow the cookies to cool slightly on the cookie sheet before transferring them to wire racks to cool completely",6.1,2.7,7.0,8.4,7.2,6.0
134185,michelada  mexican beer,"kosher salt, fresh lime juice, beer, worcestershire sauce, tabasco sauce, lime","dip rims of 2 tall chilled glasses into a saucer of water , shake off excess , then dip rims into a saucer of salt fill each glass halfway with ice , then about one-third full with lime juice , and top off each with beer add worcestershire and tabasco to each garnish with lime wedges",5.6,7.5,1.0,1.8,4.0,2.0
14835,cornmeal scones,"all-purpose flour, cornmeal, baking powder, baking soda, salt, butter, buttermilk","heat oven to 400f mix flour , cornmeal , baking powder , baking soda and salt in medium bowl cut in butter using pastry blender or 2 knives , until mixture looks like fine crumbs stir in buttermilk so dough leaves sides of bowl and forms a ball turn dough onto lightly floured surface knead lightly 10 times pat or roll into 7 inch circle on ungreased cookie sheet that has been sprinkled with cornmeal score top into 8 wedges , cutting down halfway to the bottom bake 20 to 25 minutes or until light brown immediately remove from cookie sheet , carefully separate wedges serve warm",5.0,4.2,5.4,5.2,4.7,5.0
488567,seize the day cafe au lait,"low-fat milk, chocolate syrup, almond extract, dark roast coffee, chocolate, nutmeg","in a small saucepan , combine milk , chocolate syrup and almond extract until blended bring just to a boil over medium-low heat pour the milk mixture and coffee simultaneaously into a french cafe au lait bowl or a large coffee cup top with grated chocolate or nutmeg serve immediately",5.4,1.4,2.6,3.8,4.3,2.4
116741,tastes like   v 8 juice,"plain tomato juice, old bay seasoning",blend well and chill enjoy !,2.9,4.9,1.0,1.5,1.7,1.1
264301,black kettle mushroom barley soup,"sliced mushrooms, green bell pepper, onion, garlic clove, butter, flour, beef stock, dried thyme, dried basil, dried tarragon, cayenne pepper, dried parsley flakes, bay leaves, whipping cream, beaujolais wine, cooked barley","saute mushrooms , green peppers , onion and garlic in butter about 5 minutes add flour , stir and cook 2 to 3 minutes add hot stock , then seasonings heat whipping cream and add to soup continue cooking while adding wine stir in barley",4.7,5.8,6.8,7.0,8.4,5.7
48946,moist   chewy irresistible peanut butter cookies,"peanut butter, crisco, brown sugar, milk, vanilla, egg, flour, salt, baking soda, semi-sweet chocolate chips","preheat oven to 350 degrees combine peanut butter , crisco , brown sugar , milk and vanilla in large bowl beat at medium speed with mixer until well blended add egg and beat just until blended in a separate bowl combine flour , salt and baking soda add to creamed mixture and mix well with mixer on low speed drop by heaping teaspoonsful 2"" apart onto ungreased cookie sheet flatten slightly with fork tines bake 7-8 minutes or until set and just beginning to brown cool 2 minutes on baking sheet before removing store in airtight container makes 3 dozen",5.4,3.1,6.9,7.6,5.8,4.9
392591,hamburger steak,"hamburger, flour, garlic powder, salt and pepper, onion, gravy, boneless beef cubes, browning sauce, water","mix hamburger , 1 / 4 cup flour , garlic powder , salt and pepper form into 4 square patties and brown add onions to pan and saute remove patties and onions from pan mix 1 / 4 cup flour and water in pan add beef cubes stir and heat until thickened add salt , pepper and a little browning sauce if desired add patties and onions back to pan and simmer for 30-45 minutes serve with potatoes , noodles , or rice if sauce is to thick or boils down add a little more water as it simmers",4.4,6.3,6.1,7.0,5.5,5.1
478379,butter less chocolate chip cookies,"flour, baking soda, baking powder, salt, vegetable oil, brown sugar, white sugar, eggs, vanilla extract, almond extract, semi-sweet chocolate chips","preheat oven to 350 degrees combine flour , baking soda , baking powder and salt and set aside in a mixing bowl cream together oil , brown sugar and white sugar beat in eggs one at a time , then add in the vanilla and almond extract blend in dry ingredients and fold in the chocolate chips bake for 8 to 9 minutes and then let them cool on the pan before moving them to a wire rack",5.3,3.0,6.6,7.0,6.5,4.7
14520,bar b q chuck roast,"chuck roast, onion soup mix, beer, catsup","put roast in 9x13 pan and top with soup , beer and catsup cover with foil and cook at 300 degrees for 2 to 3 hours , depending on size of roast",4.2,6.5,5.7,7.0,2.7,3.2
8449,fast and easy fish soup with garlic aioli,"cod, butter, onion, green pepper, garlic cloves, fresh oregano, fresh thyme, stewed tomatoes, chicken broth, clam juice, red potatoes, sourdough bread, white wine, mayonnaise, lemon juice, cayenne pepper","this is a very basic recipe , it encourages experimentation with additional ingredients in large saucepan saute butter , pepper , onion , and garlic until onion is translucent add chicken broth , tomatoes and clam juice , and potatoes if necessary , bring to boil reduce heat to simmer add fresh herbs , splash of wine , salt and pepper to taste and let simmer for 3 minutes stirring occasionally add fish and cook for 5-7 minutes or until fish is cooked while fish is cooking in soup , make the aioli in small bowl mix , mayo , garlic , lemon juice and cayenne put on the table serve soup in large bowls with plenty of sourdough and dollop of aioli",5.9,6.3,5.8,5.8,8.6,5.8
199286,emeril lagasse s marinade,"dry sherry, soy sauce, brown sugar, cajun seasoning, garlic, tomato paste, black pepper","mix all ingredients and marinade desired meat -- sit back , enjoy , and wait for the rave reviews -- believe me there will be some --",2.6,7.8,1.2,2.2,5.0,1.3
106979,pumpkin chocolate chip squares,"all-purpose flour, pumpkin pie spice, baking soda, salt, unsalted butter, sugar, egg, vanilla extract, canned pumpkin, chocolate chips","preheat oven to 350 line a 9x13 baking pan with foil whisk together flour , pie spice , baking soda and salt in another bowl , cream butter and sugar until smooth to butter / sugar , beat in egg and and vanilla beat in pumpkin puree- batter may appear curdled at this point mix in dry ingredients until combined fold in chocolate chips spread evenly in pan and bake at 350 for 35-40 minutes edges should come away from the side , and inserted toothpick should come out clean cool in pan , then cut into 24 squares for serving",5.7,2.9,6.3,7.1,6.2,4.8
124950,libbie s creamed asparagus over toast,"asparagus, flour, milk, salt, pepper, bread","cut asparagus into 1 inch pieces cover with water and boil until tender add flour to milk stir so there are no lumps drain asparagus , keeping 1 cup liquid add the milk mixture , salt and pepper cook until thick meanwhile , toast the bread , cut into points pour creamed asparagus over toast",4.0,4.3,3.2,4.4,3.8,4.0
116481,mediterranean spinach and potato soup,"butter, basil, coriander seed, leek, red potatoes, broth, water, spinach leaves, lemon juice, salt and pepper, sour cream","melt the butter in a 4 quart saucepan add the basil , coriander seeds and the leeks cook until the leeks are tender , stirring often add the cubed potatoes , broth and water heat to boiling , reduce the heat to low cover the pot and simmer for 25 minutes until the potatoes are tender , stirring occasionally stir in the spinach , lemon juice and salt and pepper simmer for 5 minutes serve garnished with a dollop of sour cream or yogurt",5.2,5.0,4.5,4.8,6.8,4.9
4178,cornbread with corn casserole,"eggs, whole kernel corn, cream-style corn, margarine, jiffy cornbread mix","mix first 3 ingredients together add: margarine and jiffy corn bread mix , pour into well greased 8x8 casserole dish bake for 1 hour at 375 degrees",4.6,5.0,5.9,6.5,3.2,3.0
29008,balsamic beer flank steak,"flank steaks, beer, garlic cloves, ketchup, chili powder, balsamic vinegar, brown sugar, grainy mustard, salt and pepper",pierce meat with a fork several times place in a plastic bag mix other ingredients and pour over meat marinate in fridge 12 hours or overnight broil or grill steak over medium high heat 5 to 6 minutes per side let meat rest 5 minutes when done boil marinade in saucepan for 5 to 10 minutes until slightly thickened slice steak into thin strips and top with sauce,5.8,5.4,4.4,6.4,5.9,5.9
159347,grandma s crumb cake cupcakes  or cake,"sugar, butter, flour, raisins, sour milk, baking soda, ground nutmeg, ground cinnamon, vanilla extract, eggs","pre-heat oven to 350f line muffin tins or cupcake tins with paper cupcake liners with pastry knife or fingers , cut butter into flour and sugar until crumbly reserve 1 / 2 cup for topping add remaining ingredients to flour mixture and stir until just mixed fill cupcake liners 2 / 3 full and sprinkle reserved crumb mixture evenly over tops bake 20-25 minutes cool on wire rack to make a cake , pour batter into a greased and floured oblong baking pan and top with reserved crumbs bake as above",5.7,2.6,6.2,6.8,6.0,4.9
112936,i love olives  appetizer,"pimento stuffed olive, chunky salsa, cream cheese, ritz cracker","in mixing bowl , combine olives and salsa place block of cream cheese on serving plate pour olive mixture over top surround with ritz crackers stick cheese spreader upright in center serve and enjoy !",4.7,7.0,6.0,6.4,2.8,1.5
104368,hamburger bean soup,"hamburger, bacon, onion, pork and beans, kidney beans, butter beans, small white beans, tomato sauce, sliced mushrooms, brown sugar, worcestershire sauce, red wine vinegar, salt, black pepper, garlic salt","brown hamburger , bacon and onion in large skillet , stirring to break up hamburger into small chunks drain , and transfer meat mixture into a large crockpot add the remaining ingredients , stirring to combine",4.0,7.1,6.2,7.2,8.0,4.6
98687,frappuccino light   just like that star place,"extra strong coffee, skim milk, granulated sugar, artificial sweetener, ice, whipped cream",prepare double strength french roast coffee by brewing with twice the grounds required by your coffee maker chill the coffee combine all ingredients in a blender and blend on high speed until the ice is crushed and drink is smooth pour into 2 16-ounce glasses and add whipped cream on top serve with a straw,5.5,1.3,2.1,3.4,4.2,2.4
63498,orzo pilaf,"butter, onion, salt, garlic cloves, orzo pasta, dry white wine, chicken stock, frozen peas, parmesan cheese, ground nutmeg, fresh ground pepper","heat butter in 12 inch skillet add onion and salt , cook 5 minutes until softened add garlic stir add orzo , cook stirring often until orzo is lightly toasted and golden , about 5 minutes remove from heat and add wine and stock return to heat , bring to a boil lower to simmer and cook 10-15 minutes until liquid is absorbed stir in peas , parmesan , nutmeg and pepper add salt if needed",5.3,5.6,5.3,5.6,6.8,5.2
58787,really awesome macaroni and cheese,"small elbow macaroni, extra-sharp cheddar cheese, flour, salt, dry mustard, fresh ground black pepper, cayenne pepper, nutmeg, half-and-half cream, whipping cream, sour cream, eggs, worcestershire sauce","preheat oven to 350f butter a 13x9x2 inch glass baking dish in a large pot of boiling salted water , cook macaroni al dente drain and place in the buttered dish add the cubed cheddar and combine whisk flour , salt , mustard , pepper , cayenne and nutmeg in a medium bowl until no lumps are visible gradually whisk in half-and-half , followed by the whipping cream and finally the sour cream add eggs and worcestershire sauce whisk well to blend pour mixture over macaroni and cheese mixture sprinkle with the grated cheese bake in the center of the oven , 25 minutes until edges are set but center is still liquid remove from oven and let stand about 10 minutes to thicken sauce the sauce will still be creamy",5.0,6.0,8.4,9.0,7.2,5.8
113173,schnitzel with mushroom sauce,"all-purpose flour, salt and pepper, pork cutlets, butter, white mushrooms, garlic, chicken stock, light sour cream, soy sauce, fresh parsley","combine flour , salt and pepper in a shallow dish , and press cutlet into flour mixture and turn to coat reserve remaining flour mixture in skillet , melt butter over medium high heat fry cutlet in batches and turning once , until a hint of pink remeains inside for pork cutlet , about 6 minutes transfer to plate and keep warm in same skillet , fry mushrooms and garlic until no liquid remains about 5 minutes add reserved flour mixture cook , stirring for approximately 1 minute stir in stock bring to a boil and then reduce heat and simmer , stirring , until thickened , about 3 minutes add sour cream and soy sauce and stir for about 1 minute pour over schnitzel and sprinkle with parsley",5.4,5.8,6.9,7.1,6.4,5.8
20500,toasted orzo pilaf,"butter, orzo pasta, canned chicken broth, scallions, button mushrooms, pine nuts, fresh italian parsley, salt and pepper","melt 2 tablespoons of the butter in medium saucepan add orzo and stir until pasta is toasted , about 3-5 minutes add broth , bring to a boil and cook pasta until done drain melt the remaining 2 tablespoons of butter in a saut pan add scallions and mushrooms and cook until crisp-tender add pine nuts , salt and pepper to taste stir in the cooked orzo and fresh parsley , and heat through",5.2,5.6,6.2,5.9,5.7,5.0
287,feijoada  brazilian bean soup,"dried black beans, vegetable oil, onions, turkey polish kielbasa, garlic, cumin, water, salt, pepper, bay leaf, red wine vinegar, hot sauce","sort and wash beans place in a large dutch oven cover with water to 2 inches above beans , and bring to a boil cook 2 minutes remove from heat cover and let stand 1 hour drain beans set aside wipe pan with a paper towel heat oil in pan over medium heat add onion , kielbasa , and garlic saute 10 minutes or until onion is tender add cumin , and saute 1 minute return beans to pan add water and next 3 ingredients bring to a boil cover , reduce heat , and simmer 1 hour and 10 minutes or until beans are tender remove bay leaf stir in vinegar and hot sauce",4.4,6.2,4.8,6.3,6.9,5.8
504846,open face danish ham and egg sandwich,"eggs, salt, black pepper, ham, butter, fresh dill, whole wheat bread",you can toast the bread if you like butter the bread and set aside scramble the eggs with salt and pepper until just done eggs should not be dry divide eggs over bread slices top with ham sprinkle with dill to serve,5.1,5.9,5.2,5.4,4.7,3.2
180435,hibiscus   rose hip iced tea with cranberry juice,"hibiscus tea bags, hot water, cranberry juice, lemon, honey, mint",add tea bags to hot water and steep for 10 minutes add remaining ingredients and chill fill glass with ice cubes pour in tea and enjoy this healthy drink,5.4,1.0,1.0,1.6,4.2,2.2
21770,maple krispie cookies,"white cake mix, crisp rice cereal, butter, egg, maple flavoring","preheat oven to 350f degrees in large bowl , mix all ingredients well roll into 1-inch balls place 2 in apart on lightly sprayed cooking sheet bake for 10-12 minutes cool for 1 minute remove and cool completely",5.1,2.8,6.0,6.4,3.4,3.4
72055,carrots with an apple glaze,"butter, baby carrots, unsweetened apple juice, honey, green onion top","melt butter in large nonstick skillet over medium-high heat add carrots and saut until carrots begin to brown slightly , about 8 minutes add apple juice and honey and bring to boil reduce heat and simmer until carrots are tender and liquid reduced to glaze , stirring occasionally , about 15 minutes season to taste with salt and pepper transfer to bowl and sprinkle with green onion tops and serve",5.6,2.8,4.7,4.2,3.7,4.1
98213,10 minute pork lo mein,"vegetable oil, pork tenderloin, pork-flavored ramen noodles, water, red bell pepper, broccoli floret, green onions, fresh parsley, soy sauce","heat skillet or wok over med-high heat add oil and rotate skillet to coat add pork and stir fry 5 min or until no longer pink gently break apart noodles add to skillet along with water , seasoning packet , and remaining ingredients heat to boiling boil 3-4 minutes , stirring occasionally until noodles are softened diet exchanges: 2 starch , 3 lean meat , 1 / 2 fat",5.0,7.3,5.2,5.8,5.9,4.3
268685,easy fried potatoes   onions,"onion, butter, olive oil, potatoes, salt and pepper","heat oil and butter in a skillet add the onions and cook until soft and lightly browned remove the onions from the pan and reserve slice the potatoes into 1 / 4 inch slices add them to the hot pan and brown on both sides return the onion to the pan , toss and season serve warm",4.8,4.8,6.7,5.9,3.1,4.2
85644,sourdough bread,"sourdough starter, all-purpose flour, active dry yeast, water, sugar, unsalted butter, salt, cornmeal","bring sourdough starter to room temperature in a large mixing bowl combine 2-1 / 2 cups of the flour and the yeast set aside in a saucepan heat and stir water , sugar , butter , and salt just until warm and butter almost melts add to flour mixture add sourdough starter beat with until mixed and smooth , scraping bowl stir in as much of the remaining flour as you can on a lightly floured surface knead in enough of the remaining flour to make a moderately stiff dough that is smooth and elastic shape into a ball place dough in a lightly greased bowl , turning once to grease surface cover and let rise until doubled punch dough down turn out on a lightly floured surface divide in half cover and let rise for 10 minutes lightly grease a large baking sheet and sprinkle with cornmeal shape each half of the dough into a ball , place on baking sheet , flatten to about a 6-inch circle with a sharp knife make crisscross slashes , 1 / 4 inch deep , on the top of the loaves cover and let rise 30 minutes preheat oven to 375-deg after heated place bread in oven and steam bake in oven for 30-35 minutes , or till bread tests done cool on a wire rack",6.2,4.2,3.5,4.8,5.2,7.0
117175,broccoli rabe with sun dried tomatoes,"rapini, sun-dried tomatoes, olive oil, garlic cloves, water, salt and pepper, crushed red pepper flakes","clean the rapini in lots of water , removing any loose dirt & the bottom portion of the stems which appear tough cut into 4-inch lengths heat the oil in a large saute pan over medium-high heat add the garlic and saute until slightly softened , about 1 minute add the rapini , just enough water or stock to add moisture to the bottom for cooking , sun-dried tomatoes , salt and pepper cover and simmer until desired tenderness , about 15-30 minutes adding extra water if needed remove the lid and allow the water to evaporate garnish with crushed pepper flakes",5.3,4.7,4.9,3.6,4.9,4.2
37174,ellie s catfish,"pam cooking spray, 2% low-fat milk, garlic, cornmeal, dried thyme, dried basil, lemon pepper, creole seasoning, catfish fillets, paprika","preheat oven to 400 degrees f spray pam over the baking sheet combine garlic and milk in a bowl set aside combine cornmeal , thyme , basil , lemon pepper , and cajun seasoning in a bowl , set aside dip catfish filets in milk then in cormeal mixture place on prepared baking sheet and sprinkle fish with paprika spray catfish with cooking spray bake for 20- 30 minutes , until the crust is golden and fish flakes easily",5.3,5.8,2.5,4.4,6.0,4.6
296290,tuscan sun pasta,"cooked spaghetti, olive oil, pepperoncini peppers, spaghetti sauce, oregano, garlic granules","saute olive oil , peppers and herbs on medium heat for 4 minutes add noodles and sauce , stir continue to cook until just heated strive for al dente noodles serve buon appetito !",4.8,5.6,4.6,5.1,4.0,3.4
90941,bacony deviled eggs,"hard-boiled eggs, mayonnaise, sour cream, dijon mustard, bacon, green onions, white horseradish","plop the egg yolks into a bowl and mash them with the back of a spoon until smooth stir in the mayonnaise , mustard , sour cream and horseradish ensure that the mixture is very smooth add into the egg mixture the bacon and green onions put the egg mixture into an icing bag and pipe the mixture into the egg whites do not try to pipe these using a star",6.2,6.5,7.1,7.6,4.8,4.2
109233,waffle of insane greatness,"all-purpose flour, cornstarch, baking powder, baking soda, salt, whole milk, vegetable oil, egg, sugar, vanilla extract, butter, syrup","in a medium bowl , combine the flour , cornstarch , baking powder , baking soda and salt mix well add the milk , vegetable oil , egg , sugar and vanilla and mix well let the batter sit for 30 minutes preheat a waffle iron do not use non-stick spray on the waffle iron the oil in the batter will allow the waffle to release easily follow the directions on your waffle iron to cook the waffles serve immediately with butter and syrup",5.6,3.5,6.5,6.6,7.0,4.8
369543,beautiful beth  drink,"ice cubes, light rum, coconut rum, triple sec, cola, maraschino cherry","put the ice cubes into a cocktail shaker pour the rum , coconut rum and triple sec over the ice and shake until a frost forms strain into an old-fashioned glass and top up with chilled cola decorate with maraschino cherries impaled on a toothpick",5.8,1.1,1.0,2.1,4.0,2.2
66296,tequila orange glazed grilled pineapple,"fresh pineapple, tequila, orange marmalade, brown sugar, butter, vanilla extract, ground cinnamon, of fresh mint","mix tequila , marmalade , sugar , butter , vanilla , cinnamon and mint together heat till sugar is dissolved preheat grill place pineapple on grill baste with tequila mixture while grilling turn occasionally grill about 10 to 15 minutes serve hot with a scoop of your favorite ice cream",6.5,1.5,4.3,5.2,5.6,4.6
119022,chipotle burger topped with grilled onions and cheese,"chipotle chile in adobo, ground beef, salsa, olive oil, sweet onion, monterey jack cheese, kaiser rolls","preheat grill on high for 10 minute mix peppers , 2 ounces salsa , and beef together then formed into four 1 / 2 inch thick burgers rub outside of patties with oil coat grill lightly with vegetable oil brush onion slices with olive oil and season with salt & pepper , sear on grill 1-2 min each side , remove and set aside grill rolls , cut side down 30 seconds remove and set aside sear meat on grill , about 2 min , until meat has changed color about one-quarter way up from bottom turn over sear 1 to 3 minute reduce heat to medium or low close lid cook burgers to 160 degrees internal temperature check by inserting digital thermometer halfway into thickest part of burger top with cheese close lid grill until cheese starts to melt , 1 minute place each burger on rolls topped with 2 tsp salsa , grilled onion rings",6.3,6.1,7.2,7.7,5.0,5.5
304896,pillsbury perfect apple pie,"apples, sugar, all-purpose flour, cinnamon, salt, ground nutmeg, lemon juice, pie crusts","heat oven to 425f place one pie crust in a 9"" pie place press firmly against the side and bottom in a large bowl , gently mix filling ingredients spoon into crust-line pie plates top with second pie crust wrap excess top pie crust under the bottom crust edge , pressing edges together to seal flute cut slits of shapes in several places of top crust bake 40 - 45 minutes , or until apples are tender and crust is golden brown cover crust with 2-3 inch wide strips of foil 15 - 20 minutes of baking to prevent excessive browning i bought one of those round crust shields that really works here cool on cooling rack at least 2 hours before serving variation short cut: one 21 oz can of apple pie filling and one 21 oz can of sliced apples can be substituted for the filling - still use the spices add- on - caramel apple pie - immediately after removing pie from the oven , drizzle 1 / 3 cup of caramel sundae toppng on top of the pie and sprinkle with @ with two tablespoons of chopped pecans i have done this and it is wonderful both in taste and appearance",6.4,2.4,5.4,6.5,5.5,5.5
305693,baked mushroom chicken,"boneless skinless chicken breast halves, all-purpose flour, butter, sliced mushrooms, chicken broth, salt, pepper, mozzarella cheese, parmesan cheese","flatten each chicken breast half to in thickness place flour in a resealable plastic bag add chicken a few pieces at a time seal and shake to coat in a large skillet , brown chicken in 2 tbls butter on both sides transfer to a greased 11x 7x2 baking dish in the same skillet , saut mushrooms in the remaining butter until tender add the broth , salt and pepper bring to boil cook for 5 min or until liquid is reduced to cup spoon over chicken bake , uncovered @ 375 degrees for 15 minutes sprinkle with cheeses bake 5 mins longer or until juices run clear",5.3,5.6,6.7,7.2,5.8,5.5
17282,broccoli with almond breadcrumb topping,"fresh broccoli, dry breadcrumbs, parmesan cheese, almonds, dried basil, dried oregano, salt, pepper","preheat oven to 450 degrees cook the broccoli in boiling water for 2 minutes , and drain rinse with cold water , and drain well place the broccoli in an 11 x 7 inch baking dish combine the breadcrumbs , cheese , almonds , basil , oregano and 1 / 4 teaspoon each salt and black pepper , and sprinkle the crumb mixture evenly over the broccoli bake at 450f degrees for 15 minutes or until the topping is golden",5.4,5.0,2.5,3.9,5.2,4.2
87824,awesome apple crisp,"apples, sugar, flour, cinnamon, water, lemon juice, rolled oats, brown sugar, baking powder, baking soda, butter","peel& slice your apples and place in bottom of 9x13 inch baking dish mix sugar , 1 tbsp flour& cinnamon together and sprinkle over apples pour water evenly over all combine the toppping ingredients until crumbly and spread all over apples bake at 350 for about 45 mins i serve topped with vanilla ice cream ! yum !",5.5,2.4,5.8,6.5,6.3,4.6
471486,prize winning gluten free sponge cake,"sugar, water, eggs, vanilla, cornflour, baking powder, salt, whipping cream, strawberry jam, strawberries, icing sugar","preheat oven to 180c coat 2 spring form pans with baking spray , then line with baking paper the baking spray helps keep the paper from moving around in a microwave bowl or small saucepan , place the sugar and water bring to a boil stir every now and then to dissolve the sugar beat the egg whites with an electric mixer until stiff slowly drizzle in the hot sugar mixture with the mixer running then beat really hard for 3 minutes mix in egg yolks and vanilla sift together cornstarch , baking powder and salt carefully fold these into the egg mixture pour into prepared pans bake 18-20 minutes as soon as you remove them from the oven , drop the pans from knee height , square on the floor - seriously ! this is a strange sponge making trick that 'shocks' the cake and stops it from deflating then immediatly turn sponges out onto a wire rack or baking paper to cool upside down beat cream and vanilla until soft peaks form warm jam for a few seconds in the microwave place one sponge on the serving plate spread first with jam , then whipped cream top with strawberry slices then put second sponge on top dust with icing",7.2,2.4,5.4,6.9,6.7,6.8
15350,best new england corn chowda  chowder,"bacon, onion, chicken broth, white potatoes, frozen corn, light cream","fry bacon until crisp remove from pan with a slotted spoon and drain set aside in a 4-quart saucepan or pot , heat 2 tablespoons of the bacon fat and add chopped onion cook over medium heat until onion is translucent add broth and cubed potatoes to pan bring to a simmer , cover and allow to cook for about 10 minutes stir in corn and heat through add cream and heat through again if you prefer a thicker chowda , mix 2 tablespoons all-purpose flour with 1 / 2 cup of milk and shake until dissolved add a little at a time while the chowda is simmering until it reaches the desired consistency serve with crumbled bacon on top , a good dose of freshly ground pepper , and for those of you who want true authenticity , add a dollop of butter to the top of the steaming bowl",5.0,6.5,7.0,7.6,4.2,4.9
351327,tennessee mountaintop bacon,"flour, brown sugar, black pepper, bacon","mix flour , sugar , and black pepper together coat bacon slices well with the mixture place bacon on a baking sheet and bake at 400 degrees until brown and crisp",4.8,7.8,8.0,7.2,2.8,2.8
511766,low carb amish ham casserole,"ham, onion, eggs, cauliflower, cheddar cheese, cottage cheese","combine all ingredients in a large mixing bowl and then transfer to a greased 9 x 13 baking dish bake , uncovered , at 350 degrees f for 35 to 40 minutes or until the mixture is set and bubly let stand for 10 minutes before serving",4.5,6.8,6.8,7.4,4.0,3.4
63196,salmon rissoles,"salmon, onion, celery, fresh parsley, salt and pepper, eggs, fine dry breadcrumb, lemon juice, butter","turn salmon and liquid into a medium mixing bowl flake with a fork , removing or mashing any bones mix in grated onion , parsley , lemon juice , salt and pepper mix beaten eggs into salmon mixture add enough bread crumbs , about 1 / 2 to 3 / 4 cup , to make the salmon mixture thick enough to shape into 12 small patties roll patties in 1 / 2 cup bread crumbs in a large heavy skillet over low heat , melt 2 tablespoons of butter add patties fry patties slowly on one side add remaining butter , turn patties and fry until brown on the other side serve with either a salad or steam vegetales",5.2,5.4,6.3,5.9,5.8,5.2
238646,chili dog chili,"water, ground beef, onion, tomato sauce, garlic cloves, chili powder, salt, cumin, cayenne pepper, cider vinegar, worcestershire sauce, bay leaf",bring water to a boil in a large pot add beef and boil for 30 minutes stirring occasionally drain beef add remaining ingredients to beef and simmer for 30 minutes serve over hot dogs with yellow mustard and onions,3.9,6.2,5.2,6.3,6.6,4.4
262955,fat free raspberry cheesecake fluff    ww,"hot water, sugar-free raspberry gelatin, cold water, frozen raspberries, fat free sugar-free instant cheesecake pudding mix, fat-free cool whip","heat 1 cup of water to boiling place jello in a deep mixing bowl and pour in the boiling water stir until the gelatin dissolves then stir in a cup cold water and the raspberries let it sit 5 minutes or so to cool off some sprinkle the pudding into the jello / raspberry mixture beat with your electric mixer , on high , for 2 minutes or until all lumps dissolve fold in the cool whip divide into individual serving dishes garnish with another raspberry or 2 if you're feeling frisky after all , they're ""free"" -) chill until set enjoy for 8 times then make another batch maybe use sf , ff white chocolate pudding this time !",4.8,1.8,1.6,3.0,4.1,3.0
265251,coconut filled chocolate cookies aka mounds cookies,"flour, unsweetened cocoa, baking soda, salt, butter, sugar, vanilla extract, egg, sour cream, powdered sugar, flaked coconut, milk, cornstarch","sift together flour , cocoa , baking soda and salt set aside cream together butter , sugar , vanilla , egg and sour cream stir in dry ingredients cover and refrigerate dough to prepare filling: combine coconut and milk in a pot over medium heat combine cornstarch and sugar stir into milk bring to a simmer and cook , stirring constantly until thickened remove from heat and set aside to cool preheat the oven to 375 degrees grease cookie sheets on a floured surface , roll dough to 1 / 8 inch thickness cut into 2-1 / 2 inch circles place half of the circles 1-1 / 2 inches apart on the cookie sheets spoon 1 teaspoon filling into center of each circle top with another circle of dough and press edges to seal bake 8 to 10 minutes cool cookies on baking sheet 5 minutes then remove to a wire rack to cool completely dust with powdered sugar store in a single layer i had a very hard time with these and found that using cocoa to roll them out really helped they are difficult to do , but once you get the hang of it , they go faster and easier it's all worth it in the end ! i had a lot of filling left over , but i did make them smaller and lost some dough due to mishaps i would suggest using a heaping teaspoon of filling in each one",6.0,2.8,6.7,7.8,7.1,7.2
281383,black bean   corn enchiladas  with or without chicken,"black beans, mexicorn, green chilies, colby-monterey jack cheese, enchilada sauce, flour tortillas, cooked chicken","heat oven to 350 spray 13x9 dish with cooking spray in med bowl , mix black beans , corn chilies , 1 cup of the cheese and 1 / 4 cup of enchilada sauce spread 1 / 2 cup of enchilada sauce over bottom of dish spoon 1 / 2 cup of bean mixture down center of each tortilla roll up tortillas , place seam side down in in prepared dish spoon remaining sauce over enchiladas sprinkle with pemaining 1 cup of cheese spray sheet of foil with cooking spray , cover sprayed side down bake 30-35 minutes until heated through and cheese is bubbly enjoy !",5.2,6.4,5.6,6.5,4.8,4.8
308963,soy fruit smoothie,"blueberries, cranberries, strawberry, grapes, banana, vanilla-flavored soymilk","make sure to rinse all fruit before putting them in the blender ! i suggest using all fresh fruits , frozen fruits can loose nutritional values put all ingredients in a blender here you can add certain things , for example , i add 2 tbsp's of benefiber , and a tbsp of essential greens powder , and 2 tbsp of an amino acid complex but that is completely optional once all the ingredients are in , turn the blender on , and let it run for a good minute to make sure everything is mixed up after the process is done you can drink one shake , and save the other for later on , drink them both , save them both , whatever you want ! just remember that the fridge life is 4 days , to maintain the best taste , and optimal nutritional values enjoy !",5.1,1.0,1.9,3.2,4.2,1.8
197372,healthy pumpkin pomegranate muffins,"all-purpose flour, whole wheat flour, grape-nuts cereal, sugar, baking powder, baking soda, cinnamon, canned pumpkin, fat-free buttermilk, egg, pomegranate seeds","preheat oven to 350 coat 12 muffin cups with cooking spray mix dry ingredients in a large bowl in a second bowl , combine wet ingredients toss pomegranate seeds in the flour mix to coat add wet ingredients to flour mix stir until just combined pour into muffin cups bake for 20-30 minutes let cool before unmolding",5.4,2.7,2.4,4.7,6.8,4.4
54136,long grain and wild rice mix,"long grain brown rice, wild rice, dried parsley, spike seasoning, dried thyme, salt","mix ingredients and store in an air-tight container attach these instructions to prepare , bring 3 1 / 4 cups water to boil in a medium saucepan add rice mix , cover , and simmer for 50 minutes remove from heat , and wait 10 minutes before fluffing with a fork use long grain white rice to decrease cook time to about 35-40 minutes wild rice takes quite awhile to cook",3.8,4.8,1.0,3.2,4.0,2.8
149839,slow cooker spareribs,"condensed tomato soup, onion, garlic cloves, brown sugar, worcestershire sauce, soy sauce, pork spareribs, cornstarch, cold water","place ribs in a large stock pot , and cover with water bring to a boil , and cook for 15 minutes in a mixing bowl , mix together soup , onion , garlic , brown sugar , worcestershire sauce , and soy sauce remove ribs from water , and transfer to a slow cooker pour sauce over ribs cover , and cook on low for 6 to 8 hours , or until ribs are tender if sauce is too thin when cooking time is done , drain sauce from ribs , and pour into a sauce pan combine 1 teaspoon cornstarch with a small amount of cold water , stir into sauce , and bring sauce to boil cook until sauce has reached desired thickness",4.7,7.0,7.4,8.0,5.8,5.4
243356,summer blt rotisserie chicken salad,"bacon, balsamic vinegar, dijon mustard, maple syrup, olive oil, red onion, garlic clove, salt, fresh ground black pepper, romaine lettuce, grape tomatoes, carrot, cooked chicken, pecans","in saucepan , cook bacon over medium heat 5-6 minutes or until browned using a slotted spoon , transfer bacon to paper towels to drain save 2 t bacon drippings from saucepan with a wire whisk , add balsamic vinegar , dijon , maple syrup , oil , onions , garlic , salt and pepper to drippings in saucepan and heat to boiling over medium heat remove from heat place romaine in large salad bowl add tomatoes and carrots pour hot dressing over romaine , tossing lightly until coated add chicken and toss until well mixed crumble bacon and sprinkle over salad sprinkle pecans over salad",6.3,6.4,6.7,6.4,8.1,5.5
46621,german pancakes,"sugar, eggs, milk, all-purpose flour, cinnamon, vanilla extract",mix everything and let rest for about 5-10 minutes heat a little vegetable oil in a fry pan pour about 1 / 2 cup of batter in the pan and fry until golden brown on each side serve warm or cold with jelly or any kind of preserve you like also good just sprinkled with a little powdered sugar,5.1,2.4,5.2,5.3,4.0,3.4
80542,thai lemongrass and chile soup  tom yum,"vegetable broth, lemongrass, kaffir lime leaves, vegetable oil, garlic, fresh ginger, chili paste, oyster mushrooms, fresh lime juice, fish sauce, tomatoes, fresh cilantro, hot green chili peppers, rice noodles","in medium saucepan , heat vegetable broth to a simmer with lemongrass and lime leaves if desired in small skillet , heat oil over medium-high heat add garlic and ginger , and cook , stirring often , about 30 seconds when broth has simmered for 5 minutes , remove lemongrass and lime leaves and discard add cooked garlic and ginger to broth return broth to a boil , and stir in chile paste and mushrooms cook until mushrooms have wilted , about 30 seconds , then stir in lime juice and fish sauce remove from heat , and ladle soup into small bowls along with your favorite rice noodles top each bowl with chopped tomatoes , cilantro and a pinch of hot green chiles if you want it really really spicy alternatively , tomatoes and chiles can be mixed together and placed in small serving bowl for people to help themselves for vegetarian / vegan omit the fish sauce and use the soy",6.0,7.0,3.5,3.4,8.1,5.4
111377,fresh tomato and spinach pasta,"mostaccioli pasta, onion, garlic, olive oil, tomatoes, salt, black pepper, crushed red pepper flakes, spinach, parmesan cheese","cook pasta according to package directions drain keep warm meanwhile , in a large skillet , cook onion and garlic in hot oil over medium heat until onion is tender add tomatoes , salt , black pepper , and , if desired , red pepper cook and stir over medium-high heat for about two minutes or until the tomatoes are warm and release some of their juices stir in spinach , heat just until greens are wilterd to serve , top pasta with tomato mixture sprinkle with parmesean cheese",5.7,5.0,4.5,4.9,6.2,4.2
158809,classic old bay crab cakes,"bread, milk, mayonnaise, worcestershire sauce, parsley flakes, baking powder, old bay seasoning, salt, lemon juice, egg, fresh crabmeat, butter",break bread into small pieces and moisten with milk add remaining ingredients shape into patties refrigerate the patties 30 minutes to help keep them together when frying fry until golden-brown on both sides,5.8,6.6,6.4,6.5,7.0,5.6
105260,ex mother in law s pork chops with cream of mushroom,"pork loin chops, cream of mushroom soup, lawry's seasoned salt, seasoned pepper, butter","in skillet with melted butter , sprinkle both sides of pork chops with seasoned salt and seasoned pepper to taste and brown put into 9 x 13 inch glass casserole and spoon mushroom soup and smear all over pork chops cover and seal tightly with heavy aluminum foil and put into pre-heated 350 degree oven for 1 hour remove foil last few minutes serve over rice or noodles yummmmm !",4.1,7.2,6.8,7.5,3.2,4.1
18865,chocolate cheese cups,"cream cheese, egg, white sugar, salt, miniature semisweet chocolate chips, all-purpose flour, unsweetened cocoa powder, baking soda, water, vegetable oil, cider vinegar, vanilla extract","preheat oven to 350 degrees f line muffin tins with paper cups or lightly spray with non-stick cooking spray in a medium bowl , beat the cream cheese , egg , 1 / 3 cup sugar and 1 / 8 teaspoon salt until light and fluffy stir in the chocolate chips and set aside in a large bowl , mix together the flour , 1 cup sugar , cocoa , baking soda and 1 / 2 teaspoon salt make a well in the center and add the water , oil , vinegar and vanilla stir together until well blended fill muffin tins 1 / 3 full with the batter and top with a dollop of the cream cheese mixture bake in preheated oven for 25 to 30 minutes",5.9,3.0,6.2,7.3,7.0,5.3
182600,braised beef and onions,"beef chuck, ground allspice, salt, pepper, onions, garlic cloves, fresh flat-leaf parsley","put oven rack in middle position and preheat oven to 400f pat meat dry stir together allspice , 2 teaspoons salt , and 1 teaspoon pepper in a small bowl and rub all over meat spread half of onions and half of garlic in a 13- by 9-inch roasting pan and arrange meat on top spread remaining onions and garlic over meat tightly cover pan with foil and roast , turning meat over after 1 hour , until meat is very tender , about 2 1 / 2 hours total skim fat from pan juices slice meat across the grain and sprinkle with parsley serve with onions and pan juices beef can be braised 2 days ahead cool meat in juices , uncovered , then slice and chill in juices , covered reheat , covered , in a 350f oven 30 to 40 minutes",5.0,5.5,6.0,7.4,4.9,4.8
42903,crock pot barbecued spareribs,"spareribs, onions, butter, brown sugar, worcestershire sauce, paprika, pepper, dry mustard, ketchup, water, vinegar",place spareribs in crock pot combine other ingredients except onion mix well pour sauce over spareribs add onion cook on high for 1 hour turn to low and cook 4-6 hours or 9-10 hours,4.5,6.4,7.6,8.1,6.0,4.6
124855,affogato mocha,"chocolate ice cream, bittersweet chocolate pieces, brewed espresso, dark rum","divide ice cream among 4 dessert bowls or coffee cups spoon 2 tablespoons each of chocolate , espresso and rum over the ice cream and serve immediately",6.0,1.2,6.5,7.8,2.8,1.6
320671,lemon drop shot,"lemon-flavored vodka, cointreau liqueur, lemon juice, sugar, lemon wedge","wet the rim of a cocktail glass and dip in sugar to coat rim put any sugar remaining in a into a cocktail shaker filled with ice add the lemon vodka , the cointreau or triple sec and lemon juice and shake about 10 times strain into sugar rimmed cocktail glass and garnish with lemon wedge suck on lemon wedge between sips and enjoy the marriage of sweet and tart flavors",5.7,1.0,1.0,2.1,3.5,2.2
219789,za atar tomatoes,"beefsteak tomatoes, extra virgin olive oil, za'atar spice mix",preheat oven to 400f core tomatoes & slice into thick rounds place in 1 layer on a large sided baking sheet drizzle a small amount of olive oil on each tomato & sprinkle za'atar on top bake for 10 minutes or until hot but not mushy,5.6,4.4,3.8,2.8,2.0,2.5
61985,superb sausage ziti,"ziti pasta, sausage links, green pepper, basil, oregano, garlic salt, diced tomatoes, tomato sauce, dry onion soup mix, fresh mushrooms, mozzarella cheese","in a large skillet cook sausage until no longer pink inside slice and return to skillet add mushrooms , green peppers , basil , oregano and garlic powder cook over med-high heat about 8 minutes , stirring occasionally stir in diced tomatoes , tomato sauce , and onion soup heat to boiling , reduce heat simmer , uncovered , about 15 minutes meanwhile you can cook ziti according to package directions toss hot pasta with sauce sprinkle with either mozzarella or parmesan cheese",5.4,6.3,6.2,6.8,6.6,5.0
449124,perfect garlic bread from scratch,"flour, salt, warm water, instant yeast, sugar, oil, butter, dill, garlic cloves, fresh black pepper","mix the yeast and sugar in a measuring cup , that keeps it from getting lumpy , add the cup of warm water and stir together let sit for 5 minute mix 2 cups flour and salt in a med sized bowl , then dump in yeast mix and stir until a soft dough forms kneed until dough is smooth and elastic , adding more flour if needed don't add so much flour that it becomes dry , it should still be slightly sticky rinse out the bowl and swirl the oil around in it , put the dough back in and turn it over so it's coated cover the bowl , and place in a warm oven to rise i usually turn my oven on to the lowest setting that will turn on the element for 5 min and then turn off once the dough has doubled in size , punch it down and form into a long , thin loaf place on a cookie sheet that you've oiled and sprinkled with cornmeal slash diagonally with a sharp knife 3 or 4 times place it back in your warm oven until it's doubled again turn the oven up to 375f for 20 minutes my oven runs a little cool so i turn it up to closer to 380 or 390 a little too warm is better then a little to cool in this case after 20 min it should be nicely golden on top let it cool until no more then warm in the mean time mix all ingredients of the garlic butter slice vertically into 3 / 4-1 inch slices , leaving the bottom crust intact carefully pull slices apart so you can spread the butter on each side of each slice without breaking them apart wrap loosely but completely in foil and bake at 400f for 10-15 minutes serve immediately",6.1,5.0,6.0,6.4,6.4,7.1
79039,gingered carrots,"carrots, butter, sugar, ground ginger","boil carrots for 8-10 minutes until crisp-tender drain combine remaining ingredients in skillet over medium heat , stirring until butter melts reduce heat to low add carrots and toss well until coated",5.1,2.8,4.8,3.9,2.6,3.3
329264,viennese coffee,"whipping cream, powdered sugar, semisweet chocolate, hot coffee, creme de cacao","chill bowl , beaters and cream before whipping place 2 / 3 cup cream and sugar in chilled bowl beat with electric mixer at high speed until soft peaks form do not overbeat cover and refrigerate up to 8 hours if mixture separates slightly after refrigeration , whisk lightly with wire whisk to form chocolate shavings for garnish , make short , quick strokes across chocolate with vegetable peeler set aside break remaining chocolate into pieces place remaining 1 / 3 cup cream in heavy small saucepan bring to a simmer over medium-low heat add chocolate pieces cover and remove from heat let stand 5 minutes or until chocolate is melted stir until smooth add coffee to chocolate mixture heat over low heat just until bubbles form around edge of pan and coffee is heated through , stirring frequently remove from heat stir in creme de cacao , if desired pour into 4 warm mugs top each mug with whipped cream garnish with chocolate shavings",6.0,1.3,6.1,6.4,4.0,4.2
20144,peanut butter and celery soup,"celery, water, butter, all-purpose flour, milk, salt, black pepper, smooth peanut butter","in a saucepan , place chopped celery and water and cover bring to a boil and boil for about 20 minutes or until celery is tender but not mushy in a separate large saucepan , make a thin white sauce with the butter , flour , milk and salt and pepper when creamy , add undrained celery and peanut butter stir together well when soup is well blended and creamy , taste add more salt and pepper if desired",3.9,4.4,5.7,6.0,5.0,4.2
284289,italian tomato onion salad,"tomatoes, red onions, apple cider vinegar, sea salt, fresh basil, oregano, fresh garlic cloves, olive oil, crushed red pepper flakes, cracked black pepper","cut tomatoes into wedges scraping all juice , seeds and pulp into a mixing bowl slice the onion into thin strips in the mixing bowl combine the onion , tomatoes , lemon juice , cider vinegar and sea salt , stir let sit for at least an hour to let the salt tenderize the tomato and onion stir often add basil , oregano , garlic , olive oil and red pepper to taste let marinate 30 minutes serve with crusty italian bread or sour dough flute slices",6.0,5.3,4.6,3.3,6.5,3.0
302148,crispy chicken tenders with honey mustard sauce,"boneless skinless chicken breasts, eggs, flour, panko breadcrumbs, garlic powder, lemon pepper seasoning, cayenne pepper, salt, black pepper, peanut oil, dijon mustard, honey, mayonnaise, lemon juice, salt and pepper","cut chicken into long strips set aside place beaten eggs in a shallow bowl place flour in another shallow bowl place panko breadcrumbs in another shallow bowl and season with garlic powder , lemon pepper , cayenne , salt and pepper mix well dip the chicken strips in the flour , then the beaten egg , then dredge into seasoned panko fry chicken in batches in deep fryer preheated to 350 degrees for about 6-8 minutes the chicken should be cooked through and golden brown remove to drain on paper towels sprinkle with additional salt and pepper once out of the fryer serve with honey mustard sauce to make the honey mustard sauce: mix together the mustard , honey , mayo , lemon juice and season with salt and pepper to taste will keep in fridge up to a week",6.1,5.8,9.0,7.4,8.0,6.2
305550,latin burgers with caramelized onion   jalapeno relish,"ground sirloin, ground chuck, chorizo sausage, adobo seasoning, onion, dry breadcrumbs, olive oil, yellow onions, kosher salt, fresh ground pepper, jalapeno chile, dark brown sugar, roasted red peppers, mayonnaise, oaxaca cheese, hamburger buns","to make the latin burgers: in a large bowl , mix thoroughly by hand the ground beef , the chorizo , the adobo seasoning , the grated onion and the bread crumbs form the burgers into 6 patties without pressing them too much or they can become tough line a baking pan with waxed paper and put the burgers side-by-side in a single layer cover and refrigerate for at least 30 minutes this will help the burgers hold together if you make more than you need just separate with waxed paper and insert into a storage freezer bag for future use to make the caramelized onion and jalapeno relish: heat the olive oil in a heavy skillet over medium-low heat add the onions and season with salt and pepper add the jalapeno chiles and the brown sugar saute for 15 minutes or until the onion and the chiles are caramelized and soft set aside to make the red pepper mayonnaise: drain the roasted red peppers and put them in a blender or food processor add the mayonnaise , and season with salt and pepper puree the mayonnaise and roasted red peppers until well combined and the mixture is smooth to cook the latin burgers: preheat an outdoor grill or grill pan on the stove top over medium-high heat place the burgers on the hot grill or pan until cooked to desired doneness due to the raw chorizo in the recipe , at least medium-well is recommended , approximately 10 minutes on each side in the last 5 minutes of cooking , top the burgers with the slices of cheese so it can melt if your grill has a lid , putting it on briefly will help the cheese melt quickly and evenly to serve: spread about 1 tablespoon of the red pepper mayonnaise on both sides of the rolls lay a burger on the bottom halves , and top with a couple of spoonfuls of the caramelized onion and jalapeno relish",6.5,7.4,8.0,8.5,8.8,6.8
98242,sassy pork chops,"pork chops, cream of chicken soup, ketchup, worcestershire sauce, water, olive oil","trim pork chops heat oil in a large skillet over medium- high heat add chops and brown on both sides spray a 9x13-inch baking pan with cooking spray place browned chops in pan in a glass measuring cup , mix together soup , ketchup , worcestershire and water pour over the pork chops cover with foil and bake at 350f for 1 hour or until done enjoy !",4.2,6.8,6.0,7.0,3.8,4.2
47182,scalloped apples,"apples, flour, sugar, cinnamon, nutmeg","grease an 8x8"" baking dish with butter put the apples in the dish mix the remaining ingredients and sprinkle on top of the apples bake , uncovered , at 350 for 40-45 minutes or until the apples are soft",4.7,1.6,2.5,4.0,3.5,3.0
426448,raspberry jam buttercream,"unsalted butter, confectioners' sugar, seedless raspberry jam, milk, red food coloring","place butter and jam in a mixing bowl of an electric mixer fitted with a paddle attachment cream butter and jam until well incorporated , about 2 minutes add powdered sugar , one cup at a time until you reach desired consistency if frosting gets too thick you can add a little milk to thin it out if you are not satisfied with the pink colour from the jam / preserves alone add in a drop or two of red food colour to intensify it",5.2,1.6,8.4,8.6,3.5,2.7
99152,roasted chicken and root veggies,"chicken, white pearl onions, garlic cloves, shallots, carrots, potatoes, rutabaga, olive oil, chicken broth, rosemary sprigs, italian seasoning, seasoning salt, lemon pepper","preheat oven to 450 degrees place washed chicken in a large baking dish toss veggies in olive oil and then place around chicken pour the chicken broth over veggies and chicken , sprinkle with the italian seasoning add seasoned salt and lemon pepper to taste lay rosemary sprigs over all bake in preheated oven for 1-1 / 2 to 2 hours , basting frequently remove the rosemary sprigs before serving",5.9,5.8,5.8,6.3,7.4,5.4
71187,grilled cheese french toast with bacon,"eggs, buttermilk, white bread, american cheese, cooked bacon, butter, syrup","heat a griddle melt 1 tablespoon butter mix eggs with buttermilk quick dip bread to cover with egg mixture and place on hot griddle , brown one side , and turn place 1 slice of cheese and 2 slices of bacon on cooked side of 3 slices of bread place other 3 slices of bread cooked side down on bacon flip when bottom is browned using the other tablespoon of butter as needed garnish with syrup or raspberry jam if you want",5.5,6.1,7.6,7.9,4.5,4.5
122033,strawberry balsamic salad,"strawberries, balsamic vinegar, fresh cracked pepper","slice strawberries arrange on a salad plate or saucer drizzle balsamic vinegar over top of berries , do not soak in a lot of vinegar crack just a dusting of fresh pepper over the top of strawberries to taste",6.2,1.0,1.0,1.8,2.0,1.3
147782,bourbon sidecar,"bourbon, orange-flavored liqueur, lemon juice","fill cocktail shaker with ice add bourbon , orange liqueur and lemon juice shake to blend and chill strain into stemless martini glass or old-fashion glass garnish with orange twist",5.5,1.0,1.0,1.8,2.5,1.7
202377,dipping oil    rosemary garlic,"extra virgin olive oil, fresh ground pepper, fresh rosemary, garlic cloves, salt, red pepper flakes",mix all ingredients to blend in a bowl or a pour bottle dip bread and enjoy refrigerate any left over,3.8,4.3,8.5,6.0,4.2,1.4
38584,yummy and super easy crock pot oatmeal,"old fashioned oats, water, cinnamon, dried fruits, spices","put the oats and the water , along with anything else you want to add to the mix in the crock pot , turn on to low , and go to bed thinking about what a great breakfast you're going to have ! i scoop it out of the crock pot and eat it with maple syrup , or blueberry syrup , or pourable fruit , and soy milk--yum ! to reheat leftovers , i usually add a little water , and stir it a couple of times while microwaving until it's hot you can add other flavorings as you like , such as dried fruits , other sweet spices , diced apples , etc i usually put raisins on after it's cooked because i like them chewy i've been meaning to try dried cranberries",3.7,1.4,1.2,3.1,3.5,2.0
193555,mom s cranberry walnut bread,"fresh cranberries, sugar, flour, baking powder, baking soda, salt, eggs, orange juice, orange rind, butter, walnuts, hot water","mix cranberries and 1 cup sugar and let stand overnight mix together flour , 1 cup sugar , baking powder , baking soda and salt sift together in a bowl , mix together eggs , orange juice , hot water , melted butter , orange rind and chopped walnuts add to dry ingredients stir in cranberries and pour mixture into two greased and floured bread pans bake for 1 hours at 325 degrees",5.8,2.8,5.5,6.4,6.9,5.2
66941,fabulous chicken marinade for bbq,"egg, salt, vegetable oil, cider vinegar, seasoning, garlic, ground pepper, chicken parts","blend all in cuisinart or blender pour over raw chicken and allow to marinate in the refrigerator , preferably overnight remove chicken from marinade and discard marinade grill chicken until cooked through",4.8,5.8,7.0,6.3,5.2,3.4
28451,cinnamon potato rolls,"sugar, mashed potatoes, water, active dry yeast, butter, eggs, salt, all-purpose flour, brown sugar, ground cinnamon, cream, icing","in a large mixing bowl , combine sugar and mashed potatoes add water and yeast mix well cover and let rise in a warm place for one hour meanwhile , combine filling ingredients and set aside stir dough down mix in butter , eggs and salt gradually stir in flour turn out onto a lightly floured surface knead until smooth and elastic , about 6-8 minutes divide dough in half on a floured surface , roll each portion into a 12in by 12 inch square divide filling and spread over each square to within 1 inch of the edges roll up jelly-roll style place in a greased 9 by 9inch baking pan cover and let rise in a warm place until doubled , about 1 hour bake at 350 for 35-40 minutes or until golden drizzle with a confectioners sugar icing if desired",6.3,3.0,6.5,7.6,7.2,7.4
21896,yummy caramel frosting,"brown sugar, butter, milk, powdered sugar, maple flavoring","in med saucepan , mix brown sugar , butter , and milk cook and stir on med-hi until boiling boil for 3 minutes remove from heat and cool add powdered sugar and maple flavoring beat until creamy",4.8,1.7,7.5,8.2,3.5,3.5
239744,tzatziki  yoghurt  cucumber  garlic and mint dip,"garlic cloves, olive oil, lemon juice, cucumber, salt, greek yogurt, dried mint","put the garlic , lemon juice and olive oil in a small bowl and leave to one side peel alternate strips of skin from the cucumber and grate coarsely place the cucumber in a sieve and sprinkle with salt leave for approximately 30 mins to allow the water to drip away squash any remaining juice out of the shredded cucumber put the yogurt and mint in a bowl mix well add the garlic , lemon juice , olive oil and drained cucumber , and season well with black pepper mix well and taste for salt before serving",5.2,4.3,4.6,4.4,5.0,3.8
364982,apricot glazed carrots,"baby carrots, onion, water, honey, apricot preserves, fresh parsley","place carrots and onion in slow cooker , and add the water cover & cook on low for 9 hours drain liquid from slow cooker in a small bowl , mix honey and preserves together , and pour over carrots cover and cook on high for 10-15 minutes sprinkle with parsley before serving",5.2,1.7,1.1,3.4,3.7,2.8
282180,baked mac   cheese w  gouda,"butter, chicken bouillon, elbow macaroni, all-purpose flour, mustard powder, milk, sharp cheddar cheese, american cheese, gouda cheese, nonstick cooking spray","preheat oven to 350f bring a large pot of water to a boil spray a shallow 8x8 baking dish set aside generously salt boiling water add pasta cook , according to package instructions , until 2 minutes short of al dente drain pasta , rinse with cold water , drain and return to pot while pasta is cooking , melt butter in a large saucepan over medium whisk in seasonings then whisk in flour to form a thick paste slowly whisk in milk bring to a low boil reduce heat to low , and simmer until sauce is thickened , 2 to 3 minutes remove from heat to baking dish , layering: add 1 / 2 of cooked macaroni add 1 / 2 of sauce , 1 / 2 of each cheese repeat and top with cheeses can be made several hours in advance , covered and refrigerated until time to bake bake covered for 15-20 minutes uncover and bake until topping is golden and sauce is bubbling , an additional 15-20 minutes if refrigerated , additional time may be needed until it is bubbly and slightly browned cool 5 minutes before serving washington golden seasoning instead of salt & pepper if you can find it , it is a great universal seasoning for sauces april 2012 , edit to add: if doubling this recipe , use only 5 tablespoons of flour and 6 cups of milk if you do not , you run the risk of a not so creamy and somewhat dry end result at times i have added a bit more milk than recommended because the under cooked macaroni will absorb some of the milk imo a little creamier is better than too dry",5.1,6.7,8.2,8.8,6.2,5.8
81197,blender pancakes waffles,"milk, wheatberries, eggs, sugar, cooking oil, baking powder, baking soda, salt","put 1 cup milk into blender , add 3 / 4 cups clean whole wheat kernels blend for 4 minutes assemble and add the remaining ingredients , blending a few seconds more pour on lightly oiled , hot griddle or waffle iron and bake until done",5.2,3.4,5.2,5.0,5.0,3.6
226088,honeyed roast carrots,"baby carrots, salt & freshly ground black pepper, honey","heat the oven to 375 degrees bring a pot of salted water to a rolling boil and blanch the carrots for 4 to 5 minutes drain carrots in a colander and place in a single layer in a baking pan season with salt and pepper , to taste brush the carrots liberally with honey and bake until the honey has caramelized , 7 to 8 minutes",5.5,4.0,1.5,2.5,2.0,3.5
285970,spinach and feta calzone,"pizza crust, olive oil, onion, garlic cloves, spinach, lemon juice, feta cheese, pine nuts, dried oregano, salt, ground cayenne pepper","preheat oven to 450 heat olive oil in a large pan over med-high heat add onions and garlic , saute 2 minutes add 1 / 2 the spinach and cook down until well wilted add the other half and cook down remove pan from heat and stir in remaining ingredients roll out crust on a sprayed baking sheet using a slotted spoon transfer spinach mixture to bottom half of crust pull the top of crust over filling and pinch closed all the way around using a sharp knife cut a few slits in the top of the crust for steam bake 15 minutes",6.0,6.0,5.0,6.0,7.0,5.5
14324,carrot and coriander soup,"butter, carrots, celery ribs, ground coriander, ground cumin, light vegetable stock, salt, fresh coriander","melt butter in large saucepan and saute carrots and celery for 2 minutes add coriander and cumin , fry for 3-4 minutes add stock , pinch of salt and pepper , bring to the boil and then simmer for 30 minutes put through blender decorate with a little drop of cream and fresh coriander",4.5,4.5,3.5,3.0,5.5,4.0
207305,lentil barley stew,"butter, celery, onion, garlic, water, lentils, crushed tomatoes, carrot, barley, salt, pepper, italian seasoning, crushed red pepper flakes","saute celery , garlic and onion in butter in a large pan add water or stock and lentils bring to a boil and then simmer for 20 minutes add tomatoes , barley , carrots and seasonings simmer for 45-60 minutes , till barley and lentils are tender , adding more stock if necessary",4.0,5.0,3.0,5.0,7.0,4.5
102731,grandma g s baked thanksgiving turkey,"turkey, italian salad dressing, butter, celery, onion, carrots","preheat oven to 450 degrees remove giblets and neck for those of you who have never cooked a turkey before , check inside the body cavity , and inside the neck chest cavity rinse turkey and pat dry mix melted butter and salad dressing draw up mixture into injector and inject bird in several locations in the brest , thighs and leg place in roaster pan and add all vegetables inside the body cavity cut 4 , 1 / 2 inch slices from the butter and insert under the breast skin , and push up as far as it will go place the remaining stick of butter in the cavity cover with heavy foil , making sure the foil does not touch the turkey bake for 2 hours 30 minutes in 450 degree oven if meat thermometer reads 185 degrees , it's time to uncover and baste using all of basting liquid if it has not reached 180 degrees return to oven for additional 30 minutes check therometer bake another 45 minutes , until golden brown remove from oven and cover with foil again and let stand for 15 minutes before slicing",6.0,6.0,7.0,7.0,4.5,6.0
145275,super easy fried ham steak with cranberry  mustard sauce,"ham steaks, black pepper, butter, shallot, mustard powder, whole berry cranberry sauce, water, red wine vinegar, salt and black pepper","sprinkle the ham steaks with black pepper melt about 2 tablespoons butter in a medium skillet over medium heat add in ham and saute until brown on the edges transfer to plates and cover with foil to keep warm reduce heat slightly and add in remaining 2 tablespoon butter to the skillet add in shallots and mustard powder stir until the shallots begin to soften add / mix in the whole-berry cranberry sauce , water and red wine vinegar stir with a wooden spoon until sauce thickens season the sauce with salt and pepper to taste spoon the sauce over ham and serve",5.0,8.0,6.5,6.0,5.0,4.0
328082,homemade mayo,"egg, dijon mustard, vinegar, salt, pepper, vegetable oil","using a blender , blend together first 5 ingredients open small cap on the cap of your blender slowly add in the oil enjoy ! )",4.0,4.5,9.0,8.5,4.0,3.0
292803,bek s black bean salsa pico de gallo,"rotel tomatoes, green onions, fresh cilantro, fresh lime juice, garlic, dried oregano, cumin, black beans, frozen corn, red bell pepper, salt","combine all ingredients in a large bowl refrigerate for at least 30 minutes , preferably an hour to marry the flavors the frozen corn should be thawed by the time you're ready to serve if you're serving immediately , make sure your corn is thawed before adding to the recipe ! variations: try roasted red bell pepper instead of fresh for a great , smoky taste use different colored bell peppers for a more festive look add 1 / 4 cup diced red onion add diced jalepenos or habaneros to kick it up let me know any other variations you try !",6.0,4.5,1.0,2.0,7.0,2.0
387168,panko coated chicken schnitzel with capers and lemon,"flour, eggs, panko breadcrumbs, boneless skinless chicken breast halves, salt & freshly ground black pepper, canola oil, butter, capers, lemon juice, parsley","set the flour , eggs and panko in three separate shallow bowls season the chicken cutlets with salt and pepper dredge the chicken in the flour , shaking off any excess , then dip in the eggs and coat thoroughly with the panko , pressing lightly to adhere in each of 2 large skillets , heat 1 / 4 cup of the canola oil add the chicken and cook over moderately high heat , turning once , until golden and crispy , about 3 minutes transfer the chicken to a paper towel-lined baking sheet and sprinkle with salt meanwhile , in a small saucepan , melt the butter and cook over moderately high heat until browned and nutty , about 4 minutes stir in the capers , lemon juice and parsley spoon over the chicken and serve",6.5,6.5,8.0,7.0,6.5,6.0
245632,malky s apple kugel,"cortland apples, sugar, oil, flour, egg, baking powder, vanilla extract, cinnamon",preheat oven to 350 placed sliced apples in an 8x8 oven safe dish sprinkle with sugar and cinnamon mix the remaining ingredients and spread over the top bake for 1 hour,5.0,2.0,6.0,6.0,5.0,3.5
215911,fried egg and cheese sandwich,"egg, margarine, bread, cheez whiz, salt and pepper, red pepper flakes","melt margarine in frying pan add egg gently fry the egg sprinkle the egg with the salt , black pepper and red pepper flakes flip the egg over i like the yolk to be a bit soft polk the yolk after you have turned the egg so that a bit of the yolk seeps out spread the cheez whiz on one side of the bread put the egg on the bread and top with the other slice of bread return the sandwich to your fryng pan and grill until golden , flip over and grill the other side enjoy !",4.5,6.0,6.0,6.5,4.5,3.0
65356,roasted jumbo shrimp with potatoes  lemon and capers,"large shrimp, extra virgin olive oil, garlic cloves, lemon, fresh lemon juice, salt, fresh ground black pepper, yukon gold potatoes, capers","preheat the oven to 450f wash the shrimp and pat them dry with paper towels in a medium bowl , combine shrimp , 1 tablespoon olive oil , garlic , lemon zest , lemon juice , 1 / 2 teaspoon salt , and 1 / 2 teaspoon pepper toss together and refrigerate rub a 9-inch baking dish with olive oil place the potato slices , slightly overlapping , in the pan drizzle them with the remaining 2 tablespoons olive oil , 1 / 2 teaspoon salt , and 1 / 2 teaspoon pepper roast the potatoes in the oven for about 15 minutes , until golden and just tender remove potatoes from the oven , top with the shrimp and the marinade , and return to the oven cook an additional 10 minutes , until the shrimp is opaque and slightly roasted looking remove from the oven and sprinkle with the capers serve at once with a green salad",6.5,6.0,5.0,5.5,5.5,5.0
46665,rosemary roasted salmon,"fresh rosemary, red onion, salmon fillets, lemons, olive oil, salt and pepper","place half of rosemary sprigs in a single layer in the center of a baking pan place sliced red onion ontop of the rosemary place salmon filet on top of the onion with skin side down sprinkle salmon with salt and pepper cover salmon with remainder of rosemary sprigs place lemon slices over rosemary drizzle olive oil over filet sprinkle with salt in a preheated 500 degree oven , roast salmon for about 20 minutes or until cooked through serve salmon with onion and lemon",6.5,5.0,4.5,5.5,4.5,4.0
12075,blueberry apples,"apple, blueberries, brown sugar, vanilla, butter, whipped cream","core and quarter apple arrange standing around edge of buttered ramiken mix together blueberries , brown sugar and vanilla fill the centre of the ramekin with the blueberry mixture dot the top with 2 teaspoons butter cover ramiken with plastic wrap pierce top of wrap once or twice place ramiken on plate microwave on high for 3 minutes , check and add 1 minute at a time until the apple falls serve warm top with a blob of whipped cream or vanilla ice cream microwave one ramiken at a time other berries can be substituted diabetics leave the brown sugar out or use sugar substitute",5.5,1.5,4.0,5.0,4.0,2.5
369822,mango wedges wrapped in serrano ham,"kosher salt, paprika, cracked black pepper, mangoes, serrano ham, manchego cheese","combine salt , paprika and pepper , mix well and sprinkle lightly on mango wedges wrap a slice of the serrano ham around each wedge arrange wedges on a platter or on individual plates and garnish with shavings of manchego cheese number of serving dependent on how large your mangoes are and how many wedges you choose to make",7.0,8.0,3.0,4.5,4.0,2.0
159267,bisabuelita s  crock pot refried beans  vegetarian,"pink beans, garlic cloves, onion, onions, bay leaf, black pepper, cumin powder, mexican oregano, liquid smoke, real butter, salt, oil, scallion, sharp white cheddar cheese","soak beans at least 4 hours or up to 12 hours in plenty of water add to the beans one of the garlic cloves , finely minced , 2 tablespoons of the onion , bay leaf and a dash of black pepper cover and cook on high for 2-3 hours then cook on low for approximately 5-6 additional hours or cook on low all day for about 9-10 hours once cooking time has commenced , check to see if beans are soft do not drain ! heat a cast iron skillet on medium heat and saute the onion , other garlic clove , cumin powder , and oregano in a little bit of oil with a slotted spoon , transfer the cooked beans to the skillet and begin by mashing using a potato masher add some reserved cooking liquid to help mash mashing to desired consistency once the beans are mashed to your liking , stir in the liquid smoke and butter , and about 1 teaspoon salt cook , stirring constantly until butter is melted taste and adjust all seasonings you will probably need more salt serve and garnish each serving with a sprinkle of grated cheddar cheese and some green onion slices save about 2 cups of the reserved cooking liquid for reheating the refried beans do not use water to rehydrate ! cast iron will alter the color of the beans this does not effect the taste",4.0,5.5,5.5,5.5,8.0,7.0
184156,arroz con pollo  rice with chicken,"oil, chicken fillet, garlic clove, onions, red capsicum, green capsicum, bay leaf, diced tomatoes, chicken stock, rice, turmeric powder, beans, artichoke hearts, salt and pepper","brown cubed chicken in some oil with the chopped garlic and onions add the chopped capsicum's saut for a minute add the bay leaves , tomatoes and chicken stock when the stock starts to boil stir in the rice and turmeric simmer low heat with the lid on until the rice is tender adding more stock if necessary stir regular this will take 20-30 minutes approximately add beans and artichokes during the last 10 mins of cooking",5.0,5.0,4.0,5.5,8.0,5.0
116551,strawberry watermelon slush,"fresh strawberries, watermelon, sugar, lemon juice, ice cubes",add the first 4 ingredients to the container of an electric blender blend until smooth gradually add in the ice cubes and continue to blend serve immediately in chilled glasses,5.5,1.0,1.0,1.5,3.0,2.0
41048,strawberry pie sugar free,"diet lemon-lime soda, cornstarch, sugar-free strawberry gelatin, graham cracker pie crust, strawberries",cook soda and cornstarch to boiling remove from heat add jello and stir to dissolve add strawberries to mixture and stir until all the strawberries are coated fill pie shell and pour remaining juice over pie refrigerate until pie is set,5.5,2.0,3.0,4.0,3.0,3.5
124750,apple pie crescent rolls,"apple, splenda sugar substitute, brown sugar, ground cinnamon, pumpkin pie spice, refrigerated reduced-fat crescent rolls","preheat oven to 375f peel , core and chop apple combine apple , splenda , brown sugar , cinnamon and pie spice unroll dough and cut each roll in half so you have 16 pieces of dough divide apple mixture onto dough and fold up edges bake on non-stick cookie sheet until lightly brown , about 12-15 minutes",5.0,2.0,4.5,4.5,4.5,3.5
303131,new england baked kidney beans in the crock pot,"kidney beans, sugar, molasses, dry mustard, salt, pepper, onions, salt pork, water","rinse dry beans in cold water place in a lg bowl , and cover with 2"" of cold water let soak overnight in refrigerator drain , and rinse beans put beans in a lg crock pot with the rest of the ingredients cook on high 12-14 hours or on low for 24 hrs , or until beans are soft , and juice is thick stir occasionally check water occasionally to make sure there is enough water in the beans , so they don't boil dry if you use a smaller size crock pot cut the recipe in 1 / 2 , and cook until beans are done i always use my large crock pot , so i'm not sure how long it takes",4.0,7.0,5.0,6.0,5.0,7.0
224772,simple baked chicken wings,"chicken wings, onion powder, season salt, paprika, pepper, barbecue sauce","rub seasonings onto both sides of individual chicken wings place in glass casserole dish bake at 350f for 30 minutes take out of oven and coat both sides of wings with barbecue sauce bake for another 7 minutes , flip wings bake for another 7 minutes , flip wings bake for another 7 minutes , flip wings enjoy !",5.5,6.5,6.0,6.0,4.0,4.0
24315,texas chicken tortilla soup,"butter, vegetable oil, onion, jalapeno, garlic cloves, baby carrots, boneless skinless chicken, ground cumin, chili powder, lemon pepper, tomatoes, chicken broth, tortilla chips, monterey jack cheese","in a large stockpot , heat butter and oil over medium heat add onions , jalapeno , garlic , carrots and raw chicken simmer 5 minutes stir in seasonings add tomatoes and chicken broth stir well and simmer for 1 hour , stirring occasionally to serve , crumble tortilla chips in the bottom of individual soup bowls fill bowls with soup and top with cheese",5.5,6.0,4.5,5.5,8.0,4.5
301943,one skillet cheesy chicken and rice,"butter, boneless skinless chicken breast, yellow onion, garlic cloves, white rice, mild enchilada sauce, chicken stock, cumin, salt, red pepper flakes, cheddar cheese, sour cream, cilantro","melt butter in a large skillet over medium heat add onions , garlic and chicken stir occasionally cook for 4-5 minutes until chicken cooked almost all the way through add rice and toast for 3-4 minutes add chicken stock , enchilada sauce , cumin , red pepper flakes and salt bring to boil , reduce heat to low and cover with a tight fitting lid cook , covered , 20 minutes or until liquid is absorbed turn off heat spread cheese over the top , replace cover and let sit for 5 minutes top with sour cream and chopped cilantro when serving",5.5,6.5,5.0,7.0,8.0,5.0
137870,cardamom and black pepper chicken,"onions, fresh ginger, garlic cloves, salt, cayenne pepper, fresh ground black pepper, boneless skinless chicken breast, corn oil, cinnamon stick, cardamom pods, onion, ground cumin, ground coriander, plain yogurt, tomatoes, garam masala, lemon juice","to make the marinade: put the onion , ginger , garlic , salt , cayenne pepper , black pepper and 3 tbsp water into a blender blend to a smooth paste , pushing down with rubber spatula when needed to marinate the chicken: put the sliced chicken in a bowl add the marinade and mix well cover and refrigerate for 30 minutes or up to 3 hours to make the dish: pour the oil into a wide , nonstick pan set over medium-high heat when the oil is hot , add the cinnamon and cardamom stir for 10 seconds put in the onion and fry , stirring at the same time , for 6 to 7 minutes , or until the onion turns a reddish-brown color add the cumin and coriander stir once add the yogurt , 1 tbsp at a time , and stir until it is absorbed add the tomato and stir for 1 minute reduce the heat to medium , add the chicken , together with its marinade , and cook , stirring , for 3 to 4 minutes , or until the chicken pieces turn white add 3 / 4 cup water , the salt , and garam masala stir and bring to a simmer reduce heat to low and cook , uncovered for 2 to 3 minutes , stirring now and then",6.0,5.0,5.0,5.5,9.0,6.0
384050,tangy lemon herb sauce,"plain low-fat yogurt, parsley, garlic clove, extra virgin olive oil, lemon zest, lemon juice, dill weed, kosher salt","place all ingredients in small bowl and stir with whisk until smooth let stand for 30 minutes before serving to allow flavors to blend if not serving following resting , cover and refrigerate until ready to serve",4.5,4.0,3.0,2.5,5.0,1.5
134501,slow cooker creamy chicken,"boneless skinless chicken breasts, healthy request cream of chicken soup, low-fat cream cheese, good seasonings italian salad dressing mix, mushrooms",add all ingredients to crockpot cook on low all day serve over w / w pasta or brown rice,3.8,6.5,5.0,7.0,3.5,2.0
205975,oil and vinegar dressing,"sugar, ground mustard, salt, pepper, paprika, hot water, balsamic vinegar, garlic cloves, vegetable oil, mixed salad green, red cabbage","in a 1-quart jar with a tight-fitting lid , combine the first five ingredients add water , vinegar and garlic shake until sugar is dissolved add oil shake well store in the refrigerator just before serving , remove garlic from the dressing drizzle over salad greens and red cabbage",5.0,4.5,7.0,3.0,6.0,2.0
113312,baked thai style fish,"fish, english cucumber, thai fish sauce, oyster sauce, honey, fresh lemon juice, garlic cloves, fresh ginger, hot chili pepper, green onions","i give directions for oven-baking a whole fish , but you can just as well fry fish fillets in a skillet never overcook ! then serve with this sauce if possible , make the sauce the day before or earlier in the day , so the flavours develop , but i confess i always make it at the last minute do not boil the sauce -- heat gently make the sauce: coarsely grate the cucumber into a small pot , liquid and all , then stir in the rest of the ingredients given above use enough cucumber ! the sauce is not really strong , just flavourful -- don't overdo the hot pepper ! if in doubt , add a few drops of tabasco taste for seasoning , keeping in mind that fish and oyster sauces are salty , and their flavours become more pronounced on standing cover and keep cool to prepare the dish , for a using a whole fish: heat oven to 425 deg f score fish on both sides by making 2 or 3 shallow cuts through the skin tear off a large piece of foil , large enough to enclose the fish completely and still leave space for steam spray the foil with a non-stick spray to prevent the fish sticking carefully put the fish on the foil and close foil tightly , tent-like , so there is extra room for air to circulate when oven reaches the correct temperature , bake the fish for 30 minutes exactly it will be done just right after 30 minutes keep the fish warm , and heat the sauce gently but do not cook roll the baked whole fish carefully on to a warmed platter with the liquid that will have formed , and spoon over the sauce while hot if there is too much sauce for the platter , serve the rest extra , in a small jug serve with jasmine or sticky rice , coconut-coated fried bananas , one sweetish veggie and a large salad of mixed greens don't forget the chilled white wine !",7.0,8.0,2.0,4.0,7.0,6.0
239789,coconut thai rice,"jasmine rice, vegetable oil, garlic cloves, onion, gingerroot, coconut milk, salt","rinse jasmine rice under cold running water until water runs clear let drain set aside in a saucepan , heat oil over medium heat cook garlic , onion and gingerroot , stirring occasionally , for 5 minutes or until softened stir in coconut milk and 1-1 / 4 cups water bring to boil stir in rice cover , reduce heat to low and simmer for about 20 minutes or until rice is tender and liquid is absorbed remove from heat let stand , covered for 5 minutes with a fork stir in salt",5.0,4.0,4.0,5.5,4.5,4.0
73279,agua fresca flor de jamaica  hibiscus flower iced tea,"dried hibiscus flowers, cold water, granulated sugar",put flowers and 3 cups water in a saucepan and bring to a boil continue boiling approximately 5 minutes remove from heat and add remaining cup of water and sugar set aside at least 4 hours strain into a pitcher and refrigerate serve well-chilled,5.0,1.0,1.0,1.0,2.0,2.5
65745,crusted honey mustard chicken,"honey mustard dressing, table salt, black pepper, dill, scallion, corn flakes, boneless skinless chicken breast half","preheat oven to 425 degrees in a small bowl , combine honey mustard dressing , salt , pepper , dill and scallions remove 1 / 3 cup and set aside place corn flake crumbs in a shallow bowl dip chicken breasts into 1 / 2 cup dressing mixture , then corn flake crumbs place into shallow baking pan coated with cooking spray bake until chicken is golden and no longer pink , about 15 minutes drizzle remaining dressing mixture over chicken breasts and serve",5.5,5.5,3.0,4.5,5.0,4.0
140486,basic vanilla frosting,"powdered sugar, butter, milk, vanilla",combine ingredients and beat on medium speed until smooth and fluffy,4.0,1.5,7.5,8.0,2.5,1.5
42112,apple pie squares,"all-purpose flour, walnuts, light brown sugar, butter, vanilla extract, ground cinnamon, sugar, salt, golden delicious apples, dark seedless raisins, cornstarch, fresh lemon juice","preheat oven to 375 degrees lightly grease 15 x 10 jelly-roll pan prepare struesel topping: in medium bowl , with hand , mix all topping ingredients until mixture comes together shape into a ball cover and refrigerate prepare shortbread crust: in large bowl , combine flour , sugar , and salt with pastry blender or 2 knives used scissor-fashion , cut in butter until mixture resembles fine crumbs sprinkle crumbs evenly in prepared pan with hands , firmly pat crumbs into bottom of pan to form a crust bake crust 20 to 25 minutes or until lightly browned meanwhile , prepare apple filling: in 12-inch skillet , melt butter over medium heat add apples , raisins , sugar , and cinnamon , and cook 15 minutes or until apples are tender , stirring occasionally in cup , mix cornstarch and lemon juice stir into apple mixture until thickened remove skillet from heat spoon hot apple mixture over warm crust break struesel topping into 1 / 2-inch chunks , and scatter over apple mixture bake 30 minutes or until struesel is golden cool completely in pan on wire rack when cool , cut lengthwise into 3 strips , then cut each strip crosswise into 6 pieces use wide metal spatula to lift and serve squares",6.5,3.0,7.0,7.0,7.0,7.0
347671,tsr version of taco bell style burrito supreme by todd wilbur,"lean ground beef, all-purpose flour, chili powder, cumin powder, salt, dried onion flakes, paprika, onion powder, garlic powder, water, refried beans, flour tortillas, enchilada sauce, sour cream, lettuce, shredded cheddar cheese, tomatoes, white onion","in a medium bowl , combine the ground beef with the flour , chili powder , salt , minced onion , paprika , onion powder , and garlic powder use your hands to thoroughly mix the ingredients into the ground beef add the seasoned beef mixture to the water in a skillet over medium heat mix well with a wooden spoon or spatula , and break up the meat as it cooks heat for 5 to 6 minutes , or until browned the finished product should be very smooth , somewhat pasty , with no large chunks of beef remaining in a microwavable bowl , mix 2 tbsp water and refried beans heat the refried beans covered in the microwave set on high temperature for 1 1 / 2 to 2 minutes place the flour tortillas on a plate and cover with plastic wrap heat the tortillas for 30 to 45 seconds in the microwave on high temperature build each burrito by first spreading about 1 / 4 cup of refried beans on the center of a heated flour tortilla spread one-eighth of the meat mixture over the beans , then pour about a tablespoon of the enchilada sauce over the meat stir the sour cream well , so that it is smoother , then spread about 1 1 / 2 tablespoons onto the burrito arrange some of the lettuce , cheese , tomato and onion onto the tortilla , and then you're ready to roll fold the end of the tortilla closest to you over the filling ingredients fold either the left or right end over next then fold the top edge over the filling you will be leaving one end of the burrito open and unfolded repeat with the remaining ingredients and serve immediately",6.0,7.0,5.5,7.0,9.0,6.0
154126,paula deen s molten lava cake,"bittersweet chocolate squares, semi-sweet chocolate baking squares, butter, all-purpose flour, confectioners' sugar, eggs, egg yolks, vanilla extract, grand marnier",preheat oven to 425f grease 6 custard cups melt chocolates and butter in the microwave or in a double boiler add flour and sugar to chocolate mixture stir in eggs until smooth stir in vanilla and grand marnier divide batter evenly among custard cups bake for 14 minutes edges should be firm but the center will be runny run a knife around the edge to loosen and invert onto dessert plate top with vanilla ice cream or raspberry sauce enjoy !,7.5,2.0,8.5,9.0,5.5,5.5
202325,hoot  n holler whiskey cake,"unsalted butter, sugar, eggs, all-purpose flour, baking powder, salt, nutmeg, milk, molasses, baking soda, golden raisin, pecans, jack daniels whiskey","preheat oven to 325f grease and flour a 9 x 5-inch loaf pan cream butter with the sugar and the eggs mix together the flour , baking powder , salt , nutmeg , and add it to the butter mixture stir in the milk put the baking soda into the molasses and mix add it to the butter and milk mixture add the raisins , nuts and whiskey pour into loaf pan and bake for 1-1 1 / 2 hours remove pan to wire rack and cool for 10 minutes turn cake out of pan onto rack cool completely keep leftover cake wrapped in foil , in the refrigerator",6.0,3.0,6.5,7.5,7.0,5.0
39937,lime pickled red onions,"red onion, fresh lime juice, olive oil, salt, fresh cilantro, fresh oregano","mix all ingredients and let onion marinate at least 3 hours at room temp will keep up to 4 days , covered in frig",5.5,4.0,3.0,1.5,4.0,1.5
279838,bread machine west african banana fritters,"active dry yeast, bread flour, whole wheat flour, sugar, salt, flaked coconut, banana, egg, milk, vegetable oil, confectioners' sugar","add all the ingredients for the dough to your bread machine in the order suggested by the manufacturer and process on the dough cycle remove the dough after the cycle ends and place on a lightly floured work surface with a floured rolling pin , roll out the dough into an 8-by-12-inch rectangle cut into 2-inch squares place on a nonstick or greased tray , cover , and let rise in draftfree area about 30 minutes heat 1-inch of oil in a large saucepan or skillet until it reaches 365 degrees f on deep-frying thermometer fry 3 or fritters at a time 10 to 15 seconds on one side until golden carefully flip fritters and fry until lightly browned , 5 to 7 seconds drain on crumpled brown paper bags or on several layers of newspaper covered with a sheet of paper towel sprinkle confectioners' sugar over fritters serve warm",6.0,3.5,9.0,7.0,6.0,7.5
185960,deep fried french toast,"flour, baking powder, salt, milk, eggs, bread, oil, cinnamon, powdered sugar","mix dry ingredients first , then add milk and eggs beat all ingredients well cut bread in half dip bread into batter and fry in 1 / 2 inch oil ultil light brown my personal preference is using hawaian bread in lieu of regular white bread , really sweet , but has a great flavor , a very nice change from the same ol same ol i also love to sprinkle cinnamon on the dipped bread just before frying , my family loves cinnamon on our french toast you could also sprinkle some powdered sugar on top when ready to serve",5.5,4.0,9.0,8.0,5.5,4.5
55555,cinnamon sunrise  bread machine,"water, white bread flour, dry milk, brown sugar, salt, butter, cinnamon, pecan pieces, fast rise yeast","combine ingredients in your bread machine according to the manufactor's directions makes one 1 1 / 2 pound loaf success hints: great served warm for breakfast ! start on a time bake the night before for the fullest flavor use fresh cinnamon frsh spices enhances this bread dramatically this recipe can be made using the regualr , rapid and delayed time bake cycles",5.0,4.5,4.0,5.0,5.0,2.5
78709,low carb pumpkin cheesecake,"cream cheese, vanilla extract, pumpkin pie spice, eggs, egg yolk, sour cream, prepared pumpkin, splenda sugar substitute, ground nuts, butter","preheat oven to 350-degrees mix 1 / 4c splenda , ground nuts and butter press into springform pan bake for 20 minutes turn oven down to 300-degrees bring all cold ingredients to room temperature with an electric mixer , combine the cream cheese and 1 c splenda at slow to medium speed , scraping sides often add all other ingredients except eggs and pumpkin when completely mixed , add the eggs and egg yolk , one at a time , beating very slowly fold pumpkin into the batter when pumpkin is blended , do not mix any more always treat the batter gently add the pumpkin batter to a well greased springform pan place the pan on a very large piece of aluminum foil , and fold the foil up around the pan to create a watertight barrier around the cheesecake then place the springform pan in an even larger pan and fill the larger pan halfway with water this is called a water bath it is a gentler way to cook the cheesecake place the entire water bath containing the cheesecake in a 300-degree preheated oven cook for 1 hour and reduce heat to 200 degrees for 1 more hour turn oven off and leave cheesecake in until the oven is completely cool the cheesecake can even be left overnight at this point cracks can also occur when a cheesecake cools too quickly , so dont rush this process let it set up for several hours in the fridge , preferably overnight",7.0,3.0,8.0,9.0,6.5,8.0
160798,crock pot barbecued bbq ribs,"pork spareribs, salt, pepper, onion, barbecue sauce",cut ribs into serving portions i usually do two ribs together sprinkle both sides with salt and pepper place ribs on a broiler pan and broil 12 minutes per side or until browned i like mine a bit 'crisp' drain if necessary place sliced onion in crock pot place rib sections on top of onions pour a little barabecue sauce over each section as you place them in the crock pot and the rest of the bottle over all the ribs cover and cook on low for about 8 hours,5.5,6.5,6.5,7.5,3.5,5.0
485585,gone wild on a satin pillow,"cream, malibu rum, kahlua, cointreau liqueur, vanilla extract, superfine sugar, nutmeg",mix everything up to the nutmeg stir or shake well until sugar has dissolved place in two small martini style glasses or over shaved ice in a small glass add a dash of nutmeg on top enjoy,6.0,1.0,7.0,8.0,5.0,1.5
244711,honey spice rubbed pork tenderloin,"catalina dressing, pork tenderloin, chili powder, garlic powder, dry mustard, paprika, dried thyme leaves, honey","brush 2 tablespoons of the catalina dressing over pork mix dry ingredients rub onto pork let stand 10 min or refrigerate up to 24 hours to marinate preheat grill to medium heat place pork on grill cover grill 20 min , turning occasionally mix remaining 2 tablespoons dressing and honey brush some of the honey mixture over pork continue grilling 5 to 10 min , turning and brushing with honey mixture until pork is cooked through let stand , covered with foil , a few minutes before slicing",6.0,5.5,4.0,5.5,5.0,5.0
432502,eggplant and potato curry,"oil, tomatoes, eggplants, potatoes, chili powder, turmeric, coriander, cumin, garam masala, sugar, salt, water","heat oil in a pan add spices , tomatoes , sugar and salt cook on medium heat for 3 minutes till the tomatoes are soft add potatoes and eggplant cook for about 5 minutes add a 1 cup of water and continue to cook over medium heat for about 5 to 10 minutes more till the vegetables are tender watch the pot as you may need to add another 1 / 4 to 1 / 2 cup of water to prevent scorching serve hot with white rice",5.0,5.0,5.0,4.5,7.0,4.5
64144,mexican spiced rice,"white rice, cumin, coriander, oregano, dried onion flakes, cayenne pepper, cajun seasoning, cilantro, chevre cheese","mix dry rice , spices and dried onions cook rice according to package directions , either on stove top or in rice cooker fluff rice with fork add cheese to warm rice and let melt a bit add cilantro and combine well",4.5,5.5,2.0,4.5,6.0,2.5
323011,sour cream chicken enchiladas,"cooked chicken, cream of chicken soup, cream cheese, sour cream, salsa, chili powder, flour tortillas, cheddar cheese, plum tomato, green onion","in a medium bowl mix soup , cream cheese , sour cream , salsa and chili powder in a large bowl mix chicken , cheese and only 1 cup of salsa mixture place 3 tablespoons of chicken mixture in each tortillas roll up tortillas and place seamside up on a grease sprayed 11 x 7 baking dish pour remaining salsa mixture over filled tortillas cover dish with foil bake in a 350 degree oven for 45 minutes or until hot and bubbling top with cheddar cheese and return to oven for 5 minutes sprinkle top with chopped tomatoes and diced green onion enjoy !",6.0,6.5,6.0,8.0,6.5,5.0
294999,gluten free alfredo sauce,"cream cheese, parmesan cheese, butter, milk, garlic seasoning",i would heat all together on med-low until smooth and creamy according to my husband you do the following : melt butter first then smash cream cheese into the butter add cheese and milk last add more milk to make more smooth start with 1 / 2 cup first then add to more to make desired texture,4.0,5.5,8.5,9.0,3.5,2.5
124336,inspired steakhouse mushrooms,"green onions, onion, garlic cloves, butter, fresh mushrooms, wine, worcestershire sauce, beef broth","melt butter in a 2-quart saucepan saute green onions , diced onions and garlic in butter over a medium flame for about 2 minutes , taking care not to burn the garlic add rest of ingredients to pan and simmer uncovered for at least 20 minutes (longer simmering just means more tender and flavorful mushrooms , so i usually let these go for 30-45 minutes while i prep the rest of dinner",5.5,6.0,6.5,5.5,5.0,3.5
84665,microwave corn in butter sauce,"green onion, frozen corn kernels, butter, cornstarch, sugar, dried tarragon, seasoning salt, fresh ground black pepper","in a 1-1 / 2-quart microwave-safe casserole dish , combine all ingredients cover with a lid microwave on high for 6-7 minutes or until corn is tender and sauce is bubbling , stirring 2 or 3 times",4.5,5.5,6.5,5.0,5.0,2.0
134877,milk rice,"short-grain rice, water, milk, salt, vanilla bean, sugar","bring water to a boil in a large saucepan wash the rice and drain it add the rice to the boiling water , and cook for 5 minutes in a separate saucepan , bring the milk to a boil over medium heat remove the cooked rice and drain it slowly drop the rice into the boiling milk lower the heat and add salt , vanilla bean , and sugar cover and simmer 15 - 20 minutes , stirring occasionally , until the milk is absorbed add more milk , if necessary for a tender rice serve warm , cold or room temperature - your preference",4.0,3.0,2.0,4.0,4.0,3.5
234570,the houdini s magical tuna kabobs with pineapple glaze,"scallion, scotch bonnet peppers, soy sauce, fresh lemon juice, olive oil, ground allspice, cilantro, garlic clove, salt, brown sugar, dried thyme, ground cinnamon, fresh ahi tuna, zucchini, red bell pepper, red onion, fresh pineapple, pineapple juice, lemon juice, minced ginger, scotch bonnet pepper, honey","put first 12 ingredients -- scallions through cinnamon -- into a blender and puree pour marinade into a plastic bag , then add the tuna place bag , sealed well , into the refrigerator for 2 - 6 hours , turning every once in a while to distribute marinade evenly if using wooden skewers , cover them with water in a shallow dish and let stand for 2 hours in a pot of boiling water , blanch the bell peppers , zucchini , and onion for 1-2 minutes depending on the size of the slices drain and pat dry make pineapple glaze by placing pineapple juice , lemon juice , ginger , chili , soy , honey and cilantro in a saucepan bring to a boil , then turn down to medium low , cooking until mixture is reduced by half set aside remove tuna from refrigerator and drain off marinade on metal or wooden skewers alternately thread ingredients: a slice of onion , tuna , pineapple , bell pepper , zucchini , etc or in any order that pleases you heat grill to medium high and cook the kabobs for about 6-8 minutes total , turning once use pineapple glaze often to brush on kabobs as cooking and to drizzle any remaining on plates",8.0,7.0,4.5,5.0,10.0,7.0
312031,cookie bouquet cookies,"butter, superfine sugar, confectioners' sugar, lemon, zest of, eggs, vanilla extract, all-purpose flour, baking powder, salt","in a large bowl , cream together butter and sugars until smooth add lemon zest beat in eggs and vanilla in another bowl , combine flour , baking powder and salt add to wet ingredients slowly cover and chill dough for at least one hour preheat oven to 400 degrees f roll out dough on floured surface to 1 / 4 to 1 / 2 inch thickness cut into shapes with any cookie cutter place cookies 1 inch apart on ungreased cookie sheets bake 6 to 8 minutes in preheated oven cool completely",6.5,3.0,6.0,6.5,5.5,5.5
480476,eleven city diner s mexican scramble,"plum tomato, yellow onion, fresh cilantro, jalapeno, salt & freshly ground black pepper, vegetable oil, corn tortillas, soy chorizo, scallions, eggs, monterey jack cheese","for the salsa: in a small bowl , combine the tomatoes , onions , cilantro and jalapeno stir together , season with salt and pepper and set aside for the scramble: in a medium nonstick skillet , heat 1 tablespoon oil over medium-high heat add the tortillas and cook until golden , about 3 minutes per side transfer to a paper towel-lined plate to drain add the remaining 1 tablespoon oil to the skillet with the soy chorizo cook until the chorizo begins to sizzle , about 2 minutes add the scallions and cook 2 minutes stir in the eggs with a spatula until the eggs begin to set , about 1 minute add the cheese and season with salt and pepper cook , stirring constantly , until the eggs are set , 30 seconds to 1 minute serve the scramble on top of the fried tortilla and scatter salsa over top",6.5,6.0,7.0,7.0,7.0,5.0
104917,jaxon s potato chile soup,"fresh jalapeno pepper, green chili, onion, potatoes, salt, chicken broth, butter, flour, milk, cheddar cheese","combine the first 6 ingredients bring to a boil and reduce heat , simmer 20 minutes in a separate pan , melt the butter over low heat , add flour and blend until smooth cook the roux over low heat for 3 minutes , constantly moving it so it will not scorch strain liquid from potato / chile mixture and reserve 3 cups of the liquid mash half the potato / chile mixture , reserving the other half stir the reserved cooking liquid into the roux , raise the heat and whisk with a wire whip until thickened add milk to thickened liquid and continue to stir until it comes to a simmer turn off the heat , add mashed and unmashed potato / chile mixture serve topped with shredded cheese on top",5.0,5.5,6.5,6.5,6.5,5.0
455079,mushrooms  i funghi fritti col formaggio parmigiano,"mushrooms, parmesan cheese, butter","heat a medium size frying pan , add the butter when pan is ready , add the sliced mushrooms and cook for approximately 5 minutes when ready sprinkle with parmesan cheese mangiare !",4.5,5.5,6.5,5.0,2.5,2.0
59224,chipotle roast for tacos   sandwiches,"chuck roast, salt, pepper, chili powder, cumin, chipotle chiles in adobo, green chilies, salsa verde, onion, garlic, beef broth","place chuck roast in large crock pot and sprinkle with the salt and pepper , chili powder and cumin add the remaining ingredients and simmer on high for 5 hours or on low for 7-8 hours shred the meat with a fork and simmer on high for additional 10-15 minutes serve in enchiladas , tacos or on crusty rolls with the juice for dipping",5.5,6.0,6.0,7.5,7.0,4.5
52554,ham calzones,"ricotta cheese, boneless ham, mozzarella cheese, crushed red pepper flakes, frozen bread dough, vegetable oil","preheat oven to 375 stir ricotta cheese , ham , mozzarella cheese , and pepper until well blended take each loaf of bread and either tear or cut into five pieces flatten each piece of bread into a 5"" circle place about a 1 / 4-1 / 2 c filling in center of bread and fold to one side seal edges together by squeezing place calzones on cookie sheets and brush with vegetable oil cook for 30-40 minutes until golden brown enjoy !",5.5,7.5,5.5,6.5,4.0,5.0
114406,finallywroteitdown chicken  sausage and shrimp jambalaya,"cooked chicken, raw shrimp, smoked sausage, onions, garlic cloves, olive oil, dried thyme, dried oregano, bay leaves, cayenne pepper, white pepper, black pepper, rice, chicken broth, worcestershire sauce, salt","in a large dutch oven , cook the smoked sausage in the olive oil until browned add the onion and garlic and saute until golden and transparent add the uncooked rice and cook , stirring briskly , until just starting to turn golden , then add the chicken broth and worcestershire sauce , stirring to combine with the rice-sausage-onion-garlic mixture bring to a boil , then reduce heat and add the cooked chicken , thyme , oregano , bay leaves , cayenne pepper , white pepper and black pepper cook , covered , over low heat for about 30 to 40 minutes add more liquid if you need to then add the shrimp , cover , and cook for another 10 minutes or until shrimp is pink and cooked through season to taste with salt and more pepper if you like",5.5,7.0,5.0,7.0,8.5,5.5
120981,chops or chicken with prosciutto and artichoke  in cream sauce,"artichoke hearts, mushrooms, olive oil, onion, pepper, garlic powder, cayenne pepper, oregano, white wine, prosciutto, boneless pork chops, heavy cream, romano cheese, mozzarella cheese",mix all ingredients except for the cream and cheese in the crockpot cover and cook on low for 8 hours remove the porkchops from the crockpot mix the cream and cheese with the juices and vegetables remaining in the pot return the chops to the pot and coat with sauce,5.5,7.5,7.0,8.5,8.0,4.0
482338,ham and tomato omelet,"eggs, butter, parsley, chives, pepper, deli ham, tomatoes, cheddar cheese",mix eggs and pepper parsley and chives in pan heat butter until melted add eggs cook until almost set alternate ham slices with tomatoes on half of omelet flip over top and sprinkle with cheese cover for a minute while cheese melts slide onto plate,5.0,6.5,6.0,6.0,5.0,3.0
136935,easy garlic and basil stuffed chicken breasts,"chicken breasts, butter, fresh basil, garlic, egg, dried breadcrumbs, olive oil","pre heat the oven to 180'c / 350'f mix together until well combined the butter , basil and garlic cut a deep cut along each chicken breast to make a pocket fill pockets with the butter mixture , pressing in well carefully dip each breast into the beaten egg and then into the dried breadcrumbs , pressing on well you can now either leave on a flat plate in fridge for 20 mins or longer to set crumbs or cook straight away depending on what time you have heat oil in a non stick pan over medium high heat and fry the chicken breasts for 2-3 mins each side or until golden brown remove from pan and place in a baking paper lined shallow baking dish and bake in oven for about 10 mins until cooked through",6.0,5.0,7.0,7.0,5.0,5.5
462500,hamburger new,"bun, hamburger patty, ketchup, curry powder, lettuce leaves, cucumber, tomatoes, fried onions, mayonnaise, prepared mustard","stir together ketchup and curry powder combine mayonnaise and mustard slice pickled cucumber and tomato lightly toast the split burger bun while frying the burger patty until done place the lettuce leaves on the base of the bun , top with sliced tomato place the burger patty on top of the tomato slices , cover with sliced cucumber pour curry ketchup on top , then decorate with mustard-mayonnaise top with fried onions and the second half of the bun don't try to take this with your hands and bite into it use fork and knife to prevent a mess enjoy :)",6.0,6.0,6.5,7.0,6.0,4.0
370963,carrots in vinegar  cenouras em conserva,"carrots, garlic cloves, fresh parsley, red wine vinegar, salt, black olives","peel and wash the carrots and slice them into 1 / 2 inch thick rounds blanch the carrots in boiling salted water for about 7-8 minutes you want them cooked , but not overcooked - firm to the bite strain and set aside to cool in a bowl combine the vinegar and garlic add in the cooled carrots and mix well stir gently enough to not break the pieces of carrot refrigerate for at least three hours , stirring every now and again arrange the carrots on a platter surrounded by the olives if you like",5.5,5.0,1.5,2.0,4.0,3.0
135254,peas in tomato sauce  revithia me saltsa domata,"extra virgin olive oil, onion, garlic clove, tomatoes, sugar, fresh oregano, fresh basil, water, tomato paste, zucchini, frozen peas, salt","remove peas from the freezer so that they can begin to thaw while the dish is simmering add olive oil and onions to a large skillet over medium heat cook 2 or 3 minutes until the onions soften a bit add the minced garlic and stir a minute add the tomatoes , sugar , oregano , basil , and water to the onions continue to cook another 5 minutes so that flavors begin to come together adjust seasonings as desired at this point add zucchini and cook 5 to 8 minutes the zucchini should be cooked but still firm add the thawed peas and stir again until the peas are warm , about 2 or 3 minutes serve warm",5.5,4.5,4.5,3.5,7.0,4.0
10392,shawarma,"plain yogurt, lemon juice, garlic, hot pepper sauce, vinegar, onion, black pepper, cayenne pepper, ground mace, salt, beef, tahini, parsley, water, pita bread, tomatoes, mixed sprouts, lettuce, tzatziki","combine yogurt , lemon juice , garlic , pepper sauce , vinegar , onion , black and cayenne pepper , mace , and salt add meat and marinate overnight grill the meat until done or broil in oven combine the tahini , garlic , lemon juice , and parsley whisk well add water if needed to make the sandwich slice open a pita , spread some tahini sauce on the bread and add some lettuce and sprouts , tomato , onion and meat pour on a little tzatziki and chow down",7.0,6.5,4.5,6.5,9.5,7.0
198987,penne with sun dried tomatoes and asparagus,"penne pasta, extra virgin olive oil, onion, garlic, fresh rosemary, white wine, heavy cream, black pepper, fresh asparagus, sun-dried tomato packed in oil, pecorino romano cheese","cook pasta as directed , drain , set aside in large skillet , heat olive oil add onion , garlic , and rosemary , saute until garlic begins to caramelize and the onions are translucent add white wine and simmer for about one minute add the heavy cream , salt , pepper , asparagus and sundried tomatoes simmer for about 5 minutes or until vegetables are heated toss cream mixture with pasta and grated cheese",6.0,6.5,7.5,8.0,7.0,5.0
27991,blueberry cream cheese stuffed baked french toast,"white bread, french bread, fresh blueberries, cream cheese, sour cream, sugar, vanilla, eggs, milk, half-and-half, cinnamon, ground nutmeg, powdered sugar","cut white bread into cubes and place into the bottom of a greased 9x13 pan sprinkle blueberries evenly over bread microwave cream cheese in bowl for 2 minutes stir carefully and add 1 / 2 cup sugar , 1 / 2 cup sour cream , and 1 teaspoons vanilla spread over blueberries cut french bread into 10-1 inch thick slices , place over cream cheese beat eggs , milk , half&half , cinnamon , and nutmeg and pour over bread cover and refrigerate overnight bake at 350 degrees for 45 minutes covered , then uncover for approximately 15 minutes let set before slicing sift powdered sugar over before serving",6.5,3.0,6.0,8.5,8.0,6.5
275558,quick honey spice bread,"flour, baking powder, baking soda, salt, ground ginger, ground cinnamon, ground cloves, skim milk, honey, egg, brown sugar","preheat oven to 350 spray a 9x5 loaf pan with cooking spray in a large bowl combine first 7 ingredients and mix well in a small bowl whisk together milk , honey and egg add milk mixture to flour mixture , stir together spoon batter into prepared pan bake until a toothpick comes out clean in the center , about 50 minutes in my oven place pan on wire rack to cool for 10 minutes , then turn loaf out onto rack to cool completely to make a glaze for the bread use 3 tablespoons honey , 2 tablespoons margarine and 2 teaspoons packed brown sugar microwave on high until melted , then spoon over warm bread",5.0,3.5,2.5,4.5,6.5,4.0
471735,copycat campbell s tomato soup,"tomato sauce, tomato paste, water, garlic salt, sugar, salt, whole milk",add first six ingredients to a medium pot and place over medium heat bring to just a simmer slowly stir in milk heat to simmer or desired serving temperature serve,4.5,6.5,2.5,3.5,4.0,2.5
126687,spaghetti with fresh tomatoes and basil,"fresh tomato, onion, olive oil, sugar, fresh basil, salt, pepper, spaghetti","cook spaghetti according to package directions only drain spaghetti , do not rinse meanwhile , cook onions in 1 / 2 tbs olive oil in a small pot over medium high heat until soft , about 1 minute reduce heat to low add tomatoes , sugar , pepper and salt to taste stir to mix tomatoes should get warm , but not cooked , about 5 minutes when ready to serve add remaining 1 / 2 tbs oil , basil and spaghetti to tomatoes remove from heat , mix well , cover and let rest for 2 minutes serve",5.5,4.5,3.5,4.0,5.0,3.5
197293,caf l orange,"instant coffee, sugar, dried orange peel, cinnamon","in a small bowl , combine all ingredients until well blended to hot water in a mug , add 1 or 2 teaspoons of mix and stir store mix in air tight container ,",3.5,1.0,1.0,1.0,3.0,1.0
128916,tomato and corn pudding,"firm ripe tomatoes, salt and pepper, olive oil, onions, fresh corn, garlic cloves, fresh spinach, half-and-half, eggs, egg whites, cayenne pepper, havarti cheese, fresh parsley","heat oven to 350 degrees place tomatoes on double layer paper towels and sprinkle lightly with salt and pepper cover with another double layer of paper towels in large skillet , over medium heat , heat oil tillhot add onions and corn , cook , stirring frequently , till softened , about 6 minutes add garlic and spinach , cook stirring frequently for 1 minutes more remove to large bowl in another mixing bowl whiks half an half , eggs , egg whites , 1 tsp salt , 1 tsp pepper and cayenne add corn mix and stir well stir in 1 / 2 c cheese and 2 tbsp parsley spray a 3 quart baking pan or gratin pan with nonstick spray add corn mixture , spread evenly top with half of the remaining cheese cover top with slightly , overlapping tomato slices sprinkle with remaining cheese bake 40-45 minutes , or til pudding is set remove and allow to cool for 5 minutes sprinkle with remaining parsley",6.5,5.5,5.5,6.5,8.5,6.0
310259,banana pie,"bananas, sweetened condensed milk, eggs, nutmeg, ground allspice, ground cinnamon, pie shells, vanilla ice cream","preheat the oven to 190c peel the bananas and mash with a fork add the sweetened condensed milk , eggs , nutmeg , allspice and the cinnamon mix well pour the mixture into the pie shell turn the heat of the oven down bake the pie for around 30 minutes let the pie cool to serve , cut a slice and place in onto a plate dust with a mixture of ground cinnamon and icing sugar , serve with a spoonful of vanilla ice cream",5.5,2.0,5.0,7.0,5.5,4.0
188219,lick the pan green beans,"green beans, extra virgin olive oil, water, salt, all purpose greek seasoning, liquid smoke, pepper","place olive oil in the bottom of a medium to large saucepan put green beans in pan , then sprinkle 1 teaspoon salt over the beans pour in water bring the pot to a boil over high heat , then reduce heat to medium low , cover partially , and simmer for 45-60 minutes , or until the water is almost completely gone , stirring occasionally this is approximate , so check every so often , you may need to add a little more water to get beans cooked to desired doneness add salt and pepper to taste and serve i hope you enjoy this as much as i do !",4.0,5.5,4.0,2.5,4.0,3.0
141568,rich lemon muffins,"unbleached flour, sugar, baking powder, salt, butter, fresh lemon juice, eggs, lemon, zest of","heat oven to 400 degrees spray muffin tins combine flour , 1 / 2 cup sugar , baking powder and salt blend well melt butter turn off heat , stir in lemon juice , eggs and most of lemon zest , reserving some zest for garnish on top of muffins stir egg mixture into dry ingredients and blend until well moistened spoon into greased muffin tins , sprinkle top of batter with 2 t sugar and remaining zest bake 15-20 minutes until lightly browned , but do not over bake !",5.5,3.5,6.5,6.0,5.0,4.0
480526,pioneer woman s homemade ranch dressing with iceberg wedges,"kosher salt, garlic clove, mayonnaise, sour cream, milk, flat leaf parsley, fresh chives, fresh dill, distilled white vinegar, worcestershire sauce, cayenne pepper, paprika, black pepper, hot sauce, iceberg lettuce","sprinkle salt over garlic and mash together to make a paste , the finer the better combine the paste with all ingredients except lettuce taste and adjust the seasoning , if needed chill for several hours before serving when ready to serve , thin with more buttermilk if needed wash and dry the lettuce cut into wedges to serve: place wedges on a platter or salad plates and drizzle dressing over wedges , making sure you have enough for all the lettuce leaves",6.5,6.0,7.5,7.0,8.5,3.0
206365,almond oreo truffles balls  and other flavors,"oreo cookies, cream cheese, almond extract, dipping chocolate, white chocolate","using a food processor , grind cookies to a fine powder with a mixer , blend cookie powder , cream cheese and almond extract until thoroughly mixed use the large side of a melon baller to create inch balls and place on wax-lined cookie sheet refrigerate for 45 minutes follow directions on the bakers dipping chocolate to melt the milk chocolate dip balls and coat thoroughly gently place a fork underneath the coated ball to lift it out of chocolate letting the excess chocolate drip off place on wax-paper-lined cookie sheet follow the directions on the bakers white chocolate box to melt it place melted white chocolate in a small plastic baggy and cut a tiny hole in a corner use as a pastry bag using the bag or bottle , drizzle the white chocolate over each truffle place in the refrigerator for 15 minutes to let the chocolate set instead of the white chocolate embellishment , you can top with ground toasted almonds do not substitute chips for either the milk or white chocolate they will not create a smooth exterior on your truffle ! you can substitute premium baking chocolate for the dipping chocolate if you prefer you can change these up by substituting different flavors of extract: use peppermint and top with crushed peppermint candies , use cherry and top with pink tinted white chocolate , substitute t strong coffee and top with crushed hazelnut , or substitute vanilla your options are endless !",7.0,3.0,8.5,9.0,4.5,6.0
116442,vegetable pasta sauce  crock pot,"diced tomatoes, frozen chopped spinach, carrot, onion, portabella mushrooms, water, butter, powdered milk, basil, parsley, italian seasoning, coriander, garlic cloves, tomato paste, parmesan cheese","combine tomatoes , spinach , carrot , onion , mushrooms , celery , water , butter , and milk powder in a blender and blend well pour into a crock pot and add seasonings , tomato paste , and cheese cook on low for 8 hours or high for 5 hours serve over your favourite pasta",4.5,5.0,4.0,4.5,8.0,4.0
53763,sweet french dressing,"vinegar, oil, powdered sugar, catsup, salt and pepper",put all together in blender and pulse until smooth refrigerate,4.0,4.5,8.0,3.5,3.5,1.5
394885,littlemafia s transylvanian cabbage   noodles,"cabbage, salt, oil, onion, wide egg noodles, caraway seed, pepper","mix cabbage with salt and allow to stand 1 / 2 hour squeeze dry heat oil in skillet and saute cabbage onion , stirring occasionally until cabbage is lightly browned and tender season with salt and pepper cook noodles drain mix noodles with cabbage , season with salt and pepper , heat and serve optional:sprinkle with carraway seeds",4.0,5.5,5.0,4.5,4.5,4.0
277545,quick mushroom chicken,"vegetable oil, boneless skinless chicken breast halves, sliced mushrooms, condensed cream of mushroom soup, water, dijon mustard, ground black pepper, fresh parsley","heat the oil in a 10-inch skillet over medium-high heat add the chicken and cook for 10 minutes until it's well browned on both sides remove the chicken and set aside , add the mushrooms to the skillet and fry for 2 minutes stir the soup , water and mustard into the skillet heat to a boil , then return the chicken to the skillet and reduce the heat to low cover and cook for 5 minutes or until the chicken is cooked through , taste and season with the black pepper add the parsley and mix into the sauce",4.5,6.0,5.0,6.5,5.0,3.5
173573,yukon gold potato gratin,"unsalted butter, yukon gold potato, sharp cheddar cheese, sour cream, olive oil, garlic cloves, fresh thyme, salt, ground black pepper, chicken broth, fresh thyme sprigs","heat oven to 400 degrees f butter a 9-inch round or oval baking dish slice potatoes 1 / 8-inch thick and combine thoroughly in a mixing bowl with 1 / 2 cup cheddar cheese , the sour cream , olive oil , garlic , thyme , salt , and pepper arrange potatoes in a neat overlapping pattern in the baking dish pour chicken broth over potatoes bake 35 minutes , until potatoes are nearly-tender and the cheese and potatoes are starting to brown sprinkle with remaining cheese and bake another 10-15 minutes garnish with thyme sprigs",7.0,6.0,8.0,8.5,7.0,5.5
138183,mediterranean salmon,"tomatoes, olive oil, red wine vinegar, nicoise olive, red onion, capers, salt, pepper, salmon fillets, fresh basil","combine tomatoes , 2 tablespoons olive oil , red wine vinegar , olives , onion , capers , 1 / 2 teaspoon salt , 1 / 2 teaspoon pepper set aside brush both sides of the salmon with the remaining olive oil sprinkle with remaining salt and pepper heat a large non-stick skillet over medium-high heat or postion broiler rack so that the top of the fish on rack will be 3 inches from heat source-preheat broiler saute or broil salmon 3-4 minutes per side or until cooked through add basil to reserved tomato mixture serve with salmon",7.0,7.0,5.0,5.5,7.0,4.5
173677,classic strawberry jam,"fresh strawberries, sugar, lemon juice, unsalted butter","in a large saucepan , bring strawberries up to a simmer over medium-low heat , mashing roughly with a potato masher or flat spoon add sugar and lemon juice , stir , and bring up to a simmer for 2 minutes add butter and bring to a vigorous boil , stirring often , and cook for 10 to 20 minutes , periodically measuring the viscosity of the jam by dabbing a spoonful onto a plate and once the jam slows its drip down the plate , remove from heat and skim off foam fill jars that have been washed , rinsed , dried and boiled in a pot of water for 3 minutes to 1 / 4 inch from the top fasten lids securely and boil jars in a vat of water for 15 minutes remove jars with tongs and let cool upright check for secure seals on jars and store in a cool place away from light for up to a year any jars that do not achieve a proper seal should be refrigerated",5.0,1.0,1.5,5.0,2.5,7.5
333618,ina garten s baked sweet potato  fries,"sweet potatoes, olive oil, light brown sugar, kosher salt, fresh ground black pepper","preheat oven to 425f cut sweet potatoes in wedges or like french fries place wedges on large baking pan or cookie sheet pour over olive oil , and toss to mix now sprinkle over brown sugar , salt , and black pepper toss to coat wedges spread out in a single layer place pan in oven and bake for 15 minutes , then take out and turn wedges over place back in oven and bake another 15-20 minutes , or until golden brown and crispy on the outside sprinke with extra kosher salt to taste the cooking time will depend on how big the wedges are enjoy ! have fun and experiment !",5.5,5.0,5.0,4.0,3.5,3.5
242506,spicy tilapia with mushrooms and zucchini,"olive oil, onion, garlic clove, green bell pepper, zucchini, fresh large mushrooms, tilapia fillets, cajun seasoning, cayenne pepper, lime, olive oil flavored cooking spray, marjoram","instructions heat oil in large skillet over medium heat stir-fry onion , garlic clove and pepper until crisp-tender , then add zucchini and continue to cook for a short time finally add mushrooms push veggies off to the side sprinkle one side of tilapia with cajun seasoning add to skillet cook about three minutes and turn cut lime in half and squeeze lime juice on tilapia from one half of the lime use the other half for serving if you like to squeeze it fresh on your fish sprinkle cayenne pepper according to taste then cover and continue to cook until fish is done , about another three minutes serve pan may dry after sauting veggies , so i spray some olive oil spray before i place tilapia in pan to keep it from sticking i also like to add a sprinkle of marjoram on fish i like to serve it with steamed jasmine rice",6.0,5.5,4.5,4.0,7.0,4.0
352121,murray s spaghetti sandwiches,"ground beef, italian seasoning, olive oil, spaghetti sauce, spaghetti, white bread, butter","to a large dutch oven over medium-high heat add ground beef and seasoning cook until meat is no longer pink drain , return meat to pot and add olive oil stir in the sauce and cook to heat add pasta and toss to combine , heating through butter the bread slices and serve them at the table with the spaghetti let everyone grab a slice of bread and place a heaping forkful or so of spaghetti into the center of the bread elongated like a hot dog fold the bread around it and enjoy ! :)",3.5,5.5,6.0,7.0,4.0,3.0
314372,nun s revenge,"half-and-half, arrowroot, sugar, bittersweet chocolate, orange zest","in a small bowl , combine 2 tablespoons of the half-and-half with the arrowroot , whisking until smooth place the remaining 1 / 2 cup of half-and-half in a small saucepan over medium heat bring to a simmer and when the half-and-half begins to bubble around the edges , whisk in the sugar whisk in the arrowroot mixture until the half-and-half thickens slightly , usually less than a minute remove from the heat and quickly whisk in the chocolate until smooth pour into cups , top each with a piece of orange zest , and serve immediately",6.0,1.5,7.0,8.0,3.5,3.0
138794,maple apple cinnamon cake,"brown sugar, ground cinnamon, egg, egg whites, unsweetened applesauce, maple syrup, low-fat yogurt, vegetable oil, vanilla, flour, baking powder, baking soda, apple, granulated sugar, icing sugar, water","preheat oven to 350f spray a 9-inch bundt pan with pam make cake: in a large bowl and using a whisk , beat together brown sugar , cinnamon , egg , egg whites , applesauce , maple syrup , yogurt , oil and vanilla in another bowl , stir together 2 cups flour , baking powder and baking soda with a wooden spoon , stir the dry ingredients into the applesauce mixture just until everything is combined in another bowl , toss together apples , sugar and 1 tbsp flour stir the mixture into the batter pour it into the prepared pan place the pan in the centre of the oven and bake for 35 to 40 minutes or until a tester comes out dry let the pan cool on a wire rack make icing: in a bowl and using an electric mixer , beat together the icing sugar , syrup and water add additional water as needed to achieve spreading consistency spread icing over cake",6.5,3.0,5.5,6.5,8.0,5.5
30519,apple onion pork chops,"pork chops, applesauce, brown sugar, dry onion soup mix, salt and pepper",salt and pepper chops and quickly brown mix the remaining ingredients place chops in baking dish and top with applesauce mixture bake 375 for 40 minutes,5.0,6.0,5.0,6.0,3.5,3.5
7009,all in one tuna casserole,"onion soup mix, milk, frozen peas and carrot, egg noodles, tuna, cheddar cheese, cream of mushroom soup","preheat oven to 350 degrees f in large bowl , blend onion soup mix with cream of mushroom soup and milk stir in peas & carrots , cooked noodles , cheese and tuna turn into greased 2-quart baking dish bake 30 minutes or until bubbling",4.0,7.0,5.0,6.5,4.5,3.5
200194,spice roasted butternut squash with smoked sweet paprika,"butternut squash, sweet paprika, garlic powder, onion salt, fresh ground black pepper, balsamic vinegar, extra virgin olive oil","preheat oven to 375 cut ends off butternut squash , peel , and slice lengthwise remove seeds and chop into 1 inch cubes in a medium bowl , combine spices , oil and vinegar into a paste add squash and toss until coated arrange the squash cubes in one layer in a roasting pan roast for 20 minutes , toss once , and cook for an additional 25 minutes or until the squash is browned and is tender throughout",5.5,5.5,4.5,3.5,4.0,4.0
121086,taco bagel bites  oamc,"miniature bagels, cooked ground beef, green pepper, red pepper, onion, cheddar cheese, taco seasoning, salsa","lay bagels on large cookie sheet combine remaining ingredients and mix well top each 1 / 2 of the bagel with about 2-3 tbsp of mixture flash freeze on cookie sheet for about 3 hours or until topping on bagels is firm transfer to large freezer bag , label and freeze to serve: bake from frozen at 350 degrees for 20-25 minutes or until heated through and cheese melts",5.0,6.5,5.5,6.0,6.0,5.0
105122,jerry s italian lettuce salad,"romaine lettuce, olive oil, red wine vinegar, parmesan cheese, dijon mustard, garlic, italian breadcrumbs, artichoke hearts, pimientos, red onion","tear romaine lettuce into bite sized pieces and put in large bowl set aside combine olive oil , vinegar , dijon mustard , and garlic drizzle over salad and toss add thin sliced onion , pimento , and quartered artichoke hearts sprinkle parmesan and bread crumbs over salad evenly and toss all ingredients until evenly mixed refrigerate up to 2 hours before using",6.0,6.0,5.5,3.5,7.0,2.5
400815,fluffy white rice,"long grain white rice, rice","you will need a small pot with a lid a capacity of 1 to 3 quarts is good bring the water to a strong boil at highest temperature add the rice to the boiling water swirl the rice once with a spoon so that it covers the bottom of the pot uniformly watch the rice boil until you see the bubbles form a pock-marked pattern with its vigorous boiling this takes 1 to 2 minutes lower the heat to simmer about 2 5 out of 10 on the dial is about right on my stove your stove may need to be set slightly higher or lower you want the heat to be high enough so that steam is always being formed in the pot , but not so hot that the rice scorches on the bottom of the pot when the boiling dies down a bit , cover the pot and set the timer to 20 minutes remove the lid of the pot , and your rice is done for your first batch , test the rice with a fork and give it a taste test it should be fluffy and tender",3.0,1.0,1.0,2.0,1.0,2.5
117157,chicken l orange,"boneless skinless chicken breasts, butter, cornstarch, crushed red pepper flakes, orange juice, heinz 57 steak sauce, orange marmalade, slivered almonds, steamed rice, orange zest",saute chicken in butter 8 to 10 minutes remove set aside mix cornstarch and juice stir in 57 sauce and marmalade pour into skillet cook on low heat until thickened put chicken in sauce heat serve on top of rice sprinkled with almonds and orange zest,5.5,6.0,5.5,5.5,6.0,4.0
106711,skippy quick cookies,"skippy creamy peanut butter, sugar, egg, vanilla extract","preheat oven to 325f in medium bowl , combine all the ingredients shape dough into 1-inch balls and place on ungreased baking sheets , arrange cookies 2- inches apart with fork , gently flatten cookie and press criss-cross pattern into top bake 8-10 minutes or until lightly browned and slightly puffed immediately top , if desired with sprinkles , chocolate chips or chocolate candies cool completely before removing from baking sheets",5.0,2.5,7.0,7.0,3.0,3.0
111535,basic ganache,"semi-sweet chocolate chips, whipping cream","put chocolate into heavy bowl heat cream in saucepan over medium heat just until bubbles form around pan slowly pour hot cream into chocolate , stirring constantly do not whip--stir until chocolate is melted and you have a creamy emulsion store in covered container in refrigerator for up to 2 weeks",4.0,1.5,8.5,9.0,2.0,2.5
367657,asparagus   black bean sauce stir fry,"white wine, cornstarch, black bean sauce, garlic cloves, fresh ginger, oil, vegetable broth, soy sauce, asparagus, green onions, cashews","in small bowl mix wine and cornstarch until smooth , set aside in another bowl mix black bean sauce , garlic and ginger heat oil in a large pan over medium heat add black bean sauce , cook stirring constantly about 1 minute add broth and soy sauce stirring about 1 minute increase heat to medium high add asparagus and green onions , cook about 4 minutes till crisp-tender if needed add additional broth to prevent sticking remove asparagus reduce heat to medium add wine , cornstarch mixture stirring until thickens , about 1 to 2 minutes pour sauce over asparagus and sprinkle with cashews",6.2,7.0,4.2,4.0,7.0,5.0
348802,olive garden style chicken and gnocchi soup,"chicken breasts, chicken stock, half-and-half, celery, garlic clove, carrot, onion, fresh spinach, olive oil, thyme, salt and pepper, potato gnocchi, cornstarch","saute the onion , celery , garlic , carrot in oil over medium heat until onion is translucent add chicken , chicken stock , half and half , salt and pepper , thyme heat to boiling , then add gnocchi gently boil for 4 minutes , then turn down to a simmer for 10 minutes add spinach and cook for another 1-2 minutes until spinach is wilted ladle into bowls and serve !",5.2,5.8,4.5,6.2,7.5,4.8
59733,pastitsio  oamc,"olive oil, onions, garlic cloves, lean ground meat, diced tomatoes with juice, kalamata olive, salt, pepper, dried oregano, bay leaf, red wine, cinnamon stick, penne, butter, whole milk, eggs, kefalotiri, flour, milk, nutmeg","for the meat sauce , put some olive oil in a large pot saute onion until lightly browned add garlic add meat and cook until brown , crumbling with a fork add remaining meat sauce ingredients to skillet mix well cover and simmer for 1 hour , stirring occasionally , until quite thick let mixture cool remove and discard cinnamon stick and bay leaf prepare pasta by boiling until al dente in plenty of boiling , salted water drain and place pasta in a large bowl add butter , milk , eggs and 1 / 2 cup cheese gently stir to coat set aside to prepare bechamel sauce , melt butter over medium heat in a saucepan stir in flour until smooth , cook , whisking for 2 minutes gradually add milk , stirring , until thickened lower heat add salt , pepper and nutmeg remove from heat in medium-sized bowl , beat 3 eggs slowly add hot cream sauce to eggs stir thoroughly so eggs don't curdle preheat oven to 350f and butter or oil a large baking pan empty 1 / 2 of the penne mixture over bottom of pan cover evenly with all of meat sauce sprinkle 1 / 3 of the cheese over meat sauce add remaining penne mixture , spreading evenly sprinkle another 1 / 3 of the cheese over top pour bechamel sauce evenly over entire casserole top with remaining cheese bake until bechamel sauce sets and has golden-brown patches across top , approximately 45 minutes to 1 hour cool at least 20 minutes before cutting into pieces for serving freezer defrost in the usual manner and reheat in microwave for a delicious , quick meal , when there's little time to cook and dinner is ready and waiting in the freezer !",6.0,6.0,7.0,8.5,10.0,8.0
105682,sugar and cinnamon spiced pecans,"pecan halves, egg white, water, sugar, cinnamon, margarine","whip egg white until frothy add water , sugar and cinnamon in a 13x9"" cake pan , melt the margarine or butter pour pecans in egg mixture , stir well , then pour into pan bake at 250 for 1 to 1 1 / 2 hours , stirring every 15 minutes",5.0,2.0,5.0,6.5,4.0,3.5
192519,jalapeno garlic tilapia by johnny carino s,"tilapia fillets, white flour, margarine, garlic, jalapeno, spinach, salt, pepper, garlic salt, heavy cream, butter, angel hair pasta, fresh parsley, roma tomato","dredge the tilapia filets in the flour , and add them with the melted margarine and garlic to a medium temperature saut pan once the tilapia has finished cooking on one side , flip them over and add the jalapenos , spinach , salt , pepper , and garlic salt prepare the angel hair in boiling water , and allow it to cook for 3 to 4 minutes depending on the temperature of the water as the filets begin to flake , add the heavy cream , and bring it to a slight boil once the cream begins to boil , remove the pan from the fire and reduce the lemon butter into the sauce place the pasta in a bowl , and pour the fish with the sauce over the pasta garnish with fresh roma tomatoes and parsley",6.0,6.0,7.0,7.8,8.0,5.5
238168,tuna and egg salad,"lettuce leaves, fresh parsley, hard-boiled eggs, red onion, tomatoes, chunk tuna, salt, cracked black pepper, pitted black olives, red capsicum, olive oil, lemon juice, lemon zest, dijon mustard, white wine vinegar","whisk the dressing ingredients together and season with the salt and pepper set aside place mixed lettuce leaves onto 4 plates add the tomato wedges , sliced onion and capsicum top with the eggs , olives and tuna sprinkle with the chopped parsley drizzle over the dressing and serve",6.5,5.5,4.8,4.5,9.0,2.5
222781,billy s red  white  and bleu pasta,"olive oil, butter, onion, black olives, garlic, capers, flour, half-and-half cream, blue cheese, tomato paste, salt and pepper, red pepper flakes, basil, parsley, fettuccine","cook pasta according to package directions melt butter and olive oil over medium heat , then add onions , garlic , and capers break up the onions with a spoon as you saute them and cook until softened and slightly browned sprinkle the flour over the top and stir constantly for 1 minute slowly add the half & half while stirring to combine let it come to a boil , stirring occasionally turn the heat to low and add the cheese , stirring until completely melted add the tomato paste and olives and stir to combine add red pepper flakes , basil , and parsley add salt and pepper to taste pour the sauce over the pasta and toss to coat serve with parmesan cheese if desired and enjoy !",5.5,7.2,7.0,8.0,9.0,5.2
160390,maple cream cheese french toast casserole,"bread cubes, cream cheese, sugar, eggs, full-fat milk, half-and-half cream, maple syrup, vanilla, powdered sugar","place the bread cubes in a buttered 13 x 9-inch baking dish in a bowl beat the softened cream cheese with sugar at medium speed with an electric mixer until smooth and well combined add in eggs one at a time mixing well after each addition add in milk , half and half cream , maple syrup and vanilla beat until well combined pour the cream cheese mixture over the bread cubes in the baking dish , using a fork or spoon gently lift the cubes so that they coat evenly with the egg mixture cover with plastic wrap and refrigerate for 8-24 hours next morning set oven to 375f remove the dish from the fridge and let sit out at room temperature for 30 minutes bake uncovered for about 45-50 minutes or until set and a golden brown colour sprinkle with powdered sugar and serve with maple more maple syrup delicious !",5.5,2.5,6.5,8.5,6.0,5.5
68553,perfectly fresh white bread  bread machines,"warm water, butter, olive oil, vanilla, nonfat dry milk powder, bread flour, salt, sugar, bread machine yeast, margarine","add ingredients in order suggested by your bread machine manufacturer recommended cycle for your machine would be the ""basic"" or ""white"" setting for large loaves remove from pan while hot and smear with margarine to keep the crust soft and fresh smear all sides and let cool for one hour on a cooling rack before cutting",4.5,4.0,4.5,4.5,6.0,2.5
11995,poseidon s scallops,"scallops, lime, garlic cloves, dark sesame oil, tamari, gingerroot","chop ginger and garlic coarsely heat a cast iron skillet add sesame oil let the oil heat and then add garlic and ginger once the garlic had caramelized , add scallops sprinkle with tamari and cook for 5 minutes squeeze a whole lime into the skillet and cook for one more minute serve immediately it's very important not to overcook the scallops !",6.2,6.8,4.5,4.5,4.5,4.0
155504,spicy thai  grilled chicken,"skinless chicken breasts, paprika, ginger, ground cumin, ground turmeric, sambal oelek, lemon zest, lemon juice, fresh coriander, salt, oil","combine all the above ingredients and marinade meat for as long as possible , turning occasionally cook under grill or barbecue for 3-4 minutes each side serve with salads hot or cold and gujarati potatoes",5.8,5.2,4.0,4.2,7.0,4.0
83417,10 minute cream of mushroom soup,"mushrooms, water, butter, onion, all-purpose flour, seasoning salt, evaporated milk","drain mushroom liquid into a measuring cup , and add water to make 2 cups melt butter in large saucepan over medium heat , add onion and cook until softened remove from heat stir in flour and seasoning salt slowly add the mushroom liquid mixture and milk , stirring to prevent lumps return to heat add mushrooms and cook until mixture comes to a boil",4.0,5.7,6.0,6.0,5.0,3.5
10852,baked trout with garlic   mushrooms,"trout, olive oil, garlic, fresh ground black pepper, salt, fresh mushrooms, butter, fine dry breadcrumbs, green onions, lemons, parsley","to cook trout , wash and dry the fish inside and out and coat sides with a little olive oil slice mushrooms and place half in the bottom of a shallow baking dish salt and pepper fish , inside and out , to taste and place in dish on top of mushrooms sprinkle bread crumbs over fish along with the minced parsley , chopped garlic and the green onion if using fresh lemons , squeeze 1 or 2 directly over the entire trout including the inside meanwhile melt butter , add to olive oil and the juice of 2 lemons pour slowly over fish saving about half of the mixture bake for 20-25 minutes at 375 degrees or until they are tender and bread crumbs are light brown fish is done when the meat flakes easily when a fork is inserted into the flesh and lifted up slightly just before the fish are done , saute 1-2 minutes , the remaining mushrooms in the sauce that is left and pour over top after placing trout on a serving plate garnish with a few lemon wedges and a few sprigs of fresh parsley serve this italian trout recipe with rice , or italian pasta , and a vegetable",6.5,5.2,6.0,5.5,7.5,5.0
27107,spaghetti with sweet red pepper sauce,"extra virgin olive oil, butter, garlic, red onion, sweet red peppers, vegetable stock, salt, fresh ground pepper, spaghetti, fresh basil, lemon, parmesan cheese","heat oil and butter in large nonstick skillet over medium high heat add garlic , onion , and red peppers and cook for 5 minutes , or until tender add stock , salt and pepper cover , reduce heat , and simmer for 10 minutes or until vegetables are very tender puree in food processor , return to pan and simmer 8 minutes until sauce thickens cook pasta in large pot of boiling salted water until al dente drain well and add to sauce in skillet sprinkle with basil toss for one minute to allow pasta to absorb flavours transfer to large serving bowl and sprinkle with lemon zest serve with cheese and pass the peppermill",5.8,5.0,5.5,5.5,7.5,5.0
495263,hidden surprise lemony prawn pizza  rsc,"all-purpose flour, fast rising yeast, sugar, salt, hidden valley original ranch dips mix, extra virgin olive oil, warm water, hidden valley original ranch dressing, lemon zest, cooked shrimp, dry parmesan cheese, colby-monterey jack cheese, fresh lemon juice, fresh chives","1 in a large mixing bowl , stir to combine: 2 cups flour , yeast , sugar , salt and dip mix add evoo and water stir with a wooden spoon until mixture comes together knead in remaining flour put dough into a clean oiled bowl and cover let rest 20 minutes in a warm spot 2 while dough is resting: in a small mixing bowl mix together ranch dressing and lemon zest set aside 3 put prawns into a large zip-lock bag add 1 teaspoons evoo and toss with prawns mix together parmesan cheese and 1 teaspoons dip mix and add to bag of prawns tossing to coat prawns well set aside 4 when dough has rested 20minutes: preheat oven to 400 punch dough down and shape into a 13 inch circle on a pizza stone cover and let rest 10 minutes 5 pre-cook pizza dough for 8-10 minutes remove from oven and spread with lemon zesty ranch dressing top with parmesan coated prawns spacing them evenly on top of pizza sprinkle with shredded cheese mix together 1 tablespoons evoo and 1 teaspoons lemon juice and drizzle over the shredded cheese 6 bake at 400 for 7-9 minutes when pizza comes out of the oven sprinkle with chives 7 mangia !",6.8,7.0,6.0,7.0,8.0,7.0
164791,herbed potato with cottage cheese,"butter, dried basil, dried thyme, black pepper, garlic cloves, paprika, potatoes, cottage cheese","place all ingredients except paprika , potato and cottage cheese into a cup and microwave 30 seconds or until butter is melted stir mixture well , cut two slices half way into potato , fill with mixture and place a little over the outside wrap with foil and bake for one hour at 180 celsius remove potatoes from foil , spoon cottage cheese over top and sprinkle with paprika",4.5,4.0,5.0,5.0,5.0,4.0
29159,vanilla poached plums,"vanilla bean, sugar, plums, lemon juice, margarine","cut vanilla bean in half lengthwise scrape seeds into a small bowl , discard bean add sugar , and stir well place plums in a 1 quart baking dish , add sugar mixture and lemon juice , tossing gently to coat dot with margarine , cover and bake at 400f degrees for 20 minutes or until plums are tender , stirring once",5.5,1.2,3.2,4.5,4.0,3.0
418880,fan potatoes,"white potatoes, flour, salt, pepper, paprika, butter, thyme","without cutting potatoes all the way through , cut 1 / 4"" thick slices in potaotes blend together flour , salt , pepper and paprika roll each potato in mixture place , uncut base down , in ovenproof dish or roasting pan drizzle with butter and sprinkle with thyme bake in 375f oven until tender , fanned out , golden and crispy , about 1 1 / 4 hours to serve , drizzle with any remaining browned butter in pan",5.2,4.5,6.5,5.8,4.5,4.5
111275,bologna sandwich spread,"bologna, cheddar cheese, sweet gherkin, miracle whip","run bologna and cheese through food processor or meat grinder stir in chopped sweet pickles and miracle whip season to taste store in covered container in refrigerator for no more than 5 days chopped boiled eggs can be added , but shelf life will be decreased",3.2,8.0,7.2,7.0,4.0,2.0
179877,mexican black beans,"olive oil, garlic cloves, jalapeno, ground cumin, black beans, chicken broth, fresh lime juice, fresh cilantro, monterey jack cheese","heat oil in heavy large saucepan over medium-high heat add garlic , chili and cumin and saut 30 seconds add beans and broth and cook 5 minutes , stirring occasionally coarsely mash beans with potato masher continue boiling until thick , stirring frequently , about 20 minutes season to taste with lime juice , salt and pepper transfer to bowl sprinkle with cilantro and serve i add the monterey jack cheese on top and microwave for 2 minutes to melt the cheese",4.5,5.5,4.5,5.0,6.0,4.0
30985,grilled veggie kabobs,"whole mushrooms, red potatoes, cherry tomatoes, bell pepper, red onion, italian salad dressing","you may also experiment with other food times such as chucks of garlic bread , brussels sprouts , etc place potatoes in a saucepan in just enough water to cover them bring to a boil , reduce heat , cover and cook 5-10 minutes or just until slightly tender drain thread veggies onto four skewers and brush with salad dressing for enhanced flavor , allow to soak in dressing for 30 minutes or so before grilling place kabobs upon heated gas grill or on charcoal grill about 5 inches from medium coals cover grill and cook 8-10 minutes or until veggies are tender and slightly browned , periodically brushing with additional salad dressing and turning occasionally",6.5,5.0,4.5,3.5,4.5,4.5
9948,lemon cream cake,"cream cheese, shortening, sugar, eggs, lemons, rind of, all-purpose flour, baking powder, salt, milk, lemon juice","preheat oven to 350 degrees in large mixing bowl , blend cream cheese and shortening until creamy beat in 1 1 / 4 cup sugar until light and fluffy add eggs , one at a time , beating well after each add lemon peel , flour , baking powder , salt and milk blend at low speed just until thoroughly blended , scraping bowl occasionally pour batter into generously greased 10-inch bundt or tube pan bake 45-50 minutes combine lemon joice and 1 / 3 cup sugar pour over hot cake , allowing it to run down edges between cake and pan cool 30 minutes , then remove cake from pan if desired , sprinkle with powdered sugar",6.0,2.5,7.0,8.0,7.0,5.0
216577,victory s simple oven baked chicken parmesan,"boneless skinless chicken breast halves, egg, italian seasoned breadcrumbs, pasta sauce, mozzarella cheese","preheat oven to 400 degrees , dip chicken in egg then bread crumbs in a 13x9"" glass baking dish , arrange chicken and bake uncovered for 30 minutes remove dish from the oven and pour pasta sauce over chicken then top with cheese return dish to the oven and bake for another 10 minutes until chicken is done and cheese is melted",5.2,6.0,5.0,6.5,4.0,4.0
99651,it s cold outside bean and sausage chowder,"bacon, onion, celery, green bell pepper, flour, kidney beans, water, carrot, beef bouillon cubes, bay leaf, pepper, polish sausage","in a large heavy skillet fry bacon until crisp , reserving 2 tablespons bacon drippings drain on paper towels and crumble and set aside transfer reserved bacon drippings to a large dutch oven over medium heat and add onion , green pepper and celery , cooking for 10 minutes or until vegetables are tender remove from heat stir in flour and next six ingredients and cook over medium-high heat until mixture comes to a boil , stirring constantly reduce heat , cover and simmer over for 25-30 minutes add sausage , cover and continue simmering another 10 minutes ladle chowder into bowls and sprinkle with reserved bacon",4.5,7.5,7.0,7.0,8.0,5.5
173414,banana bread mans banana bread,"pecans, cashews, all-purpose flour, baking soda, butter, dark brown sugar, extra-large eggs, vanilla extract, dark rum, bananas, cinnamon, ground nutmeg, ground cloves, plain yogurt, semi-sweet chocolate chips, pitted dates, dried cherries, dried papayas","preheat the oven to 350 degrees f grease and flour an 8 5 4 5 loaf pan in a medium bowl , whisk together the flour and baking soda in a large bowl beat together the butter and sugar until light and fluffy beat in the eggs one at a time add the bananas , vanilla extract , rum and spices beat until blended alternately add the dry ingredients and the yogurt to the batter , beating until fluffy fold the remaining ingredients into the batter spoon the batter into the pan bake for 10 minutes reduce the temperature to 300 degrees and bake for 70 minutes until the bread pulls away slightly from the sides of the pan and a toothpick inserted comes away clean let the bread cool in the pan on a wire rack for 10 minutes invert the loaf onto a rack , remove the pan , then turn the loaf right side up to cool completely",5.5,3.0,7.0,8.0,10.0,6.0
159911,arroz con pollo 1 dish meal,"boneless skinless chicken, cooking oil, button mushroom, onion, garlic cloves, salsa, monterey jack cheese, chicken stock, cooked rice, salt and pepper, parsley, cumin, ground cayenne pepper","in a large skillet , heat oil over medium heat then add mushrooms , onion , and garlic let cook for 2 minutes or so season chicken with salt , pepper , cumin , and cayenne- add to skillet , cook until chicken is brown on all sides add salsa and rice stir frequently while the chicken continues to cook add chicken broth a little bit at a time , like you're making risotto when chicken is cooked through and the surrounding rice is creamy , turn off heat and stir in cheese top with some chopped cilantro or parsley for a pop of color",5.3,5.5,5.0,6.0,8.0,5.0
247720,flax oatmeal,"old fashioned oats, milk, banana, vanilla, cinnamon, ground flax seeds, splenda sugar substitute","mix first 5 ingredients in a microwave safe bowl microwave on high for 2 minutes stir oatmeal , and add flaxseed top with optional splenda packets i also top mine with more sliced banana & low carb vanilla yogurt raisins or nuts would be good , too !",3.8,2.0,2.5,4.0,5.0,2.0
475906,potato strata with spinach  sausage and goat cheese,"italian sausage, baby spinach, butter, eggs, kosher salt, pepper, goat cheese, sun-dried tomato, flour, simply potatoes diced potatoes with onion","preheat an oven to 350f heat a large frying pan over medium heat remove the sausage from its casings , and cook the sausage thoroughly , crumbling it into small pieces drain the sausage on a paper towel and set aside pour off the remaining fat , then add the spinach to the pan and cook until wilted , about 2 minutes let cool , then squeeze the spinach so that excess liquid is removed place the butter in a 2-quart baking dish , and place in the oven to melt in a large bowl , mix together the eggs , 2 / 3 of the goat cheese , sundried tomatoes , flour , salt and pepper add in the diced potatoes , spinach and sausage mix to combine carefully remove the dish with the melted butter from the oven , then pour the egg mixture into the dish crumble the remaining goat cheese over the top , then carefully place back in the oven bake the strata until the eggs are set in the middle , about 50-55 minutes let cool for 5 minutes before eating",5.5,6.5,7.5,8.0,7.5,5.5
119130,tomato and sweet onion platter,"tomatoes, onion, cucumber, green pepper, salt, pepper, dried herbs, salad oil, white wine vinegar","arrange tomatoes on a rimmed platter arrange onions over tomatoes top with the cucumbers and pepper rings sprinkle seasonings evenly over all combine oil and vinegar drizzle evenly over vegetables cover and refrigerate until ready to serve if made ahead , before serving spoon some of the dressing that has collected in the platter back over the vegetables",6.5,4.0,3.5,2.5,6.0,2.0
372787,cuban bean salad,"olive oil, fresh cilantro, fresh lemon juice, white wine vinegar, ground cumin, fresh jalapeno pepper, onion, dried oregano leaves, kosher dill pickles, black beans, pinto beans, chickpeas, celery, red pepper, green onions, tomatoes","mix oil , cilantro lemon juice , vinegar , cumin , jalapeno pepper and oregano in large bowl until well blended add remaining ingredients mix lightly cover and refrigerate 2 hours or overnight stir gently just before serving cover and refrigerate until ready to serve substitute: lime juice may be substituted for lemon juice if desired",6.2,6.0,4.0,4.5,9.5,2.5
20159,weepless meringue,"cornstarch, water, boiling water, egg whites, salt, sugar","mix together cornstarch and cold water add to 1 / 2 cup boiling water cook over low heat until it thickens set aside to cool beat egg whites , dash of salt , and sugar until stiff add cooled cornstarch mixture to beaten egg white mixture put on pie , making sure it covers the edges well bake at 350 degrees for 20 minutes or until golden brown",5.5,2.0,1.5,4.0,4.0,4.0
251220,kittencal s fluffiest scrambled eggs,"butter, eggs, milk, baking powder, salt, fresh coarse ground black pepper, low-fat cheddar cheese","in a bowl whisk the eggs vigorously with milk , baking powder , salt and black pepper until very well combined let stand at room temperature for 5-7 minutes heat butter until sizzling over medium-high heat in a large skillet whisk eggs again briefly then mix in the cheese pour into the hot skillet , stirring constantly with a small heat-proof spatula until they have reached desired consistency",4.5,4.5,5.5,5.5,5.0,3.0
140057,a date with a pig,"bacon, pitted dates","take the bacon and cut it in half wrap each individual date in the 1 / 2 slice of raw bacon secure each bacon wrapped date with a toothpick place all of these dates on a cookie sheet cook at 350 for approximately 30 minutes , turning them once they are done when all sides are brown remove toothpicks before serving these are easily transported and reheated serve warm and wait for the applause !",5.2,7.5,7.5,7.0,2.0,3.5
90266,chicken bundles layered casserole,"crescent rolls, chicken, cheese, chicken broth, cream of chicken soup","preheat oven to 350 separate the crescent rolls into 8 triangles flatten and stretch each one out line an 8x8-inch pan with 4 of the triangles sprinkle the chicken and most of the shredded cheese over the crescent""rectangles"" reserve some cheese for topping off the entire dish create 2 more rectangles from the remaining 4 crescent triangles and place them on top of the chicken and cheese mix together the chicken broth and the cream of chicken soup pour over crescent rectangles sprinkle any left-over cheese on top bake at 350 for one hour , until the crescents are golden brown cut into about 6 servings , or whatever number fits your family ! enjoy !",4.5,6.5,6.5,7.2,4.0,4.5
426628,quinoa vegetarian chili,"olive oil, yellow onions, celery, carrots, red bell pepper, garlic cloves, chili powder, cumin, diced tomatoes, vegetable stock, white vinegar, sugar, sea salt, fresh ground pepper, quinoa, pinto beans, corn","in a large , deep saucepan , heat oil over medium heat add onion , celery , carrots , pepper & garlic cook , stirring until vegetables are softened , about 7 minutes add chili powder and cumin and stir for 1 minute add tomatoes with juices and stock bring to a boil and add sugar and vinegar season with salt and pepper add quinoa , beans and corn cook , stirring until mixture returns to a boil reduce heat to low cover and simmer until quinoa is tender about 25 minutes",5.2,5.0,3.5,4.5,9.5,5.0
38436,carrabba s pappardelle campagnolo,"extra virgin olive oil, italian sausage, yellow onion, garlic, red bell pepper, dry white wine, whole canned tomatoes, salt & freshly ground black pepper, crushed red pepper flakes, basil leaves, pecorino romano cheese, goat cheese, pappardelle pasta","remove sausage from the casing and break into coarse pieces pour olive oil in a large skillet over medium heat add sausage and cook until the sausage has browned slightly add onion and red bell pepper and cook until soft and onion turns a rich golden color add the wine and let evaporate for 3 minutes add garlic , and cook 1 minute more add the tomatoes and season lightly with salt and pepper and crushed red pepper flakes raise heat and bring sauce to a boil , stirring frequently reduce heat and let simmer until the sauce has thickened stir in basil and set sauce aside meanwhile bring 4 qrts water to a boil in a large pot , add 1 tbsp salt and drop in the pasta all at once , stirring well when the pasta is almost done , return the skillet with the sauce to a medium heat when the pasta is al dente , drain it and toss it with the sauce , adding the grated cheese and tossing again place the pasta in a serving platter and top with the crumbled goat cheese serve at once with sauteed spinach with lemon juice , and crusty bread",6.2,6.5,6.5,7.5,8.5,5.5
285177,almond power bar,"almonds, flax seed meal, unsweetened dried shredded coconut, almond butter, sea salt, coconut oil, stevia, agave nectar, vanilla extract, chocolate chips","place almonds , flax meal , shredded coconut , almond butter and salt in a food processor pulse briefly , about 10 seconds in a small sauce pan , melt coconut oil over very low heat , remove coconut oil from stove , stir stevia , agave and vanilla into oil add coconut oil mixture to food processor and pulse until ingredients form a coarse paste press mixture into an 8 x 8 glass baking dish chill in refrigerator for 1 hour , until mixture hardens in a small saucepan , melt chocodrops over very low heat , stirring continuously spread melted chocolate over bars return to refrigerator for 30 minutes , until chocolate hardens remove from refrigerator , cut into bars and serve",5.0,3.5,7.5,8.0,7.0,4.5
121413,malva  pudding,"sugar, egg, apricot jam, flour, bicarbonate of soda, baking powder, table salt, butter, white vinegar, milk, whipping cream, white sugar, hot water","beat the egg and sugar well in a mixer add the jam , sift flour , bicarbonate of soda , baking powder and salt melt the butter add the vinegar and milk add liquids to egg mixture alternately with the flour beat well bake in a covered dish such as corel at 350f for 45 minute to 1 hour it is important to use a covered dish otherwise the sauce won't soak into cake melt together the ingredients for the sauce and pour over the pudding as it comes out of the oven you will not beleive the taste ! i never add whipping cream or cool whip as it is quite rich the way it is enjoy !",5.2,2.5,7.5,9.0,7.5,5.0
124975,cherry jelly,"cherry juice, water, dry pectin, sugar","to make juice: select fully ripe cherries softly wash remove stems do not pit ! in large pot , crush cherries add 1 cup water to crushed cherries bring to a boil over high heat reduce heat and simmer for 10 minutes strain juice through a jelly bag or cheesecloth toss pits , pulp , and peels to make jelly: measure 3 1 / 2 cups juice into large pot add pectin and stir place on high heat and stir constantly bring to a full rolling boil add sugar , continue stirring and bring to a full rolling boil once more boil hard for 1 minute remove from heat skim off foam ladle into hot jelly jars leaving 1 / 4 inch headspace apply lids and rings process in hot water bath for 5 minutes of course , it also depends on the quality of the fruit",4.5,1.0,1.0,5.0,3.0,7.0
323527,baked italian sub sandwiches,"hoagie rolls, italian dressing, deli roast beef, deli turkey, deli ham, monterey jack pepper cheese, tomatoes, onion","preheat oven to 350 degrees brush the cut sides of the rolls with italian dressing layer the bottom halves with meats , cheeses , onion and tomato replace hoagie tops wrap each sandwich in foil , tightly bake 12-15 minutes or until cheese is melted remove foil and serve",5.0,8.0,6.0,6.5,6.0,3.0
368871,java chip frappuccino,"chocolate syrup, chocolate chips, dark roast coffee, ice, whipped cream","fill blender half full with chopped or crushed ice add all ingredients and blend until thick and still icy pour into 4 tall glasses , top with whipping cream and drizzle chocolate over the whipped cream",6.0,1.5,4.5,6.5,4.0,2.0
172770,ginger tea salabat,"fresh ginger, water, brown sugar",boil all ingredients together add more water if too strong,3.0,1.0,1.0,1.5,2.0,1.8
36511,brandy cream shrimp,"chicken broth, shallots, whipping cream, brandy, unsalted butter, lemon juice, white pepper, large shrimp, vegetable oil, fresh chives","in saucepan combine broth and shallots bring to a boil reduce heat simmer , covered for 3 minutes stir in whipping cream and brandy simmer , uncovered for 10 minutes , or until reduced to 1 cup add butter , one piece at a time , whisking well stir in lemon juice and white pepper in skillet , saute shrimp in oil for 4 minutes add sauce heat through sprinkle with chives",6.5,4.5,7.5,8.0,6.5,5.5
48638,pork tenderloin cutlets with cranberry maple sauce,"pork tenderloin, salt & freshly ground black pepper, butter, vegetable oil, onion, chicken stock, balsamic vinegar, maple syrup, dried cranberries","pound pork slices until 1 / 4 inch thick lightly sprinkle with salt and pepper in a large , heavy frying pan , heat butter and oil over medium heat add pork and saut for about 3 minutes or until cooked , turning once remove pork and set aside add onion to frying pan and saut for 2 minutes or until tender stir in stock , vinegar , syrup and cranberries bring to a boil cook for 3 to 5 minutes or until slightly thickened add salt and pepper to taste return pork to mixture and heat through",6.0,4.5,5.5,5.8,6.0,5.0
348366,knoephla soup,"water, chicken broth, onion, celery, potatoes, bay leaves, chicken bouillon cubes, salt, pepper, garlic powder, cream, flour, baking powder","in a big soup pot add water and broth , then add onion , celery , potatoes , bouillon cubes and spices boil until potatoes are done , about 12-15 minutes add cream and knoepfla simmer 30-40 minutes knoephla dough a german dumpling: mix flour , salt , and baking powder together to make a fairly stiff dough add eough water to make the dough stiff -- 3 / 4 cups or more depending on how much gluten is in your flour you can use milk in place of the water -- some here do roll into 1 / 2 inch ropes and cut with a pair of scissors into 1 / 2 inch pieces right into the simmering soup this is a very hearty soup and wonderful on a cold day ! especially here in north dakota ! brrrrr -- so come in and ""sit down and eat ! """,4.2,6.8,5.5,7.2,7.0,6.0
20910,irish carrot   parsnip mash,"carrots, sugar, parsnips, butter, salt, pepper, fresh parsley","boil the carrots in a little lightly salted water with a pinch of sugar in it , until soft and drain boil the parsnips separately in lightly salted water until soft and drain marsh or puree them together add the butter season and sprinkle with the parsley serve",3.8,4.2,4.8,4.5,4.5,3.5
88316,baked rigatoni with ham and feta,"rigatoni pasta, cooked ham, plum tomatoes, garlic, feta cheese, mozzarella cheese, dried thyme, half-and-half, parmesan cheese","spray 13x9x2 glass baking dish with nonstick cooking spray pour cooked , drained pasta into dish mix in ham , tomatoes , cheeses and thyme pour half& half over sprinkle with salt and pepper and toss to blend make sure you mix the cheeses in well cover with foil bake pasta at 375 for 30 minutes uncover , sprinkle with parmesan cheese and bake additional 10 minutes",5.2,7.0,6.5,7.5,6.5,4.0
148011,super easy turkey pastrami appetizer,"turkey pastrami, cream cheese, horseradish sauce, garlic clove, kosher salt, cracked black pepper, green leaf lettuce, toothpick","mix the cream cheese , horseradish , garlic , salt and pepper together until well blended lay the pastrami slices on a flat surface and spread a small amount of the cheese mixture on each pastrami slice cut the pastrami slices into approximately 1"" by 3"" strips or similar depending on the size you purchase from your delicatessen so that when rolled they will be bite size pieces cut a small piece of green leaf curly lettuce to fit one side of the small end of each pastrami piece place it on the cream cheese mixture so that when rolled a small portion of the curly leaf lettuce is extended over the pastrami roll up the pastrami strip from the opposite end of the lettuce and secure with a toothpick you should have a roll of pastrami with the leaf lettuce extended place on a serving plate and sprinkle with freshly cracked pepper and serve",6.2,8.0,6.5,6.0,6.0,3.5
441222,crustless quiche  2 w bacon and feta,"eggs, 1% low-fat milk, self rising flour, feta cheese, onion, potato, bacon, salt, pepper, dried basil","whip eggs and milk i use kitchenaid add flour , whip some more stir in cheese , bacon , potato and onion add salt , pepper , basil pour into a pie dish and bake at 375f for 45 minute",5.0,6.5,6.5,6.5,6.5,4.0
23798,ground beef and noodles,"ground beef, ramen mushroom-flavor noodles, frozen mixed vegetables, water",brown ground beef and drain return to skillet add water and noodles with seasoning bring to boil add veggies boil for 5-7 minutes or until veggies are tender,3.5,7.2,5.8,5.5,3.0,2.5
49220,french coconut pie,"9 inch pie shell, butter, salt, eggs, white vinegar, sugar, coconut",put all ingredients into a mixing bowl and mix well with a mixer pour ingredients into unbaked pie crust bake at 350 degrees for 45 to 60 minutes serve either warm or at room temperature,5.5,3.5,7.0,8.0,4.5,3.5
115583,cooking light garlic chicken pizza,"red wine vinegar, dijon mustard, garlic cloves, pizza crusts, cooked chicken breasts, plum tomato, mushroom, part-skim mozzarella cheese, feta cheese, fresh parmesan cheese, green onion","preheat oven to 400 combine first 3 ingredients , stirring well with a whisk place crust on a baking sheet brush vinegar mixture over crust top with chicken , tomato , and mushrooms sprinkle with cheeses and green onions bake at 400 for 15 minutes or until cheeses melt",5.8,5.8,5.0,6.0,7.0,3.5
44688,parsnip pudding,"parsnips, milk, all-purpose flour, green onions, nutmeg, butter, egg, salt and pepper, fresh parmesan cheese","preheat the oven to 350 degrees f clean the parsnips , cook , steam or microwave until they are soft mash them with the milk and butter , then add a good grating of nutmeg and the flour , then the chopped onion and the egg , and then add the salt and pepper and check the seasoning transfer this to a greased ovenproof dish and sprinkle the cheese on top bake for 30 to 40 minutes , the cheese might not brown or melt being parmesan , it will make more of a thin crust , if you like melted cheese on the top , add little flecks of butter to the parmesan , or choose a different cheese",4.2,4.8,5.5,5.5,6.0,4.5
248676,1 minute stromboli,"tortilla, mozzarella cheese, pepperoni, provolone cheese, ham","layer onto the tortilla the ingredients in the order they are listed roll up , face seam side down microwave for 35 seconds on high enjoy !",3.8,7.5,6.5,6.0,4.0,1.5
387866,crunchy fruit yoghurt,"natural yoghurt, dried apricot, roasted almonds, honey, sunflower seeds, cinnamon",place all ingredients in big bowl stir to combine spoon back into tub store in refrigerator serve over cereal or with fruit,4.5,1.5,4.0,4.5,4.5,1.5
234851,kitchen sink chipotle   smoked mozzarella pasta salad,"pasta, smoked mozzarella cheese, artichoke hearts, sun-dried tomatoes with italian herbs, grape tomatoes, fresh spinach, chipotle garnishing sauce, coarse salt, fresh ground pepper, mayonnaise","cook pasta al dente dice up mozzarella , artichoke hearts and sun dried tomatoes toss cooled pasta with all the other ingredients pour reserved sun dried tomato oil , chipotle sauce over pasta , salt and pepper and toss to coat if you can't find the chipotle garnishing sauce just use some diced up , about 2 , chipotles in adobo sauce or just the adobo sauce and add some mayo , about 1 / 4 cup to make it creamy and you should be fine i'm all about shortcuts tho so i hope i can find more ! refrigerate for a couple hours , but i like overnight add chopped up spinach before serving at room temperature oh and don't forget the salt i feel that salt really makes the flavors of the chipotles come alive !",5.8,6.5,7.0,7.0,8.0,4.0
154427,luscious almond mocha,"dark cocoa, coffee, sugar, water, milk, vanilla extract, almond extract, whipped topping","whisk together first 4 ingredients in large saucepan until smooth bring to boil over medium heat , whisking constantly boil 2 minutes , whisking constantly add milk cook to serving temperature do not boil stir in extracts serve in cups or mugs garnish with whipped cream or whipped topping sift cocoa over top if using with coffee granules add 1 / 2 cup of water more to recipe",5.5,1.5,4.0,5.0,5.5,3.0
36702,banana boats,"bananas, semi-sweet chocolate chips, miniature marshmallow","slit each banana lengthwise through the peel , making sure not to cut all the way through to the other side stuff the banana with marshmallows and chocolate chips wrap each banana in aluminum foil and cook over a fire , on the grill or in a 300 degree oven for 5 minutes , or until chocolate is melted eat with a spoon",4.8,1.5,3.5,5.5,2.5,2.5
82826,chocolate brownie pudding,"flour, sugar, cocoa powder, baking powder, salt, half-and-half cream, oil, vanilla, walnuts, brown sugar, hot water","set oven to 350f grease a 13x9-inch baking pan in a mixing bowl , combine flour , sugar , 3 tablespoons cocoa , baking powder and salt add in cream , oil , vanilla mix until smooth stir in nuts pour the mixture into prepared baking pan in a small bowl mix together brown sugar , 6 tablespoons cocoa and hot water pour over the batter in the pan bake for 45-50 minutes serve in single dessert bowls topped with ice cream",5.0,3.2,7.0,8.5,7.0,4.0
154918,el torito sweet corn cake,"cornbread mix, butter, water, cream-style corn","in bowl , combine corn cake mix with melted butter add water and can of cream style corn mix until ingredients are combined pour mixture into a 9x5 inch loaf pan bake , uncovered at 350 degrees for 40-45 minutes or until liquid has been absorbed use an ice cream scoop to serve sweet corn cake as a side dish or for dessert",4.5,4.0,6.0,6.5,3.0,3.0
103080,mushroom phyllo tartlets,"phyllo dough, butter, fresh mushrooms, flour, shallots, garlic cloves, heavy cream, parmesan cheese, fresh parsley","heat oven to 350f melt 2 tbsp butter in a large skillet over medium heat add mushrooms , shallots and garlic & flour mix well cook 5 minutes or until tender , stirring frequently add cream and cheese mix well cook 2 to 3 more minutes or until most of the liquid has evaporated , stirring frequently set aside melt remaining butter in a small dish in microwave brush one sheet of phyllo with butter , place another sheet on top , and brush with butter , repeat , do not butter top of last sheet cut phyllo into 24 equal squares , and place each square into ungreased mini muffin cups spoon one heaping teaspoon mushroom mixture into each cup bake at 350f for 8-10 minutes or until golden brown sprinkle with parsley",7.0,5.5,8.0,7.8,6.5,6.5
13863,kifles  nut rolls or horns,"flour, yeast, butter, egg yolks, sour cream, powdered sugar, granulated sugar, ground nuts, sugar, egg whites, vanilla","combine nuts , sugar and vanilla fold in egg whites set aside put flour into a large bowl add the yeast to the egg yolks in a small bowl and let soften cut butter into the flour until crumbly add egg yolks and yeast and sour cream mix well until it forms a smooth ball form into 10 balls and chill mix 1 cup granulated and 1 cup powdered sugar on counter top , sprinkle a spoonful of sugar mixture , place 1 ball on the sugar , add more sugar on top , roll out ball roll until dough is 1 / 8-inch thick , forming a circle cut the circle into 8 pie-shaped wedges fill the wide end of each wedge with 1 level teaspoon of filling roll from wide end to the point continue with all the balls place on greased cookie sheets bake at 325f for 15 minutes",6.2,3.0,8.0,8.0,8.0,8.0
115116,simple stir fried udon,"broccoli, udon noodles, egg, water, salt, oil, yellow onion, spring onion, garlic cloves, ham, hoisin sauce, oyster sauce, soy sauce, dark soy sauce, white pepper, mirin, chili pepper flakes, sesame oil, lime, juice of","partially cook broccoli and udon in salted boiling water for a few minutes drain and reserve 1 / 4 cup of the water beat the egg with 2 tb water and a pinch of salt heat 1 tb of oil in a wok when hot , pour the egg in and cook until set remove and set aside heat remaining 1 tb oil in the same wok over high heat when hot , saute the onions until soft add garlic and saute for 30 sec add ham slivers and saute for another 30 sec stir in udon noodles add hoisin , oyster , soy sauces , white pepper , wine , chilli flakes saute for 1 minute adjust heat to medium-low , add broccoli and reserved cooking water , cook for another minute taste and adjust seasonings if necessary add the cooked egg to the noodles , breaking it into pieces as you stir stir in sesame oil sprinkle with the reserved chopped spring onion and squeeze some fresh lime juice over noodles , then serve immediately",5.8,8.0,5.5,5.8,10.0,5.5
89697,nat s rice sticks,"rice noodles, leeks, carrots, broccoli, butter, oil, curry powder, garlic powder, white wine, kosher salt, salt and pepper","boil some water , turn heat off , add rice sticks let sit in water for about 3-4 minutes , or until done and strain heat wok , add oil and butter until melted add curry powder , garlic powder and kosher salt add leeks and toss for about 1 minute add carrots and toss for about 1 minute add broccoli and toss for about 1 minute add wine , and put the lid on wok or pan let everything simmer / steam on med heat for 2 minutes remove lid , add rice sticks , toss and put in serving bowl season with salt and pepper to taste , and i also usually add a little extra virgin olive oil at this point , and give it a last toss before serving enjoy !",5.5,5.0,5.0,4.5,7.0,4.5
327372,good eats chicken stock  from alton brown,"chicken carcasses, onion, carrots, celery ribs, leek, fresh thyme, fresh parsley, bay leaves, peppercorns, garlic cloves, cold water","place chicken , vegetables , and herbs and spices in 12-quart stockpot set opened steamer basket directly on ingredients in pot and pour over water cook on high heat until you begin to see bubbles break through the surface of the liquid turn heat down to medium low so that stock maintains low , gentle simmer skim the scum from the stock with a spoon or fine mesh strainer every 10 to 15 minutes for the first hour of cooking and twice each hour for the next 2 hours add hot water as needed to keep bones and vegetables submerged simmer uncovered for 6 to 8 hours strain stock through a fine mesh strainer into another large stockpot or heatproof container discarding the solids cool immediately in large cooler of ice or a sink full of ice water to below 40 degrees place in refrigerator overnight remove solidified fat from surface of liquid and store in container with lid in refrigerator for 2 to 3 days or in freezer for up to 3 months prior to use , bring to boil for 2 minutes use as a base for soups and sauces",2.5,1.5,2.0,2.5,7.0,7.0
28040,cajun style chicken fingers,"boneless skinless chicken breast, olive oil, garlic powder, onion powder, dried thyme, salt, cayenne pepper, white pepper, black pepper, breadcrumbs","cut chicken into 1 inch strips , or""fingers"" about 3 inches in length mix together remaining ingredients , , in a bowl and add chicken and mix well , insuring that chicken is coated on all sides allow chicken to marinate in this for at least 20 minutes coat chicken in breadcrumbs , shaking off excess , and place chicken fingers on plate heat margarine in skillet over medium heat add chicken fingers , and cook until browned and crispy , about 5 minutes per side add more margarine to the skillet if necessary drain fingers on paper toweling serve hot with tabasco sauce , if desired",5.2,5.8,6.5,5.8,7.0,5.0
185095,creamy peanutty dip,"cream cheese, creamy peanut butter, honey, milk",mix all ingredients in a small bowl until smooth serve !,3.8,3.0,7.5,8.0,3.0,1.0
173074,roasted  or grilled  vegetable wraps,"eggplant, zucchini, yellow squash, mushrooms, red onion, red bell pepper, garlic cloves, olive oil, salt and pepper, spinach, low-fat mayonnaise, vegetable oil, parmesan cheese, low-fat flour tortillas","preheat oven to 450f in a large roasting pan or rimmed baking sheet , combine all vegetables , salt , pepper and oil toss until well combined roast for 35-40 minutes , or until tender meanwhile , make garlicky spinach spread by placing spinach and garlic into food processor grind together add mayonnaise , oil and parmesan process until combined season with salt and pepper to taste spread tortilla with spinach spread top with vegetables roll up and enjoy !",6.2,5.0,5.0,5.0,9.0,5.0
2903,orange roughy veracruz,"olive oil, onion, garlic, yellow bell pepper, mexican-style stewed tomatoes with jalapeno peppers, orange roughy, garlic powder, ground red pepper","heat oil in a large nonstick skillet over medium heat add onion and garlic , saute 7 minutes or until tender add peppers and tomatoes cook over medium-high heat 3 minutes add fish sprinkle with garlic powder and pepper cover and reduce heat , simmer 5 minutes turn fish over cover and simmer an additional 5 minutes or until fish flakes with a fork transfer to individual serving plates , reser ving cooking sauce in skillet keep fish warm place skillet with cooking sauce over medium-high heat , and cook 3 minutes or until thickened serve sauce over fish",6.3,5.0,4.2,4.0,5.5,4.5
190403,healthy and delicious mongolian beef and vegetables,"flank steak, cornstarch, canola oil, red bell pepper, snow peas, broccolini, green onions, gingerroot, hoisin sauce, light soy sauce, brown sugar, black bean garlic sauce","wrap the flank steak in wrap and freeze for 1 hour to make slicing easier then , slice into 1 / 4 inch strips toss with cornstarch and let sit for 15 minutes meanwhile , make sauce by combining hoisin sauce , soy sauce , brown sugar and bean sauce feel free to add more soy for a saltier sauce , more brown sugar for a sweeter sauce , or more bean and garlic sauce for a more savory sauce this is your dinner ~ don't be afraid to change it a bit :-) stir fry the veggies and ginger in 1 t canola until just cooked through but still firm remove from pan and set aside then add the remaining canola oil and stir fry the beef over high heat until browned , about 4 minutes or so return veggies to pan , and add sauce and cook for about 1 minute longer serve over white rice",6.2,7.5,5.5,6.0,8.0,5.5
232907,brennan s bananas foster,"butter, brown sugar, cinnamon, banana liqueur, bananas, dark rum, vanilla ice cream","combine the butter , sugar and cinnamon in a flamb pan or skillet place the pan over low heat either on an alcohol burner or on top of the stove , and cook , stirring , until the sugar dissolves stir in the banana liqueur , then place the bananas in the pan when the banana sections soften and begin to brown , carefully add the rum continue to cook the sauce until the rum is hot , then when the flames subside , lift the bananas out of the pan and place four pieces over each portion of ice cream generously spoon warm sauce over the top of the ice cream and serve immediately",7.0,1.5,7.0,8.5,6.0,6.0
415179,crockpot cream cheese chicken   mushrooms,"boneless skinless chicken breasts, italian salad dressing mix, butter, whole mushrooms, onion, garlic cloves, healthy request cream of chicken soup, cream cheese, chicken broth","put chicken in crockpot and sprinkle with dressing mix and 2 tablespoons of melted butter cook on low 4-6 hours lightly brush off the dirt from the mushrooms with a damp paper towel , and slice off the tough ends place mushrooms in the crockpot with the chicken and cover melt 2 tbs of butter in sauce pan saute onion and garlic until onions are clear add soup , cream cheese , and broth stir until smooth add to crockpot , stir together to combine ingredients cover and cook on low for another hour",4.5,6.5,7.0,7.5,6.0,4.5
110047,potsie s creamed chicken and biscuits casserole,"onion, butter, cooked chicken breasts, cream of chicken soup, mayonnaise, milk, chopped pimiento, mild cheddar cheese, refrigerated biscuit","preheat oven to 350 grease the bottom and sides of an 11x7 inch baking dish or 10 inch quiche dish chop the onion heat butter in a small nonstick skillet and saute until tender combine cooked onion , soup , chicken , milk , pimiento , and mayo in a bowl and then turn into the prepared baking dish bake for 15 minutes and remove from oven sprinkle 1 cup of the cheese over the baked mixture arrange biscuits decoratively in a single layer and sprinkle remaining 1 / 2 cup cheese over them return casserole to oven and bake until biscuits are golden brown and sauce is bubbly , usually about 20 minutes longer the last time i made this i used a 1 / 4 cup of fat free mayo and 1 / 4 cup of sour cream i think it was delicious ! also -- i took the suggestion of adding a cup of cooked green peas what a terrific idea ! i loved it ! i think i might add two cups next time thanks to you all for making my humble recipe and leaving your suggestions you greatly improved a recipe i was already proud of thanks so much",4.8,6.5,7.0,7.5,7.0,4.5
232242,boilermaker tailgate chili,"ground chuck, bulk italian sausage, chili beans, diced tomatoes with juice, tomato paste, yellow onion, celery, green bell pepper, red bell pepper, green chili peppers, bacon bits, beef bouillon cubes, beer, chili powder, worcestershire sauce, garlic, dried oregano, ground cumin, hot pepper sauce, dried basil, salt, ground black pepper, cayenne pepper, paprika, white sugar, fritos corn chips, cheddar cheese","heat a large stock pot over medium-high heat crumble the ground chuck and sausage into the hot pan , and cook until evenly browned drain off excess grease pour in the chili beans , spicy chili beans , diced tomatoes and tomato paste add the onion , celery , green and red bell peppers , chile peppers , bacon bits , bouillon , and beer season with chili powder , worcestershire sauce , garlic , oregano , cumin , hot pepper sauce , basil , salt , pepper , cayenne , paprika , and sugar stir to blend , then cover and simmer over low heat for at least 2 hours , stirring occasionally after 2 hours , taste , and adjust salt , pepper , and chili powder if necessary the longer the chili simmers , the better it will taste remove from heat and serve , or refrigerate , and serve the next day to serve , ladle into bowls , and top with corn chips and shredded cheddar cheese",5.0,7.5,7.0,8.0,10.0,6.5
74733,pumpkin date nut bread,"butter, sugar, eggs, pumpkin, orange zest, orange juice, flour, baking powder, baking soda, salt, cinnamon, ground cloves, pumpkin pie spice, walnuts, pitted dates","preheat oven to 350 and grease a 9x5 inch loaf pan in large bowl , cream together the butter , sugar and 1 egg , then beat in second egg until batter is smooth stir in pumpkin , orange zest and orange juice in another bowl , combine flour , baking powder , salt , and spices , then add nuts and dates pour all at once into batter in mixing bowl and stir by hand only to moisten pour into prepared loaf pan bake for 60 minutes or until toothpick inserted comes out clean cool in pan for 10 minutes , them remove loaf to rack to cool completely",5.4,3.2,6.0,7.0,9.0,5.0
457958,salmon basel style,"salmon, lemon, salt & pepper, flour, onions, butter, oil, fish stock","season the fillets with salt and pepper , squeeze the lemon juice over them , and leave to marinate for a short time dredge the onion rings in the flour shake off the excess dredge the fish in the remaining flour , then brown quickly in the combined butter and oil for 5-6 minutes on each side brown the onion rings as well arrange the fish on a warm plate and cover with the onion rings deglaze the pan with the fish stock and serve as a sauce over the salmon serve with boiled potatoes",6.0,5.0,6.5,6.2,5.5,4.8
161669,bbq chicken calzones,"cooked chicken breasts, onion, barbecue sauce, bacon, fresh cilantro, mozzarella cheese, pizza dough","preheat the oven to 400 degrees f fry bacon in a large skillet over medium-high heat until crisp remove from the pan to drain on paper towels crumble add the onion and shredded chicken to the hot bacon grease in the pan fry over medium heat until onion is tender stir in 1 / 3 cup of barbeque sauce , and remove from the heat mix in the cooked bacon roll the pizza crust dough out onto a greased cookie sheet press out to an even thickness , and then cut in half divide the chicken mixture between the two pieces of dough , spreading on only half of each piece to within 1 / 2 inch of the edge drizzle the remaining sauce over the filling sprinkle the cheese and cilantro over the top fold the uncovered portion of dough over the filling , and press the edges together with a fork to seal bake for 25 minutes in the preheated oven , or until browned to your liking cool for a few minutes , then cut each calzone in half each serving is half of a calzone these can be served with additional barbeque sauce if you like",5.8,6.5,6.5,7.0,6.0,5.5
35544,mexican sweet corn cake,"butter, shortening, masa harina, cold water, frozen corn kernels, cornmeal, sugar, whipping cream, baking powder, salt","preheat oven to 350f whip butter and shortening in a mixing bowl and beat until creamy add masa harina slowly and mix thoroughly add water until cookie dough consistency and mix blend in corn kernels mix cornmeal , sugar , whipping cream , baking powder , and salt separately in a large bowl add masa harina mixture and mix until blended grease an 8x10 square pan and pour mixture into pan cover pan with foil and bake bake 40-50 minutes at 350 until it is consistency of custard allow to stand at room temperature for 15 minutes may serve with an ice cream scoop or cut into squares you may use a food processor and add ingredients as specified above",4.8,4.2,7.5,7.5,6.0,4.5
264741,pampered chef   3 cheese garden pizza,"pizza crusts, garlic cloves, olive oil, mozzarella cheese, cheddar cheese, tomatoes, italian seasoning, zucchini, onion, fresh mushrooms, parmesan cheese","preheat oven to 400 degrees f place pizza dough on flat stone of your choice roll dough to fit stone combine garlic and olive oil and brush onto crust bake 7 minutes or until lightly browned remove from oven sprinkle with mozzarella and cheddar cheeses top with tomato and italian seasoning layer zucchini , onion and mushrooms over tomato sprinkle with parmesan bake 15 - 18 minutes more",6.0,6.0,6.0,6.8,7.0,4.0
360128,healthy cocoa chocolate chip banana pancakes,"skim milk, egg whites, vanilla, banana, all-purpose flour, whole wheat flour, unsweetened cocoa powder, ground flax seeds, sugar, baking soda, salt, milk chocolate chips, strawberry jam","in a small bowl whisk milk , egg whites , vanilla , and banana in large bowl , mix flours , cocoa powder , sugar , flax seed , baking soda and salt add wet mixture to dry , and whisk just until dry ingredients are moistened , folding in chocolate chips pour pancakes onto greased griddle and let sit until lightly bubbling and edges have began to firm flip and cook until firm and browned top with jam or a sweet sauce freezing instructions: if you make these to freeze them , don't make the topping cool the pancakes on a wire rack , and then when they are completely cool , wrap them in tinfoil and freeze microwave until warm , then toast to unfreeze them",5.5,3.0,4.0,5.5,8.0,4.0
351311,spicy indian beef curry,"lean rump steak, salt & freshly ground black pepper, garam masala, natural yoghurt, light olive oil, sweet onions, garlic cloves, fresh gingerroot, tomato puree, caster sugar, chopped tomatoes, beef stock, coriander, cardamom pods, curry leaves, chilies, cumin seeds, coriander seeds, fennel seed, fenugreek seeds, mild curry powder","1 cut the beef into bite-sized cubes , put into a bowl and season with salt and pepper sprinkle with the garam masala , add the yoghurt and a good dash of olive oil , season and toss to coat cover with cling film and marinate for as long as possible while you prepare the rest of the curry 2 for the spice mix , toast the cumin , coriander , fennel and fenugreek seeds in a dry pan , tossing over high heat for a few minutes until fragrant stir in the curry powder and mix well 3 heat a thin film of olive oil in a large cast-iron casserole or a heavy-based pan add the onions , garlic , chilli , ginger and a little seasoning add the sugar to help caramelise the onions , followed by the coriander stalks cardamom pods and ground spice mix , stir , then cover and cook for 6-8 minutes until the onions are soft , lifting the lid to give the mixture a stir a few times 4 sear the beef in a hot pan and add to the onions along with the chopped tomatoes and tomato puree , stir over a medium-high heat for a few minutes and then add the beef stock and curry leaves cover the pan with a lid and simmer very gently , stirring occasionally , for approximately 30 mins or until the beef is tender 5 to serve , ladle the curry into warm bowls and scatter over the coriander leaves accompany with a steaming bowl of basmati rice",6.0,6.0,5.5,7.0,10.0,7.0
322623,moomba cocktail,"rum, grand marnier, orange juice, lemon juice, grenadine, ice",shake all ingredients in a shaker & strain into a cocktail glass,6.5,1.0,1.0,3.5,4.0,1.5
186845,seafood dinner,"scallops, shrimp, cod, salsa, dry white wine, chicken broth, lemon, butter, olive oil, kosher salt, ground black pepper","heat olive oil and butter over medium heat cut fish into large chunks and sprinkle with salt and pepper , to taste and brown lightly in oil and butter remove fish from pan and set aside add wine and deglaze pan stir in jar of salsa and chicken broth let broth simmer over medium heat until liquid begins to bubble add scallops and shrimp to broth , stir gently , cover , and let simmer for 10 minutes cut lemon in half , squeeze juice into pan add fish back to pan and gently stir replace cover and simmer another 6-7 minutes serve in large bowls with crunchy bread and enjoy !",5.8,5.2,5.2,5.0,6.5,4.5
12420,chicken avocado sandwich wrap,"balsamic vinegar, olive oil, sugar, garlic, salt, pepper, boneless skinless chicken breasts, green bell pepper, red bell pepper, purple onion, avocados, flour tortillas, mayonnaise, lemon juice, fresh basil","peel avocados , and mash in a small bowl stir in mayonnaise and remaining ingredients cover and chill whisk together first 6 ingredients place chicken breasts in a heavy-duty zip-top plastic bag pour half of vinegar mixture over chicken place bell pepper , onion , and avocado in a heavy-duty zip-top plastic bag pour remaining vinegar mixture over vegetables seal bags , and chill at least 1 hour , tossing occasionally remove chicken and vegetables from marinades , discarding marinades grill chicken and vegetables , covered with grill lid , over medium-high heat 20 minutes or until chicken is done , turning once remove vegetables from grill when done cool cut chicken and vegetables into strips spread tortillas with avocado mayonnaise place chicken and vegetables on tortillas roll up cut in half diagonally",6.3,5.2,6.0,6.0,9.0,6.0
52728,my grandma s chocolate pies,"deep dish pie shells, sugar, cornstarch, cocoa powder, salt, eggs, vanilla flavoring, evaporated milk, whole milk, butter, cream of tartar","stir together sugar , cornstarch , salt and cocoa in a heavy 3 quart boiler beat egg yolks with milk and stir into dry ingredients add butter that has been cut into small cubes and cook over medium heat , stirring constantly until mixture thickens and just begins to ""bubble"" you must stir constantly or this filling will scorch remove from heat and stir in vanilla and pour into baked pie shells and let cool some make a meringue from the 6 egg whites , cream of tarter and sugar spread on top of pies and brown in the oven at 325f remove pies from oven when meringue is nicely brown let cool at least 30 minutes before you attempt to cut these pies let the kids or dear hubby have the pot and stirring spoon to lick clean",6.2,3.0,7.0,8.5,7.0,6.5
45286,crispix sweet minglers,"semisweet chocolate morsels, peanut butter, dry roasted peanuts, crispix cereal, powdered sugar","in a large microwave-safe bowl , melt chocolate on high for 1 minute stir and heat an additional 30 seconds at high or until melted stir in peanut butter and peanuts gently stir in cereal , until well coated place powdered sugar in 2-gallon storage bag add cereal and close bag gently toss cereal mixture until well-coated store in airtight container in refrigerator use a double boiler to melt chocolate , stirring constantly remove from heat stir in peanut butter and peanuts pour mixture over cereal and proceed with recipe",4.5,3.5,7.5,8.0,4.0,2.5
356778,nif s perfect poached egg,"eggs, water, sea salt","in a frying pan , heat enough water to cover the egg to a low boil add salt crack an egg into a small bowl quickly dip bowl into the water slide the raw egg into the water immediately slide the other egg into the water in the same fashion turn off heat but leave on burner ! cover pan with lid - do not uncover and let sit for 4 to 6 minutes you can uncover to check them , starting at 4 minutes you'll know they're done if the white is not really jiggly using a slotted spoon , gently place eggs on a tea towel if you use scented detergents or fabric softeners on your towels , do not use them instead , slide egg onto good quality paper towels , so the towel doesn't fall apart let sit for a few seconds to drain the water place eggs on to toast , a slice of tomato , steamed spinach and / or a piece of low fat cheese",4.5,3.0,1.5,3.5,2.0,3.0
312321,simple slow cooker picante chicken,"boneless skinless chicken breasts, green bell pepper, picante sauce, brown sugar, prepared mustard","place chicken breasts in a slow cooker , with the bell pepper rings over top of the chichen combine picante , brown sugar , and mustard , and spoon over top of the chicken cover and cook for 4 1 / 2 hours",4.2,5.8,2.5,4.0,4.0,2.5
151541,crunchy apple rings,"granny smith apple, peanut butter, honey bunches of oats cereal","wash apple with a knife or apple corer , remove the core of the apple slice into rings about 1 / 4 inch thick so that the apple has a hole in the middle spread smooth or crunch peanut butter on one side of each apple ring place on plate and sprinkle with honey bunches of oats cereal , or any cereal of your choice enjoy !",5.2,2.5,5.0,4.5,3.0,1.5
276895,ruth s white bean and ham soup,"great northern beans, carrots, onion, butter, water, cooked ham, salt, white pepper","mash one can of beans and set aside in a large saucepan , saute the carrots and onions in butter stir in the water , ham , seasonings and whole and mashed beans and cook over medium heat until heated through",4.0,6.8,4.5,5.5,5.0,3.5
96396,two bean and corn salad,"olive oil, balsamic vinegar, ground cumin, great northern beans, black beans, celery, frozen corn kernels, red bell pepper, red onion, fresh cilantro, jalapeno chiles","whisk oil , vinegar , and cumin in large bowl to blend add remaining ingredients and toss to coat season salad with salt and pepper let stand at least 1 hour and up to 4 hours , tossing occasionally",6.0,4.5,4.0,4.0,7.5,2.0
259359,jessica seinfeld healthy brownies,"carrot, spinach, semi-sweet chocolate chips, butter, cocoa powder, brown sugar, vanilla, egg whites, wheat flour, flour, baking powder, salt",preheat oven to 350 stir 1st 8 ingredients into large bowl whisk dry ingredients together then add to wet mix wet into dry pour into baking dish sprayed with pam bake 30-40 minutes let cool and dust with powdered sugar if desired,5.0,3.0,6.5,7.5,8.0,4.0
434247,broiled basil eggplant,"olive oil, fresh basil, fresh parsley, lemon juice, salt, pepper, eggplant, mozzarella cheese, basil sprig","combine the first six ingredients in a small bowl , beating with a wire whisk until blended set aside brush both sides of eggplant slices with the 3 tbsp olive oil arrange eggplant slices in a single layer ona n ungreased baking sheet sprinkle with 1 / 4 tsp salt and 1 / 4 tsp pepper broil 5 1 / 2 inches from heat for 5 minutes on each side or until tender and lightly browned arrange eggplant slices on an ovenproof platter or casserole dish , overlapping slices slightly arange cheese slices over the eggplant slices broil for 1 minute or until cheese melts whisk the reserved olive oil mixture until blended spoon over the eggplant garnish with fresh basil sprigs if desired",6.2,5.2,6.0,5.8,6.0,4.0
109452,mocha mousse torte  flourless,"butter, semi-sweet chocolate chips, bittersweet chocolate, granulated sugar, brewed coffee, eggs, fresh fruit, powdered sugar, ganache","tools: 10"" springform pan preheat oven to 325 degrees f cook first 5 ingredients in a saucepan over low heat , whisking constantly till smooth remove from heat and let cool whisk in beaten eggs slowly until fully incorporated pour into a greased and floured 10"" springform pan and bake for 50 minutes , or until toothpick inserted comes out clean let cool completely in pan before removing sides cover and chill at least 6 hours garnish with fresh fruits , powder sugar , or chocolate ganache",7.0,2.5,8.0,9.5,6.5,6.0
100365,dot s corn muffins,"all-purpose flour, cornmeal, sugar, baking soda, salt, egg, sour cream","in a bowl , combine the flour , cornmeal , sugar , baking soda and salt in another bowl , beat egg and sour cream stir into dry ingredients just until moistened fill greased muffin cups two-thirds full bake at 400 for 15-18 minutes or until a toothpick comes out clean cool for 5 minutes before removing from pan to a wire rack",4.5,4.2,4.5,5.2,5.0,3.5
169622,white trash potato chip sandwich,"bread, potato chips, mayonnaise",spread both slices of bread heavily with mayo pile potato chips high on one slice of bread smash other slice of bread on top of potato chips to crush enjoy !,2.8,7.5,8.0,6.5,2.0,1.0
47758,praline yams,"brown sugar, heavy cream, butter, pecans, salt, cinnamon, nutmeg, yams","heat yams , in their liquid , till hot keep hot on low heat while you mix up praline sauce mix together the brown sugar , heavy cream , butter / oleo , pecans , salt , cinnamon , and nutmeg in a saucepan stir over medium heat till mixture comes to a gentle boil keep hot on low burner while you drain liquid off yams place yams in serving bowl pour hot praline sauce over yams serve and enjoy !",5.0,3.5,8.0,8.5,6.0,3.0
255142,baked garlic mushrooms,"field mushrooms, swiss brown mushrooms, unsalted butter, dry sherry, garlic cloves, thyme, sea salt, cracked black pepper",preheat oven to 200 c place all ingredients into a baking dish and bake for 15-20 mins or until mushrooms are tender & juicy,4.8,4.8,7.0,6.0,5.5,3.0
172511,egg noodles with brown butter and feta,"egg noodles, butter, feta","cook noodles according to package directions , until just tender while noodles cook , melt butter in a small sauce pan over low heat until it begins to turn golden brown , about 6 minutes remove from heat spread 1 / 3 of noodles on a large platter and sprinkle with 1 / 3 of the cheese repeat the layering 2 more times pour brown butter over noodles and toss season with salt and pepper",4.2,6.5,7.0,7.0,2.5,3.0
29757,chewy skor toffee bits cookies,"flour, baking soda, salt, butter, granulated sugar, light brown sugar, vanilla extract, eggs, skor english toffee bits","heat oven to 350 degrees f stir together flour , baking soda and salt in a large mixer bowl , beat butter , granulated sugar , brown sugar and vanilla until well blended add eggs and blend thoroughly gradually add flour mixture , beating well stir in toffee bits drop by rounded teaspoonfuls onto a lightly greased cookie sheet bake 10 minutes or until lightly browned cool slightly , remove from the cookie sheet to a wire rack cool completely",5.0,3.0,7.0,7.5,6.0,4.0
96878,spinach salad with  creamy wasabi dressing,"sour cream, mayonnaise, wasabi powder, rice wine vinegar, salt, pepper, baby spinach, carrot, radish, chow mein noodles","combine dressing ingredients in a blender or food processor toss salad ingredients , add dressing and toss again sprinkle with chow mein noodles and serve",6.2,4.8,5.8,4.8,6.2,2.5
158736,triple chocolate brownies  light,"sugar, vegetable oil, egg, vanilla, unsweetened cocoa powder, all-purpose flour, baking powder, low-fat yogurt, semi-sweet chocolate chips, light cream cheese, icing sugar, cocoa powder, water","preheat oven to 350f spray an 8-inch square metal pan with cooking spray to make brownies: in a bowl , combine sugar , oil , egg , and vanilla until well mixed add cocoa mix well add flour , baking powder , yogurt , and chocolate chips , mixing just until combined and smooth dont overmix pour batter into pan bake in centre of oven for 15 to 20 minutes just until set do not overbake cool to make icing: in a blender or food processor , blend icing ingredients until smooth spread over brownie batch cut into squares",5.5,2.2,5.2,6.8,7.0,5.2
230909,7 layer bar,"butter, graham crackers, chocolate chips, butterscotch chips, coconut, walnuts, condensed milk","heat oven at 350f melt butter and mix in graham crackers pat down evenly in a 13 x 9 pan layer chocolate chips , coconut , butterscotch chips and walnuts drizzle condensed milk over top bake 30 minutes cool completely then cut into bars",5.4,2.0,7.0,8.2,5.0,3.5
16557,italian crock pot roast,"chuck, celery, onion, carrot, garlic cloves, parsley, bay leaves, tomato paste, beef stock, red wine vinegar, worcestershire sauce, sugar","place veggies in crock pot pierce beef , from top , 2"" deep , eight times shove a garlic clove half and parsley into each slit add beef to pot mix remaining ingredients and pour over top cook on low heat for 8 hours",5.0,5.0,4.8,6.5,7.2,4.2
111127,chicken egg salad,"chicken breast halves, eggs, celery, fresh onions, green pepper, salt, black pepper, sugar, miracle whip",combine all ingredients except the dressing add dressing until you achieve the ratio of dressing to other ingredients you prefer chill,4.3,4.9,6.0,5.9,5.8,2.4
61856,hard cooked eggs in the oven  baked eggs,"eggs, ice, water","position the oven racks in the center of the oven place the eggs on the racks place a baking sheet pan in the bottom of the oven set the oven to 325f , and bake for 30 minutes when the eggs are done , fill a large bowl with ice water and move the eggs into the bowl peel the eggs as soon as they're cool enough to handle , then return them to the ice water to thoroughly chill",3.8,1.2,2.8,3.5,1.5,2.5
134924,brown rice  baked,"brown rice, canola oil, water, bay leaves, chicken bouillon cubes, poultry seasoning, black pepper, dried onion flakes, dried parsley, dried oregano, dried basil, dried thyme, red pepper flakes, fresh cilantro","preheat oven to 375f heat heavy skillet until hot add oil and then add uncooked brown rice stir rice in oil until golden brown , stirring constantly in the meantime heat water and add bay leaves , bouillon cubes , poultry seasoning , black pepper , minced onion flakes , parsley , oregano , basil and pepper flakes bring to a boil when rice is golden and ready , pour rice into a covered 2 quart casserole dish add the boiling liquid on top of the rice careful ! it will sputter cover casserole with aluminum foil and the cover for the casserole dish bake for 1 hour remove from oven and let sit covered for 15 minutes fluff with fork before serving",4.5,5.8,4.0,4.5,8.0,5.0
78305,nutella stuffed french toast,"nutella, dense bread, eggs, milk, butter",melt butter in a heavy skillet lightly whisk eggs with milk spread nutella between two slices of bread dip in egg-milk mixture briefly to coat slowly brown each side of the sandwich serve with whipped cream and strawberries or drizzle with maple syrup,6.0,2.0,6.8,8.0,4.0,4.0
453366,best ever eat em up pancakes,"flour, salt, sugar, baking powder, egg, milk, sour cream, butter",sift flour with dry ingredients into mixing bowl beat egg together with milk and sour cream stir into flour mixture add melted butter and whisk until smooth cook on hot griddle as usual,5.0,3.5,5.0,5.6,5.0,4.0
67588,avga gemista or greek stuffed eggs,"hard-boiled eggs, beet, capers, fresh parsley, vinegar, mayonnaise, salt and pepper","cut the eggs into halves crosswise remove the yolks cut a thin slice from the bottom of each egg-white so it can stand upright add next 7 ingredients to the yolks beat smooth spoon into the egg-white shells , forming a small mound on each decorate each with a caper enjoy ! makes 12 servings",6.4,5.3,5.4,5.3,5.5,4.0
94825,delicious baked spinach cheese casserole,"butter, onion, fresh mushrooms, garlic cloves, light cream, frozen spinach, parmesan cheese, all-purpose flour, salt, nutmeg, fresh ground black pepper, gruyere cheese","set oven to 325 degrees f grease a 9-inch square baking dish heat butter in a skillet over medium-high heat add in onions , mushrooms and the garlic stir until softened whisk in the flour , salt , pepper and nutmeg , whisk for 2 minutes gradually add in the cream , continue whisking until thick and until the mixture reaches a light boil , remove from heat then mix in 1 / 4 cup grated gruyere or swiss cheese , stir until cheese melts , in the prepared casserole or baking dish spread half of the spinach , then top the spinach with 2 tbsp grated parmesan cheese then cover with half of the mushroom / cream sauce , then repeat sprinkle with 1 / 2 cup grated gruyere or swiss cheese bake for 25-35 minutes , or until hot and bubbly delicious !",5.2,5.2,7.0,7.8,7.2,5.8
245592,tempeh cashew noodles,"cashews, tempeh, onion, olive oil, garlic cloves, soy sauce, rice wine vinegar, sugar, toasted sesame oil, chili paste, zucchini, udon noodles, frozen peas","fry tempeh , zucchini , and onion in olive oil until the onion is soft and slightly brown boil water for noodles cook noodles according to package directions 4 minutes before noodles are done , add frozen peas rinse pasta and peas when done in a blender , combine 3 / 4 cup cashews , garlic , soy sauce / braggs amino , vinegar , sugar , sesame oil , chili blend until smooth , and add to tempeh , zucchini-onion mixture pour cashew mixture over noodles , stir to combine , garnish with remaining cashews , and serve",5.7,6.8,6.2,6.8,7.8,5.8
306808,grecian salad dressing,"olive oil, garlic powder, dried oregano, dried basil, pepper, salt, onion powder, dijon-style mustard, red wine vinegar","in a very large container , mix together the olive oil , garlic powder , oregano , basil , pepper , salt , onion powder , and dijon-style mustard pour in the vinegar , and mix vigorously until well blended store tightly covered at room temperature",3.0,5.2,7.5,4.0,5.8,1.5
13123,del rancho garlic dressing,"mayonnaise, fresh lemon juice, garlic powder","mix all ingredients until smooth thin mixture with a little milk to desired consistency remember , if you don't use all within a day or two , the longer the dressing sets , the stronger the garlic tastes",2.5,4.0,7.5,6.5,1.8,1.2
98774,low carb breakfast balls,"bulk pork sausage, ground beef, eggs, dried onion flakes, black pepper, sharp cheddar cheese","mix all the ingredients together until thoroughly blended form into about 4 dozen 1 to 1 1 / 2 inch balls and place on a cookie sheet or broiler pan bake at 375f for about 25 minutes once they are cool , they can be sorted into individual zip bags and frozen for a grab-and-go breakfast",4.2,6.8,7.8,8.0,4.5,3.8
406321,fast  thin  and crispy crust pizza,"quick-rising yeast, granulated sugar, water, all-purpose flour, salt, olive oil, pizza sauce","in a small bowl or glass measuring cup dissolve the yeast and sugar in warm water , stir and set aside for 10 minutes mixture should begin to bubble and foam at the end of the time in a medium bowl , combine flour and salt , set aside add the liquid yeast mixture to the dry ingredients and stir until well combined flour a work surface and knead dough for a couple of minutes until smooth and elastic shape the dough into 1 large , 2 medium , or 4 small pizzas using whatever method you prefer rolling pin , stretching or off the board between your two hands , in the air if you have a pizza peel , sprinkle lightly with corn meal and build your pizza if not , lightly grease a flat cookie sheet and build your pizza i brush the formed dough very lightly with olive oil , then pizza sauce , cheese then any other other ingredients keep toppings rather sparse if you want a really crispy crust bake in hot oven until as crispy as desired usually 8 to 12 minutes , but this will vary depending upon pizza stone vs pan and the toppings you have chosen you can also make this in a food processor ~ mix the water , sugar and yeast as directed in a small container place flour and salt in bowl of processor and pulse a few times to mix add the liquid yeast mixture and pulse until blended adding more flour until mixture just forms a ball and the dough follows the blade around the bowl to remove from food processor bowl , flour your hands well , form dough into a ball and shape as directed",5.5,4.2,4.0,4.5,4.8,6.2
100055,mc donald s special burger sauce   big mac sauce   copycat,"hellmann's mayonnaise, french dressing, sweet pickle relish, white onion, white vinegar, sugar, salt","in a small bowl , combine all ingredients and mix thoroughly transfer sauce to a covered container and chill for several hours to allow flavors to blend stir sauce occasionally and again before serving watch carefully so they do not burn",2.8,5.8,7.8,6.2,5.0,1.8
491929,light  crisp waffles,"all-purpose flour, cornstarch, salt, baking powder, baking soda, buttermilk, milk, vegetable oil, egg, sugar, vanilla extract","heat the oven to 200f and heat the waffle iron mix the flour , cornstarch , salt , baking powder , and baking soda in a medium bowl measure the buttermilk , milk , and vegetable oil in a pyrex measuring cup mix in the egg yolk and set aside in another bowl , beat the egg white almost to soft peaks sprinkle in the sugar and continue to beat until the peaks are firm and glossy beat in the vanilla pour the buttermilk mixture into the dry ingredients and whisk until just mixed drop the whipped egg white onto the batter in dollops and fold in with a spatula until just incorporated pour the batter onto the hot waffle iron and cook until the waffle is crisp and nutty brown set the waffle directly on the oven rack to keep it warm and crisp repeat with the remaining batter , holding the waffles in the oven",5.7,3.4,5.5,5.5,6.5,5.8
77102,mandarin beef stir fry,"orange juice, soy sauce, worcestershire sauce, garlic powder, ginger powder, beef, snow peas, onion, green pepper, fresh mushrooms, oil, cornstarch","in a large bowl , combine , the first five ingredients remove half , set aside add sliced beef to remaining marinade cover and refrigerate for 15 minutes in a large skillet or wok , stir-fry veggies in oil for 2 mins remove , keep warm drain , and discard the marinade in the same skillet , stir-fry the beef , until no longer pink add the reserved veggies combine the cornstarch and reserved marinade until smooth add to skillet bring to boil cook and stir for 2 mins , or until thickened serve over rice",6.2,6.8,4.8,5.8,7.0,5.5
224903,cherry angel food  low fat,"angel food cake mix, cherry pie filling",mix the dry cake mix and undrained can of pie filling by hand pour into ungreased pan or cupcake tins follow baking directions on the box,5.2,1.5,2.0,5.0,1.5,2.5
25693,passionate white sangria,"pineapple juice, white grape juice, passion fruit juice, fresh lime juice, riesling wine, ginger ale","combine first 5 ingredients in a large pitcher chill add ginger ale , stirring gently",6.4,1.0,1.0,2.0,4.2,1.5
44987,macaroni and cheddar,"elbow macaroni, cheddar cheese, eggs, milk, salt, paprika, mustard powder, cayenne pepper","preheat oven to 325 degrees butter a 7-inch x 11=inch baking dish layer one-third of the macaroni in the bottom of the dish sprinkle one-third of cheese over the macaroni make two more macaroni / cheese layers beat eggs well add milk , salt , and spices and mix thoroughly pour egg mixture evenly over layered macaroni and cheese bake 40 minutes or until cheese is melted and slightly crisp",4.8,5.4,6.2,7.2,5.5,4.5
353672,instant oatmeal packet muffins,"all-purpose flour, whole wheat flour, baking powder, baking soda, salt, reduced sugar instant apple and cinnamon oatmeal, sugar, vanilla extract, egg white, natural applesauce, skim milk","preheat oven to bake at 350 lightly grease muffin cups in a medium bowl , combine all dry ingredients blend well , then add sugar in a small bowl , combine all wet ingredients add bowl of wet ingredients to flour mixture in medium bowl mix with electric mixer , just until everything is blended do not over-mix fill muffin cups about 3 / 4 full do not over-fill bake for about 15-18 minutes , but check for doneness tops should be golden brown allow muffins to cool in tin for about 10-15 minutes",5.0,2.8,2.5,4.2,6.8,4.5
212739,kittencal s best and easiest baby back ribs,"racks of baby-back pork ribs, barbecue sauce, liquid honey, aluminum foil","spray the inside of each piece of foil liberally with non-stick cooking spray in a bowl mix the barbecue sauce with honey until well combined brush both sides of the ribs liberally with the bbq sauce reserving some to brush on towards the end of cooking place each rack onto top of the greased side of foil , then wrap tightly refrigerate 8-24 hours set oven to 300 degrees f bake the ribs wrapped tightly in foil for 2-1 / 2 hours , opening up the foil the last 20-30 minutes and basting with more sauce if desired you may place the ribs under the broiler heat for about 7 minutes per side",5.8,6.2,7.2,8.0,3.2,5.5
227665,hearty vegetarian lentil soup,"olive oil, onions, garlic cloves, salt, pepper, tomato paste, celery, carrot, bay leaves, parsley, green lentils, dijon mustard, red wine","in soup pot , saut onion in oil until soft work minced garlic into 1 teaspoon of salt to form a paste and add to onions mix in tomato paste add celery , carrot bay leaves and parley cook 3 minutes add lentils , 2 quarts of water and 1 / 2 tsp of salt and bring to a boil lower heat and simmer 25-30 minutes till everything is tender stir in mustard and vinegar garnish with celery leaves and parsley if desired",4.6,4.8,3.5,4.5,7.2,4.8
449638,chicken in yogurt and almond curry,"boneless chicken, ginger, oil, garlic cloves, red chili powder, coriander powder, garam masala, plain yogurt, green cardamoms, cloves, salt, almonds","place chicken in a bowl and coat well with ginger and garlic heat the oil in a pot and roast at medium heat the chicken for about 5-10 minutes add chili , garam masala and coriander cook for 2 more minutes turning once add yogurt , cardamom , cloves and salt cook 5 minutes turn once the chicken and cook covered 20 more minutes add almond ground and cook additional 5 minutes or until through if the sauce is not thick enough you can add more almonds ground or some roasted flour if you have place chicken with sauce on serving dishes and top with garam masala and almonds serve with rice or naans and vegetables of course !",5.8,5.2,5.8,7.0,7.0,5.2
347568,broiled grapefruit with honey  vanilla   cardamom,"grapefruits, honey, pure vanilla extract, ground cardamom","position an oven rack about 4 inches below the broiler and heat the broiler on high with a serrated knife , cut the grapefruit in even halves using a small paring knife or a grapefruit knife , cut each section away from the surrounding membrane set the grapefruit halves in a shallow broiler-safe pan if necessary , trim a thin slice off their bottoms so they sit level in small bowl , stir together the honey and the vanilla extract drizzle the honey mixture over the grapefruit halves dust each with a bit of cardamom broil until bubbling and lightly browned in spots , 4-6 minutes remove from the oven and let cool slightly serve warm or at room temperature",6.0,1.0,1.0,2.2,3.0,3.2
50613,heavenly pie   lemon meringue reversed,"sugar, cream of tartar, egg whites, egg yolks, lemon juice, lemon zest, heavy cream","sift together 1 cup sugar and 1 / 4 teaspoon cream of tartar in a large grease-free mixing bowl beat the egg whites at a slow steady speed when they are foamy gradually add the cream of tartar and sugar mixture when the meringue begins to form soft peaks , increase to a moderate beating speed beat another 5 minutes , until the meringue is thick , but still glossy , and forms peaks when the beaters are lifted line a well greased 9 or 10 inch pie pan with meringue mixture to form a pie crust bake for 1 hour at 225 degrees stir in 1 / 2 cup sugar to egg yolks with lemon juice and zest , cook in double boiler until very thick about 8-10 minutes cool combine 1 / 2 whipped cream with lemon egg mixture and fill meringue shell , chill 24 hours cover with remaining whipped cream serve away !",7.2,1.4,6.5,8.0,5.0,7.5
21760,homemade cheese whiz clone,"evaporated milk, vinegar, salt, velveeta cheese, dry mustard",melt the milk and cheese in a double boiler when creamy and smooth add remaining ingredients and mix well cook for 5 minutes fill pint jars to 3 / 4 full seal and process in a boiling water bath 10 minutes,3.0,6.5,6.5,7.0,3.8,4.8
301028,weight watchers apple cole slaw  1 point,"green cabbage, carrot, apple, celery seed, black pepper, sugar, salt, cider vinegar, vegetable oil",in a medium bowl combine all slaw ingredients in a small bowl whisk together all dressing ingredients until well blended pour over the cabbage mixture toss well to combine refrigerate for 2 hours or more before serving,5.4,3.8,3.0,2.8,5.8,2.2
331376,extra crispy garlic baked chicken,"chicken, corn flake crumbs, flour, seasoning salt, paprika, cayenne pepper, garlic powder, onion powder, white sugar","set oven to 425 degrees f grease a 15 x 10-inch baking sheet in a large heavy resealable plastic bag combine the cornflake crumbs with the next 7 dry ingredients moisten each piece of chicken under cold water then shake off excess water place 1 or 2 pieces of chicken into the bag and shake to coat with the crumb mixture , then place skin-side facing up onto the baking sheet continue with remaining chicken pieces bake for 40 minutes",5.3,6.0,5.2,6.0,5.8,4.0
70117,blue cheese vinaigrette,"olive oil, garlic, blue cheese, white wine vinegar, water, sugar, hot pepper sauce, salt, pepper, fresh basil","heat 1 t oil in a small , heavy skillet over medium heat add garlic and saute until golden , about 1 minute transfer garlic mixture to a blender or food processor add blue cheese , white wine vinegar , water , sugar , hot pepper sauce , salt , pepper and remaining 6 t of olive oil blend well transfer vinaigrette to a bowl mix in chopped basil can be prepared 2 days ahead , cover and refrigerate",3.2,6.0,7.8,5.8,6.2,3.0
416306,bake fried potatoes,"baking potatoes, extra virgin olive oil, garlic clove, salt, ground black pepper, paprika, ground cumin","preheat oven to 450 cut potatoes into fries place the potatoes in a medium bowl and cover with cold water let soak for 10 minutes drain well and blot dry with paper towels in a nonstick roasting pan , toss together the potatoes , oil , garlic , salt , pepper , paprika and cumin bake for 25 minutes , tossing every 10 minutes , or until golden brown",5.4,5.0,4.8,4.8,4.5,4.0
188188,raspberry amaretto latte,"raspberry flavored syrup, amaretto syrup, espresso, milk",combine ingredients in a 12 oz cup mix well,4.8,1.0,3.0,3.5,3.0,1.5
83697,spanish chicken with peppers,"skinless chicken pieces, all-purpose flour, extra virgin olive oil, roasted sweet red peppers, prosciutto, onion, garlic, fresh thyme, paprika, salt, cayenne pepper, dry white wine, diced tomato, fresh parsley","in plastic bag , toss chicken with flour to coat in large nonstick skillet , heat the oil over medium high heat brown chicken on both sides , for about 5 minutes per side transfer chicken to a plate reduce heat to medium add red peppers , prosciutto , onion , garlic , thyme , paprika , cayenne , and salt cook , stirring occasionally , until onion is softened , about 5 minutes stir in wine and tomatoes nestle chicken in sauce and bring to a boil reduce heat , cover and simmer , occasionally spooning sauce over chicken , until juices run clear when chicken is pierced , about 20- 25 minutes sprinkle with parsley right before serving",6.3,6.0,5.2,6.5,8.2,5.8
64224,yellow split pea dal,"yellow split peas, water, butter, garlic cloves, cumin seed, mustard seeds, turmeric, cinnamon, salt, black pepper, crushed red pepper flakes","place split peas in a saucepan with 5 cups of water cover and bring to boil lower heat and simmer very slowly , partially covered until soft melt butter in large skillet add crushed garlic , cumin , mustard seeds , turmeric , and cinnamon cook , stirring , over medium heat for 3 minutes add cooked peas and stir until everything is well mixed keep stirring and cooking as you gradually add an additional 1 / 2 cup water you want a creamy consistency but not soup add salt , black and red peppers cook and stir another 5 minutes over low heat serve hot",4.5,4.8,4.5,5.0,6.8,4.8
140762,st  louis  amighetti sandwich  copycat,"mayonnaise, sour cream, dijon mustard, green onions, horseradish, fresh dill, french bread, cooked ham, roast beef, genoa salami, dill pickle slices, tomatoes, swiss cheese, pickled peppers","combine mayonnaise , sour cream , mustard , green onion , horseradish and dill slice baquette in half horizontally spread the cut surfaces with mixture on bottom half of baguette , arrange in order: ham , roast beef , salami , dill pickle slices , tomato slices , swiss cheese and pepperoncini place top half of baguette on filling cut sandwiches into pieces",6.5,7.5,6.5,7.0,8.0,3.2
52522,southwest chicken burgers with sweet corn salsa,"tomatoes, frozen sweet corn, pine nuts, red bell pepper, cilantro, fresh lime juice, salt, cayenne pepper, chicken meat, green chilies, ground cumin, mild chili powder, garlic, pepper, black beans, lettuce, kaiser rolls, monterey jack cheese","cook sweet corn until just crisp and place in a bowl with the remaining salsa ingredients stir to mix well chill before serving combine ingredients for burgers and form into 4 patties cook about 4-5 minutes per side over med-high heat or until cooked through serve on toasted kaiser rolls with lettuce , cheese and salsa additional salsa may be served along side",7.0,5.8,5.5,6.5,9.2,6.2
429952,roasted potatoes  parsnips and carrots,"potatoes, parsnips, carrots, bulb of garlic, fresh rosemary, salt & freshly ground black pepper, olive oil","preheat oven to 400 degrees f peel the veggies and halve any larger ones lengthways i like to quarter my potatoes break the garlic bulb into cloves , smash them slightly and take peels off pick the rosemary leaves off the stalks put the potatoes and carrots into a large pan of salted boiling water on high heat and bring back to a boil boil for about 5 minutes , then add the parsnips and cook for another 4 minutes drain the veggies in a colander and allow to steam dry take the carrots and parsnips out and set aside ""fluff"" the potatoes in the colander by shaking it around a little it's important to do this if you want the yummy crispy bits and edges put a large roasting pan over medium heat and add the olive oil add the garlic and rosemary leaves then put all the veggies into the pan with a good pinch of salt and pepper stir them around to get them well coated spread the veggies evenly out into one layer this is important , so they will roast , not steam put them into the preheated oven and cook for about 45 minutes to an hour this will depend on your oven i like to stir them up at least once while cooking watch so they don't burn",6.0,4.7,4.8,4.5,4.8,5.2
346249,cranberry orange chicken   crock pot,"chicken breasts, salt, onion, celery rib, whole berry cranberry sauce, orange juice, dry mustard, cinnamon, lemon juice, honey, brown sugar, chili sauce, orange, cornstarch, cold water","rub salt onto chicken breasts and place in bottom of crock pot in a medium bowl place onion , celery , cranberry sauce , orange juice , dry mustard , cinnamon , lemon juice , honey , brown sugar and chili sauce stir and pour over chicken breasts place lid on crock pot and top with kitchen towel using instructions in description above turn crock pot on high and allow to cook 1 hour turn on low for 3 or 4 hours lift lid and quickly place orange slices over chicken without stirring cook an additional hour combine cornstarch and cold water add last 10 minutes of cooking time for thickening purposes serve over cooked rice and enjoy !",5.8,4.8,3.2,5.5,8.0,5.0
432054,savory grilled corn,"mayonnaise, garlic cloves, dried onion flakes, dried parsley flakes, paprika, salt, pepper, ears of corn, parmesan cheese","in a small bowl , combine the first seven ingredients spread over corn sprinkle with parmesan cheese wrap each ear of corn in a double thickness of heavy-duty foil grill , covered , over medium heat for 30-35 minutes or until corn is tender , turning occasionally",5.8,5.8,6.8,5.8,5.5,3.8
118404,rustic country loaf,"bread flour, whole wheat flour, active dry yeast, sea salt, sugar, water","line one heavy sheet pan with parchment and dust with cornmeal dissolve the yeast in 1 / 3 cup of warm water and sugar allow to rise for 10 minutes combine all the dry ingredients in a large mixing bowl and stir with wooden spoon to combine make a well in the center and slowly add warm water , and yeast mixture with a heavy wooden spoon , stir mixture until it forms a sticky dough that clings to spoon using clean , floured hands remove dough from spoon and bowl and place on lightly floured work surface with both hands knead dough until it is slightly smooth if dough still remains sticky add a little flour and mix inches form the dough into a ball and put it back in mixing bowl cover with a kitchen towel , let rise in warm place for about one hour or until dough doubles in size when dough has doubled in size , punch it down and return dough to bowl for an additional half hour to rise after the half hour remove the dough and punch it down again knead slightly and form back into a ball tucking ends underneath place dough on parchment lined sheet pan , cover with kitchen towel , let rise again for 30 to 40 minutes until almost doubled in size while dough is rising , preheat over to 425 degrees when dough has risen , lightly dust with flour and place dough on middle rack in hot oven bake for 25 to 30 minutes or until bread is a deep golden brown remove loaf and place on rack to cool",5.2,3.8,1.2,3.5,3.8,6.5
156780,sicilian red devil chicken,"boneless skinless chicken breast, salt, ground black pepper, olive oil, onion, garlic cloves, diced tomatoes, red wine, tomato paste, fresh italian parsley, bay leaves, dried thyme, crushed red pepper flakes","cut each chicken breast into 3 equal pieces and season with salt and pepper heat a large , heavy-bottomed saucepan over medium-high heat add oil and when hot , but not smoking , add chicken pieces saut until golden brown on all sides , about 5 minutes remove from pan and set aside to the same pan , add onion and garlic cook , stirring , until onion is translucent , about 3 minutes add tomatoes , red wine , tomato paste , parsley , bay leaves , thyme and red pepper flakes , mix well return chicken to pan , cover , reduce heat to low and simmer for about 12 to 15 minutes for flavors to blend remove bay leaves and serve over pasta if desired",5.8,5.0,4.8,5.8,7.5,5.0
231672,macaroni salad  dinosaur bbq,"small shell pasta, tomatoes, celery, green pepper, mayonnaise, spicy brown mustard, garlic cloves, brown sugar, kosher salt, black pepper","cook the pasta in rapidly boiled salted water until al dente drain pasta , then cool it under cold running water drain well place pasta in a large bowl and add tomatoes , celery and peppers in a separate bowl , mix mayonnaise , mustard , garlic , sugar , salt and pepper stir dressing into pasta and mix until coated",4.6,5.8,6.2,5.8,6.5,3.5
282884,quick pizza triangles,"refrigerated pie crusts, mozzarella cheese, pepperoni, pizza sauce, dried italian seasoning","heat oven to 450f place pie crusts on cutting board cut each crust into quarters , making 8 wedges in a medium bowl , combine the cheese , pepperoni , pizza sauce and seasoning and mix well place 1 heaping tablespoon filling on half of each crust wedge fold unfilled sides of wedges over filling and press edges with a fork to seal place on ungreased baking sheet and bake for 12-14 minutes or until crusts are golden brown",5.2,6.5,6.5,6.8,3.8,3.8
41303,hard rock candy  alcoholic beverage,"spiced rum, cream soda, ice","take a 16 oz glass and fill it up approx 2 / 3 full with the crushed ice pour in the rum slowly pour in the cream soda it may fizz up a bit drink with straw , enjoy ""pleasedon't drink and drive""",4.2,1.0,1.0,2.5,2.0,1.2
457973,tahitian treat cocktail,"bacardi limon, amaretto liqueur, cranberry juice, carbonated lemon-lime beverage, ice cube, maraschino cherries","fill 2 tall highball glasses with ice add liquors , juice , and top off with soda garnish with cherries",5.8,1.0,1.0,2.5,4.0,1.5
323087,incredible chicken lasagna,"margarine, onion, fresh mushrooms, cream of chicken soup, alfredo sauce, diced pimentos, dry white wine, dried tarragon, dried basil, frozen chopped spinach, ricotta cheese, parmesan cheese, egg, lasagna noodles, cooked chicken, cheddar cheese, parsley","in a large skillet , melt margarine and saute onion , and mushrooms stir in soup , alfredo sauce , pimentos , wine , tarragon , and basil reserve 1 / 3 of the sauce for top of lasagna drain spinach well between several layers of paper towels the spinach needs to be completely drained in another large bowl , combine spinach , ricotta , parmesan and egg and mix well spray a 10x15 inch baking dish with non-stick cooking spray and place 3 noodles in dish make sure 10x15 dish is full size with a depth of 2 1 / 2 inches layer with half of remaining sauce , spinach-ricotta mixture , and chicken the spinach ricotta mixture may be dry , that is ok , and you might have to spoon it over the sauce and spread it out sprinkle with 1 1 / 2 cups cheddar cheese repeat the layer , starting with the sauce , but save some sauce for the topping top with the last 3 noodles and reserved sauce cover and bake at 350f for 45 minutes remove from oven , and sprinkle remaining cheese on top return to oven uncovered and bake for 5 minutes or just until cheese melts let stand for 10 minutes before serving",5.5,6.5,7.8,8.8,9.2,7.2
216277,butterscotch  ride,"baileys irish cream, coffee liqueur, butterscotch schnapps, half-and-half, caramel topping",blend ingredients in a blender with 4-5 ice cubes until ice is well crushed drizzle caramel inside a chilled tall glass add ingredients and serve with a straw,5.8,1.4,6.5,7.5,3.8,2.0
429119,richmond potato salad,"egg yolks, mayonnaise, yellow mustard, sweet pickle juice, salt, pepper, ground celery seed, sugar, onion, celery ribs, red potatoes","in large bowl , mash egg yolks , incorporate into the mayonnaise add mustard , sweet pickle juice , salt , pepper , ground celery seeds and sugar add onions , celery and potatoes mix to desired consistency",4.5,5.5,6.5,6.2,7.0,3.2
34813,sunny side up casserole,"sharp cheddar cheese, dry mustard, paprika, cayenne, salt, sour cream, sausage, eggs","spray bottom of 11x7-inch pan with cooking spray slice half of cheese to cover bottom grate other half and set aside mix seasonings with sour cream pour half of mixture over cheese layer cooked , crumbled , sausage over sour cream break whole eggs on top of sausage spread on remaining sour cream top with remaining grated cheese bake at 325f for 25-30 minutes , or until set",4.8,6.8,7.8,8.2,5.5,4.2
212492,wegman s pork butt steaks,"pork butt steaks, garlic, mccormick's montreal brand steak seasoning",heat oven to 350 place pork butt steaks onto a cookie sheet or into large cake pan spread 1 tablespoon garlic and 1 tablespoon montreal steak seasoning onto each pork butt steak making sure to press into pork butt steaks flip each pork butt steak over and repeat with remaining ingredients bake for 25 minutes then flip each pork butt steak over and bake another 20 minutes,4.7,7.2,7.5,7.8,2.5,3.0
68299,low carb shrimp salad with aioli mayonnaise,"medium shrimp, sour cream, mayonnaise, garlic, parsley, lemon juice, red pepper, cucumber, onion, chopped tomato, old bay seasoning, seasoning salt","steam or boil shrimp until pink and then plunge into ice water to stop additional cooking for aioli mayo , mix together: sourcream , mayonnaise , garlic , parsley and lemon juice in a medium bowl , toss shrimp and veggies together add enough of the aioli to hold the shrimp salad together add seasoned salt to taste chill and serve",5.6,6.0,6.5,6.2,7.0,4.0
77557,amazing apricot balls,"dried apricots, sweetened flaked coconut, sweetened condensed milk, coconut",in a food processor chop apricots and coconut until thoroughly combined add the 1 / 4 cup sweetened condensed milk process until combined pour the mixture into a dish refrigerate until firm place wax paper on a baking sheet set aside place additional coconut or finely chopped pecans in a shallow bowl shape apricot mixture into balls roll in coconut place on wax paper refrigerate until firm store in an airtight container in the refrigerator,5.0,1.5,4.5,6.5,2.5,3.2
70163,oven fried chicken monterey,"flour, taco seasoning mix, chicken thighs, butter, tortilla chips, onions, oil, evaporated milk, tabasco sauce, monterey jack cheese, pitted ripe olives, lemon juice, lettuce","preheat oven to 375f combine 1 / 4 cup flour and taco mix shake the chicken pieces in this melt butter in a 15 x 10 x 2 inch pan place chicken pieces in pan , turning to coat in butter remove pieces from pan and then coat in the tortilla chip crumbs return to pan bake at 375f for 50 minutes make a cheese sauce by sauteeing onion in the oil stir in the flour , 1 / 4 tsp salt add milk and pepper sauce cook and stir until thick cook 1 to 2 minutes more add the cheese , olives and lemon juice stir to melt cheese to serve place chicken on lettuce lined dish spoon some cheese sauce over pass remaining sauce",6.2,6.8,7.8,8.0,8.0,6.5
290595,bacon and cream cheese deviled eggs,"egg, cream cheese, mustard powder, ranch dressing, bacon, salt and pepper","hard boil eggs , then place in ice water to cool , at least 10-15 minutes peel , cut in half and scrape yolks into a large mixing bowl fry bacon up in a pan , until crispy drain on paper towels , and crumble once cool enough to handle cut cream cheese into bite-size pieces , and add to yolks begin to beat with a hand mixer on low add mustard powder and then begin to pour ranch into bowl in a thin stream the desired texture is a thick filling , just wet enough to form a paste and be blended by the hand mixer turn mixer up to medium-high and whip until slightly fluffy and able to form stiff peaks add crumbled bacon pieces and mix just until blended through fill whites with filling and refrigerate until ready to serve",6.4,6.8,7.8,8.0,4.5,5.2
26407,no bake cheesecake pumpkin pie,"prepared graham cracker crusts, cream cheese, whipped topping, confectioners' sugar, vanilla extract, vanilla instant pudding mix, milk, pumpkin puree, pumpkin pie spice","in a medium-mixing bowl combine cream cheese , 1 cups of the whipped topping , confectioners' sugar , and vanilla extract beat until smooth spread evenly over crust in a large mixing bowl combine: pudding , milk , pumpkin puree , pumpkin pie spice , and 1 more cups of whipped topping stir until thoroughly combined spoon mixture over cream cheese layer top with remaining 1 / 2 cup of whip topping i will put it in a pastry bag and decorate the top with the whip cream chill at least 1 hour before serving",6.0,2.0,6.8,7.5,6.0,4.0
28758,best ever pumpkin pie,"canned pumpkin, sweetened condensed milk, eggs, light brown sugar, sugar, ground cinnamon, salt, ground ginger, ground nutmeg, ground cloves, pie crusts",combine pumpkin and remaining ingredients in a large bowl beat at medium speed with an electric mixer 2 minutes pour into prepared piecrust bake at 425 degrees for 15 minutes reduce heat to 350 degrees bake 50 additional minutes or until a knife inserted in center comes out clean cool on a wire rack,5.8,2.5,5.5,6.8,7.0,4.5
294643,leftover salmon fillet chowder,"potatoes, onion, celery rib, butter, flour, salt, pepper, 2% low-fat milk, salmon fillet, peas, swiss cheese, cheddar cheese, dill weed, green onion","boil potatoes until tender , drain and set aside in large saucepan saute onions and celery in butter until tender add flour , salt and pepper and stir until blended slowly whisk in milk bring to a boil stirring constantly , reduce heat to medium and cook until thickened , about 10 minutes add potatoes , salmon , peas and dill and heat through stir in cheeses and cook until melted serve garnished with green onions",4.8,6.0,6.8,7.5,8.0,5.5
141966,mustard baked sour cream chicken ii,"sour cream, boneless chicken breasts, dijon mustard, prepared yellow mustard, corn flakes, dried thyme, salt, pepper, cayenne pepper, butter","combine sour cream and mustards in a small bowl in second bowl , combine: cornflake crumbs , thyme , salt , pepper and a dash of cayenne pepper coat chicken pieces in cream mustard mixture roll chicken in crumb mixture place chicken pieces in a single layer on a large baking pan and drizzle with melted butter bake at 375 degrees for one hour or until juices run clear",5.0,5.2,6.5,7.0,6.2,4.5
15836,crock pot hot wings,"chicken wings, frank's red hot sauce, butter, water, garlic cloves",place the first 4 ingredients in a crock pot on low heat for 8 hours remove wings from crock pot and place on a cookie sheet or broiling pan pour sauce into a saucepan and reduce by half add minced garlic spoon sauce over wings and broil for 3 minutes,5.2,8.0,7.8,7.5,3.8,4.5
102720,tex mex cheesy chicken chowder,"onion, celery, garlic, oil, boneless skinless chicken breast halves, chicken broth, frozen hash brown potatoes, country gravy mix, milk, processed cheese spread, chunky salsa, diced green chilies, corn chips","in a 6-quart dutch oven , cook and stir onion , celery and garlic in hot oil over medium heat for 5 minutes , or until onion is tender add chicken and cook , stirring , for 2-3 minutes or till no longer pink add broth and potatoes bring to a boil , reduce heat and simmer , covered , for 12-15 minutes or till potatoes are tender , stirring occasionally in a medium bowl , dissolve gravy mix into milk stir milk mixture into soup mixture stir in cheese , salsa and green chilies , reduce heat to low cook and stir till cheese is melted serve with corn chips",4.8,7.2,6.5,7.8,8.0,5.2
383430,karen s tomato crostini,"light mozzarella cheese, mayonnaise, roma tomatoes, dried oregano, dried basil, fresh ground black pepper, garlic clove, whole grain baguette","combine all ingredients except for the baguette slices , until well blended spread cheese mixture evenly on one side of each baguette slice place slices , cheese side up , on a grill topper grill , with lid down , over low heat on barbeque for 3 to 5 minutes , or until bread is is lightly toasted and cheese is melted these can also be baked in the oven at 350f or broiled , until lightly browned",6.4,5.5,6.0,5.8,5.8,3.5
136817,daddy s steak marinade,"olive oil, salt, pepper, garlic powder, teriyaki sauce, soy sauce, liquid smoke, worcestershire sauce","sprinkle salt , pepper , and garlic powder on one side of each steak and then pour 1 / 2 tsp olive oil on each steak knead spices and oil into the steaks repeat on opposite sides put steaks in a bowl add remaining ingredients marinate for at least 30 minutes ! the longer , the better !",2.5,8.2,5.5,3.5,5.2,1.8
221494,grilled roast beef and melted  pepper jack cheese sandwich,"sourdough bread, roast beef, jalapeno pepper cheese, diced green chilis, mayonnaise, butter, salt","lay sliced bread on bread board paint tops of bread slices generously with melted butter flip bread slices over spread mayonnaise generously on each slice of bread assemble two sliced bread pieces with roast beef , cheese and 1 / 2 teaspoon diced green chilies sprinkle with salt top sandwiches with other two slices of bread , mayo side down , butter side up grill sandwiches on medium high heat griddle , with lots of butter on the grill beneath , until bottoms of sandwiches are golden brown and cheese begins melting carefully flip sandwiches over using two utensils and grill again until bottom bread is also golden brown and cheese is melted remove two sandwiches from griddle , slice each in half and arrange on two plates garnish plates serve with dill pickles , yellow mustard , prepared horseradish and lots of napkins french fries , onion rings and cole slaw make wonderful additions to this meal",5.5,7.5,8.2,8.2,6.2,4.2
226004,easy vegetarian gravy,"margarine, onions, minced garlic cloves, flour, soy sauce, water, salt and pepper","put margarine in a pot and saute the onions and garlic over med-high heat reduce heat back to medium after onions and garlic have become golden brown make a roux by gradually adding the flour , while continuously stirring to avoid lumps still stirring , add soy sauce and water to the mixture add salt and pepper to taste once the gravy has reached desired thickness , turn off the stove and you are done !",3.0,6.8,6.0,5.0,4.8,3.2
96983,strawberry tea bread,"strawberries, almonds, all-purpose flour, butter, granulated sugar, eggs, almond extract, baking powder, baking soda, salt, cinnamon, nutmeg, buttermilk","in a bowl , gently toss together the strawberries , almonds and 1 / 4 cup of the flour set aside in a large bowl , beat the butter with the sugar until light and fluffy beat in the eggs , one at a time beat in the almond extract stir together the remaining flour , baking powder , baking soda , salt , cinnamon and nutmeg stir into the butter mixture alternately with the buttermilk , making three additions of the flour mixture and two of buttermilk gently fold in the strawberry mixture spoon into 2 greased and floured 8x4-inch loaf pans bake in a 350f oven for about 1 hour or until a cake tester inserted in the centre comes out clean let cool in the pans on racks for 10 minutes remove from the pans let cool completely in racks",5.6,2.8,6.0,6.5,7.5,5.8
304916,hamburger helper   beef taco   cheese copycat,"ground beef, onion, taco seasoning, cheddar cheese, water, milk, egg noodles","brown ground beef and cook with diced onions after the beef is cooked drain and rinse put back in the pan and add and mix well the seasoning , milk , water and cheese let it come to a slight boil add the egg noodles , let the pan simmer for about 10 minutes until egg noodles are cooked and sauce has thickened now enjoy ! i guarantee no one will be able to tell the difference :)",4.3,6.8,6.8,7.2,5.0,4.0
231446,sweet jiffy spoon bread,"cornbread mix, cream-style corn, whole kernel corn, light sour cream, sugar, butter, eggs, milk",preheat oven to 400 degrees mix all ingredients together until all dry ingredients are moist coat 4 qt casserole dish with cooking spray -- and pour in mixture bake until golden brown on top baking time is approximately an hour the middle should be moist between a pudding and bread pudding texture enjoy !,4.8,4.0,6.5,7.0,5.2,3.5
56787,easy pizza dough,"dry active yeast, water, all-purpose flour, kosher salt, olive oil","to make the dough: dissolve the yeast in the warm water and set aside put the flour and salt in a food processor fitted with the steel blade process briefly to mix with the machine running , add the water-yeast mixture in a steady stream turn the processor off and add the oil pulse a few times to mix in the oil divide the dough: scrape the soft dough out of the processor and onto a lightly floured surface with lightly floured hands , quickly knead the dough into a mass , incorporating any bits of flour or dough from the processor bowl that werent mixed in cut the dough into four equal pieces with a knife or a dough scraper roll each piece into a tight , smooth ball , kneading to push the air out to use dough that same day: if you want to make pizza as soon as possible , put the dough balls on a lightly floured surface , cover them with a clean dishtowel , and let them rise until they almost double in size , about 45 minutes meanwhile , turn your oven on , preferably with a baking stone in it , to let the stone fully heat pizza the next day: if you want to bake the pizzas the next day , line a baking sheet with a floured dishtowel , put the dough balls on it , and cover them with plastic wrap , giving them room to expand , and let them rise in the refrigerator overnight to use dough that has been refrigerated overnight , simply pull it out of the refrigerator about 15 minutes before shaping the dough into a pizza to shape , top , and bake the pizzas , see below to freeze dough: dust each generously with flour as soon as youve made it , and put each one in a separate zip-top bag freeze for up to a month its best to thaw the dough in the refrigerator for at least 10-12 hours before you want to use it-- but in a pinch it'll defrost on the counter in about 1 1 / 2 hours to shape pizzas: put the proofed or thawed ball of dough on a lightly floured surface dust the top with flour using your finger lift the dough and lay it over the back of the fist of one hand put your other fist under the dough , right next to your first fist now gently stretch the dough by moving your fists away from each other each time you do this stretch , rotate the dough continue stretching and rotating until the dough is thin , about 1 / 4 inch , and measures about 9 inches across alternatively , use a rolling pin to roll out the dough thinly on a floured surface rub a bit of flour onto a pizza peel gently lift the stretched dough onto the floured peel top the pizza , scattering the ingredients around to within inch of the border to bake: put a pizza stone or unglazed quarry tiles on the lowest rack of the oven and heat the oven to 500f ideally , let the stone preheat in the oven for an hour you should place your pizza on the peel before topping it so that it's ready to slide onto your stone shake the peel gently back and forth to make sure the pizza isnt stuck quickly slide the pizza onto the hot baking stone bake until the edges are golden , about 8 min using a peel , a wide spatula , or tongs , remove the pizza from the oven",5.0,3.8,3.0,3.8,3.5,7.2
51550,real southern cornbread,"yellow cornmeal, unbleached all-purpose flour, baking powder, salt, baking soda, buttermilk, egg, sugar, corn oil, unsalted butter","put the skillet in the oven and preheat to 375 degrees combine the dry ingredients except for the baking soda in a bowl in another bowl , mix the buttermilk and the baking soda set aside in a small bowl , beat the egg with the sugar until combined add the oil and mix until combined pour this mixture into the buttermilk / baking soda , and mix when the oven is preheated , toss the butter into the skillet and let it melt meanwhile , pour the wet ingredients into the dry , and mix in as few strokes as it takes to just make the dough come together pull the skillet out of the oven , swirling to get the butter covering the bottom and up the sides of the skillet pour the batter immediately into the pan , smoothing the top , then back into the oven for about 25 minutes , or until golden brown and pulled away from the sides of the pan turn out onto a cutting board , cut into wedges and serve it may just be my upbringing , but it tastes better somehow and please do not add the baking soda to the dry ingredients i can't explain why , but adding it to the buttermilk makes a big difference in the texture",5.2,4.2,6.0,5.8,6.5,5.0
228387,tamatim mashwiya,"tomatoes, butter, salt and pepper","wash , dry , then halve tomatoes arrange in greased oven pan , sprinkle with salt and pepper , and dot with butter place under grill for 5-7 minutes",4.8,3.5,4.5,3.2,2.2,2.0
422793,msli rolled oat breakfast,"old-fashioned oatmeal, plain yogurt, fuji apple, pear, blanched slivered almond, dark raisin, creamed honey, cinnamon",stir together oats and yogurt refrigerate for thirty minutes mix in the rest enjoy !,5.2,1.2,3.0,4.0,5.5,1.8
26559,batter for sweet and sour shrimp,"flour, cornstarch, baking powder, water, egg, oil",mix together and let set for 10 minutes dip shrimp in batter and shake off excess deep fry 350 degree f for 5-6 minutes drain on paper towels keep warm in 200 degree f oven until ready to serve,4.0,2.0,9.0,6.0,4.0,4.0
166059,karen s kid friendly salmon,"salmon, teriyaki sauce, brown sugar",put salmon in a ziplock bag with the teriyaki sauce and marinate in refridgerator for 1-2 hours lightly spray 9 by 13 pan with pam or other cooking oil lay salmon in pan and sprinkle brown sugar all over the top use more or less according to how sweet you would like it cook in oven at 375 for about 30 minutes or until salmon flakes with a fork cooking time will vary based on how thick the salmon fillets are just a the kids love it,5.2,7.0,4.5,5.8,2.2,3.5
184706,lebanese salad,"cucumbers, roma tomatoes, red onion, lemon juice, extra virgin olive oil, garlic cloves, of fresh mint, kalamata olive, feta cheese, salt and pepper",toss cucumbers thru cheese in a bowl add salt and pepper to taste chill at least 3 hours,6.5,5.5,4.2,4.2,6.5,2.5
223534,quick oatmeal egg pancake,"instant plain oatmeal, egg, water, vegetable oil cooking spray","spray a small skillet with vegetable oil and put it on the stove top at medium-high to heat scramble egg with a fork in a cereal bowl open instant oatmeal packet and add it to the egg , mixing it in add enough water to make the consistency right for pancake batter , about 1 tbsp more or less pour into the skillet to form one large pancake turn heat down to medium when edges begin to look dry and bubbles start to form on the top , flip with a spatula cook on the other side for one to two minutes until done serve with condiments such as butter and maple syrup , or spread with peanut butter or yogurt and top with fresh fruit",4.0,2.2,2.5,3.2,2.8,2.5
48090,potato soup mix in a jar,"instant mashed potatoes, powdered milk, instant chicken bouillon, dried onion flakes, dried parsley, garlic powder, white pepper, dried thyme, seasoning salt",in a medium bowl mix dry ingredients well and pour into a 1 quart jar seal and attach: place 1 / 2 cup of soup mix in a bowl add 1 cup boiling water and stir to smooth season with salt and pepper to taste,2.8,7.0,2.0,4.0,5.8,1.5
103100,tilapia casserole,"tilapia fillet, cream of shrimp soup, ritz crackers, margarine","layer frozen fish fillets in greased casserole dish , overlapping if needed spread cream of shrimp soup over fish melt margarine and mix with crushed crackers sprinkle cracker mixture over casserole bake uncovered at 350 for about 45 minutes also i add a dash or two of hot sauce to the melted butter before adding to the cracker crumbs",4.0,6.8,7.2,7.0,3.0,3.0
418132,chef s special blue cheese dressing,"blue cheese, mayonnaise, sour cream, garlic clove, green onions, lemon juice, sugar",blend all together cover and chill,2.8,6.2,7.8,7.0,4.8,1.2
104329,bacon cream cheese stuffed mushrooms,"cream cheese, bacon bits, green onion, garlic powder, fresh mushrooms","in a small mixing bowl , beat cream cheese until smooth stir in the bacon , onion and garlic powder spoon into mushroom caps place on an ungreased broiler pan broil 4-6 inches from the heat for 4-6 minutes or until heated through serve warm",5.8,6.5,7.5,7.5,3.5,3.2
457735,spam goulash,"spam, corn, green beans, tomato sauce, mushrooms, onion, garlic powder, black pepper",in a skillet or medium pot heat 2 tsp oil add onions and spam sautee for 2 minute till spam starts to brown add all other ingredients into skillet and let simmer for 15-20 minute serve over hot steamed rice add tabasco for spicy flavor,3.8,8.0,6.0,5.8,5.2,3.0
59227,olive garden minestrone soup,"celery, onion, carrot, butter, garbanzo beans, kidney bean, dried whole peas, white pea beans, bell pepper, rice, shell macaroni, parsley, oregano, basil, soy sauce, pepper, parmesan cheese","slowly saute finely minced onion , celery and carrot in butter until very brown add peas and beans and about 3 quarts of water cook slowly until beans are almost done about 2 to 2 1 / 2 hours add the remaining vegetables , rice and spices and more water if necessary and cook another hour about 20 minutes before serving time add the macaroni and more water if needed ladle into bowls and sprinkle with parmesan cheese serve with crusty garlic bread",5.0,6.0,4.0,5.5,9.0,6.5
133289,crock pot coq au vin  chicken in white wine,"butter, boneless skinless chicken breasts, salt, pepper, garlic cloves, baby portabella mushrooms, white pearl onions, dry white wine, dried thyme leaves, bay leaf, chicken broth, flour","place butter , chicken , salt , pepper , garlic , mushrooms , onions , wine , thyme , and bay leaf in crock pot combine chicken broth and flour pour mixture into crock pot , and stir cover and cook on low setting for 5-6 hours remove and discard bay leaf serve over rice",5.5,5.5,5.5,6.5,7.0,4.8
22274,blueberry blueberry sour cream pancakes,"sifted flour, baking powder, salt, sugar, egg, milk, sour cream, butter, blueberries","mix dry ingredients beat together wet ingredients add butter to egg and sour cream add milk to sour cream mixture mix wet ingredients into dry ingredients until just incorporated add blueberries last and fold in carefully preheat lightly coated griddle or skillet over medium heat if you are using an electric griddle , set temperature to 360f test by adding a few drops of water on hot pan when the drops start to ""dance"" on the griddle it is time to cook for each pancake , pour about a 1 / 4 cup of batter onto a hot griddle cook on first side until bubbles that form begin to pop and edges look dry with a spatula , turn and cook until the second side is rich and golden-brown serve with maine blueberry syrup or honey",5.8,3.2,5.5,5.8,5.8,4.5
1982,good season s italian dressing,"garlic salt, onion powder, sugar, oregano, pepper, basil, parsley, celery salt, salt, cider vinegar, oil, water","for dressing , mix 1 / 4 cup of cider vinegar , 2 / 3 cup of oil , 2 tablespoons of water and 2 tablespoons of dry mix",3.0,7.0,7.5,4.0,7.0,1.5
151594,oven roasted brussels sprouts,"frozen brussels sprouts, olive oil, kosher salt","take frozen brussels sprouts and place in a large bowl pour olive oil and kosher salt over sprouts and mix well place sprouts , evenly spaced and not stacked , on a baking sheet and place in a 400 degree oven for 40-45 minutes pull them out before they turn black but you definitely want them to be brown and crispy on the edges of course , adjust the salt and olive oil to taste",5.0,5.0,4.5,3.5,2.0,2.8
350,spaetzle   basic recipe   art culinaire issue,"eggs, flour, milk, salt, baking powder","bring a saucepan of salted water it a boil , reduce the heat , and maintain a simmer in a bowl , stir all the ingredients together place a colander over the pan , pour about 1 / 4 of the batter into the colander , and press through the holes with a plastic spatula into the hot water when the spaetzle starts to float to the surface , cover the pan and keep covered until the spaetzle appears to swell and is fluffy remove the dumplings and repeat the procedure with the remaining batter",4.0,4.0,2.5,4.5,3.5,5.0
322917,american sandwich bread,"all-purpose flour, salt, whole milk, warm water, unsalted butter, honey, instant yeast, butter","mix milk , water , butter , honey and yeast together combine 3 1 / 2 cups flour and salt in bowl of stand mixer gradually add milk mixture to flour increase mixer speed to medium , mix for 10 minutes , until dough is smooth turn dough out onto floured surface , knead briefly to form a small , round ball place dough in a greased bowl , turn to coat to proof: original recipe suggests while you are making the dough , heat an oven to 200 for 10 minutes , then turning off place bowl covered with plastic wrap in oven to proof however , i cover with a towel and use my warming burner let rise 40 - 50 minutes , or until doubled in size turn onto floured work surface , gently roll dough into a 1 x 9 inch rectangle roll the short side into a tight cylinder pinch the seams closed place the seam-side down in a greased 95-inch loaf pan cover with plastic wrap or towel set in a warm spot until the dough almost doubles in size , 20-30 minutes preheat oven to 350 placing a glass dish with boiling water inside bake 40 -50 minutes or until an instant-read thermometer reads 195 brush with melted butter , cool on wire rack to freeze: cool completely , cover with plastic wrap or foil place in freezer bag thaw on counter overnight",5.2,3.5,4.0,4.8,5.0,6.8
213917,lemony brown rice pilaf,"butter, onion, long grain brown rice, chicken stock, lemon juice, lemon zest","in a heavy saucepan , saute onion in about half of the butter until soft add additional butter and allow to melt stir in rice and cook two minutes , stirring to coat rice with butter add chicken stock and 2 t lemon juice bring to a boil , cover tightly , turn heat low , and simmer 50 minutes or until liquid is absorbed remove from heat and add lemon zest and additional lemon juice to taste",4.5,4.8,5.5,4.8,3.8,4.2
162446,old fashioned oatmeal with bananas and raisins,"water, salt, old-fashioned oatmeal, banana, raisins, brown sugar, milk","in small pot bring the water and salt to boil slowly stir in the oatmeal , using a fork to break up any lumps once boiling has subsided , cover pan and cook on medium-low for 10-12 minutes remove pan from heating element and let sit , covered , for an additional 2-3 minutes transfer oatmeal to serving bowl and top with the sliced bananas , raisins and brown sugar serve with milk or milk substitute on the side if you wish yield: 1 large serving or 2 small servings",4.5,2.0,2.0,3.8,5.0,2.8
84067,thin   crisp chocolate chip cookies,"unsalted butter, sugar, light brown sugar, eggs, pure vanilla extract, unbleached all-purpose flour, salt, baking soda, semi-sweet chocolate chips","heat oven to 375 and place racks in middle and top levels of the oven beat together the butter and sugars on high mixer speed until light and fluffy , about 1 minute scrape bowl and paddle beater add eggs and vanilla , and beat on low until incorporated then beat on high for about 1 minute until light and fluffy again scrape bowl and paddle again in a separate medium size bowl , whisk together the flour , salt , and baking soda add this to the butter mixture and beat on medium until just blended stir in chocolate chips with a wooden spoon drop rounded teaspoons of dough 2-inches apart onto the greased cookie sheets bake until deep golden brown around the edges , and lightly golden in the center- about 8-10 minutes , rotating the sheets after about 4 minutes to get more even results if not , shake the pan gently to spread the dough and flatten a little more then , contine to bake until brown and crisp remove from the oven and let rest 3-5 minutes before transferring the cookies to a wire rack to cool completely",5.4,3.0,7.2,7.5,6.0,5.0
155104,tim mcgraw s chicken and dumplings,"chicken, water, salt, all-purpose flour, butter flavor crisco, buttermilk, egg","boil chicken , adding salt to taste when tender , pull chicken from the bone and return to the broth pour flour into a bowl - cut the crisco into the flour until crumbly arrange flour mixture in the bowl evenly leaving a hole in the middle add 1 egg and enough buttermilk to form a doughy consistency sprinkle flour on cutting board pinch off part of the dough and roll into a thin sheet and cut into squares drop one square at a time into broth continue this until all of the dough is used add salt and pepper to taste and simmer until tender allow the dumplings to thicken the broth until it is a creamy consistency",4.0,4.8,5.8,6.8,4.5,6.0
187055,creamy broccoli and cheese,"broccoli, evaporated milk, butter, velveeta cheese, salt and pepper","melt butter in saucepan add 1 / 2 of milk add velveeta stir frequently until thouroughly melted add more milk if you would like a creamier sauce to equal out flavor you may need additional butter or cheese , judge to taste add steamed broccoli and stir lightly together serve alone or over potatoes",4.2,6.0,7.0,7.2,3.5,2.8
121169,eggplant  aubergine  and feta rolls,"eggplants, salt, olive oil, basil leaves, feta","cut eggplants lengthways into thin slices and sprinkle with salt allow to stand in a colander for fifteen minutes rinse and dry well panfry eggplant slices in olive oil , until golden brown on both sides drain and cool lay eggplant slices out flat , add chopped basil and crumbled feta and roll up place on a platter to serve",6.5,5.8,6.0,5.8,3.5,4.5
375050,beat the heat tea shake,"boiling water, tea bags, ice cream","pour boiling water over tea bags , then cover & brew for 5 minutes remove tea bags , then squeeze the excess tea out of them , before chilling the tea ~ you will need only a portion of this brewed tea for this recipe put 2 1 / 2 cups of the tea into a blender bowl , along with the ice cream , then blend at high speed until totally combined",4.8,1.0,5.5,6.0,2.0,2.0
158070,kraft foil packet southwestern chicken dinner,"minute brown rice, warm water, boneless skinless chicken breast halves, ranch dressing, chili powder, reduced-fat sharp cheddar cheese, broccoli florets, red pepper","preheat oven to 400f combine rice and water let stand 5 minutes spoon evenly onto centers of four large sheets of heavy-duty foil top each with 1 chicken breast half sprinkle evenly with chili powder drizzle with dressing top with cheese and vegetables bring up foil sides double fold top and both ends to seal each packet , leaving room for heat circulation inside place in single layer in 15x10x1-inch baking pan bake 25 to 30 minute or until chicken is cooked through place one packet on each of four dinner plates cut slits in foil with sharp knife to release steam before opening",5.4,5.8,4.5,6.0,6.0,4.2
254001,mexican taco casserole,"taco chips, tomato sauce, sweet corn, red kidney beans, carrots, onion, green chilies, cheese","chop the onion into small cubes , slice the carrots and the green chillies into thin pieces mix with sweet corn and beans place one layer of crisps in a casserole dish , cover it with half the vegetables and add half of the sauce cover with another layer of crisps then add the rest of the veggies and the sauce cover with a last layer of crisps and sprinkle with the cheese bake in the preheated oven at 180c for 30-40 minutes",4.8,6.2,6.0,6.5,5.5,3.8
165587,roasted turkey legs,"celery, turkey legs, butter, salt, water","preheat oven to 350 degrees f rinse the turkey legs and pat dry stand the turkey legs upright press a knife downward into the deep tissue , creating 2 or 3 long pockets press a piece of celery into each opening pull back the skin on the legs , rub with butter , and season lightly with salt lay the leges in a roasting pan roast uncovered for 1 1 / 2 to 2 hours , until legs are golden brown and the internal temperature is 180 degrees f when taken with a meat thermometer add more water if needed while roasting and baste occasionally with the juices or butter",5.0,4.2,6.5,7.0,2.8,4.2
77689,southwest style tilapia,"tilapia fillets, parmesan cheese, yellow cornmeal, flour, paprika, black pepper, salt, vegetable oil cooking spray","preheat oven to 400 degrees combine parmesan cheese , cornmeal , flour , paprika , pepper and salt in a bag place fish in dry mixture and shake to coat each fillet spray baking dish with cooking spray place fish in baking dish , spray with cooking spray , sprinkle remaining cheese mixture over fish fillets bake for 15 to 20 minutes or until fillets flakes when tested with fork",5.2,5.8,3.5,5.2,5.2,3.5
46877,uncle bill s whipped shortbread cookies,"butter, all-purpose flour, icing sugar, vanilla extract, red maraschino cherry, green maraschino cherry","preheat oven to 350 degrees f in a mixing bowl and using an electric mixer , combine butter , flour , icing sugar and vanilla extract mix until mixture is a smooth consistency prepare cookie sheets with parchment paper spoon out dough onto parchment lined cookie sheets by teaspoonfuls or by tablespoons for larger cookies , spacing about 2 inches apart cut maraschino cherries into quarters and place one piece in the middle of each cookie , alternating with red and green cherries bake in preheated 350 f oven for 13 to 15 minutes or until bottom of cookies are lightly browned , do not overbake remove from oven and let cool on cookie sheet for about 5 minutes transfer onto wire racks to finish cooling store in a container with a lid and separate each layer with wax paper use sprinkles , half an almond or half a cashew or chocolate to the top of the cookies before baking a thumbprint in the cookie , filled with your choice of jam is very tasty it has been suggested that the cookies be refrigerated for at least 1 / 2 hour before baking for a different texture",5.8,2.2,7.0,7.5,4.2,4.0
76381,lima bean spread,"lima beans, lemon juice, garlic, red onions, dried cilantro, parsley, ground cumin, cayenne pepper, black pepper",puree the lima beans in a food processor until smooth put the beans in a bowl and add the rest of the ingredients cover and chill for at least 4 hours spread on bread or crackers,4.0,1.8,1.2,2.5,6.0,2.5
301290,corn and bean fiesta salad,"pinto beans, black beans, chickpeas, corn, white corn, tomatoes and green chilies, fresh cilantro, sweet onion, jalapenos, fat-free italian salad dressing, cumin, salt and pepper","in a large bowl , combine beans , corn and tomatoes mix gently add remaining ingredients and stir thoroughly to distribute seasonings taste and correct seasoning cover and refrigerate at least two hours to marry flavors enjoy",5.8,4.0,2.5,3.0,7.0,2.0
56112,vietnamese fish simmered in caramel sauce  ca kho to,"catfish, white sugar, fish sauce, shallots, fresh chili pepper, ginger, ground black pepper","in a heavy 2-quart saucepan , cook the sugar over low to medium heat , swirling the pan constantly , until brown and caramelized remove pan from heat and stir the fish sauce into the caramel it will smoke slightly return the pan to low heat and gently boil for about couple minutes while stirring until the sugar is completely dissolved stir in the shallots , chili and ginger add the fish in the caramel sauce and sprinkle with black pepper bring to a boil reduce the heat to low and cover the pan simmer for 30-45 minutes , turning the fish occasionally and carefully serve with rice",5.0,7.5,2.0,4.5,5.5,5.0
53927,bacon  lettuce and tomato sandwich soup,"cooked bacon, romaine lettuce, tomatoes, butter, onion, celery, red bell pepper, yellow bell pepper, garlic, flour, chicken stock, heavy whipping cream, thyme, basil, salt and black pepper, crouton","in a heavy bottom dutch oven melt butter over medium high heat add bacon and saut two to three minutes add onions , celery , bell pepper and garlic saut three to five minutes or until vegetables are wilted sprinkle in flour and , using a wire whisk , blend well into bacon / vegetable mixture add chicken stock , stirring constantly , until well incorporated add lettuces and tomatoes and fold well into the soup add heavy whipping cream season to taste using thyme , basil , salt and pepper and allow to cook for an additional fifteen minutes when ready to serve , ladle soup into individual bowls and garnish with toasted croutons",5.2,7.0,7.0,7.5,9.0,5.5
87925,kittencal s extreme chocolate brownies,"butter, sugar, water, semi-sweet chocolate chips, vanilla, eggs, flour, baking soda, salt","set oven to 325 degrees f grease a 13 x 9-inch baking pan in a heavy saucepan , bring butter , sugar and water to a boil , stirring constantly until the butter is melted and sugar is dissolved remove from the heat , with a wooden spoon , stir in 2 cups chocolate chips until melted cool slightly , beat in vanilla in a mixing bowl , whisk eggs , gradually add in the chocolate mixture , beating with a wooden spoon until completely mixed mix together flour , baking soda and salt add to the egg / chocolate mixture mix well to combine stir in the remaining chocolate chips spread into prepared baking pan bake for 35-40 minutes cut into squares",5.5,2.5,7.5,8.5,5.5,4.5
204393,24 karat cake,"vegetable oil, granulated sugar, flour, cinnamon, baking powder, baking soda, salt, eggs, fresh carrots, pecan pieces, raisins, canned crushed pineapple, sugar, heavy cream, unsalted butter, vanilla extract, cream cheese, confectioners' sugar","prepare cake: place oil in mixing bowl of electric mixer mix on low speed , adding sugar mix all dry ingredients together add eggs to oil and sugar mixture mix add dry ingredients and mix add the carrots , pecans , raisins and crushed pineapple fold together coat three 10 x 2 inch round cake pans with vegalene spray press a circle of parchment paper into the bottom of each pan and spray again to coat with vegalene coat the pans with flour and remove the excess divide the batter evenly between the cake pans bake at 300f for 18 to 22 minutes or until a toothpick or cake tester inserted in center of cake comes away clean remove from oven and allow to cool 20 to 30 minutes invert the cake pan onto a parchment paper-lined sheetpan refrigerate until cold before assembly prepare filling: place sugar , flour and salt in saucepan mix until well combined gradually stir heavy cream into dry ingredients add butter and stir place saucepan over medium heat , stirring constantly until mixture comes to a simmer simmer , stirring constantly for 20-30 minutes or until the mixture is light golden brown cool to room temperature and then stir in nuts and vanilla refrigerate until needed prepare frosting: place butter and cream cheese into the bowl of electric mixer mix at medium high speed until mixture is very light and fluffy gradually add sugar and heat on high speed until light , fluffy and lump-free fold in vanilla hold at room temperature - do not refrigerate assemble your creation: place a cake layer onto a 12"" plate and top with half of the pecan caramel filling , spreading evenly to the edges top with second layer and then remaining pecan caramel filling spread evenly to the edges top with the third layer use a spatula to remove any excess filling from around the edges frost the cake with cream cheese frosting about 1 / 4 inch all over sprinkle top of cake with additional pecan pieces , if desired refrigerate at least 2 hours before slicing remove the cake from the refrigerator heat a knife with hot water and cut the cake into 8 or 10 portions heat the knife between each cut for a neat , precise cut place onto plates and serve immediately",8.0,2.5,8.5,9.5,10.0,8.0
187975,pescado sudado  peruvian steamed fish fillets,"corn oil, onion, garlic cloves, tomatoes, paprika, salt, flounder fillets, dry white wine, fresh parsley","heat the oil in a large skillet over low heat add the onion , garlic , tomatoes , paprika and salt and stir-fry for 2 to 4 minutes cover the mixture completely with the fish fillets add the wine , cover the skillet , and cook for 5 minutes over low heat , which is just enough time to steam the fish garnish with the parsley serve with lemon slices , accompanied by sliced boiled potatoes , sliced boiled yuca , or hot white rice",5.5,4.5,4.0,3.5,6.0,4.0
96811,zucotte,"butter, white wine, garlic, butternut squash, salt & freshly ground black pepper, fresh parsley","in a large , heavy saucpan , melt 1 tbs of the butter over low heat add the wine and garlic cook , covered , over low heat , stirring occasionally , about 20 minutes the garlic should turn golden-brown , but should not burn mash the garlic with a fork add the remaining 2 tbs butter and the squash gently mix to coat cook , covered , over low heat , stirring occasionally , until the squash is tender , about 20 minutes add salt and pepper to taste and sprinkle with the parsley just before serving serve hot",4.8,4.0,5.5,4.0,4.8,4.0
5003,classic pizza crust,"active dry yeast, flour, salt, water, cooking oil","in a large mixing bowl , combine the yeast , 1 cup of flour , and the salt mix next , add the water and oil beat on low speed for 30 seconds scrape the sides of the bowl and continue to beat on high speed for 3 minutes by hand , stir in enough flour to make the dough stiff knead until smooth which can take up to 10 minutes place in a well greased bowl and turn the dough until it is lightly greased cover and let rise for about 1 1 / 2 hours or until the dough has doubled in size punch it down and chill for 2 hours cut the dough in half on a floured surface , roll the halves into 12 inch circle and about 1 / 8 inch thick brush the surfaces of the dough with olive oil and add the toppings of your choice cook at 425 for 25 minutes",4.0,4.5,3.0,3.0,3.5,6.0
327479,ww baked yams with pineapple   3 points,"yams, navel orange, unsweetened pineapple tidbits, cinnamon, nutmeg, reduced-calorie margarine","preheat the oven to 375 degrees in a 2-quart casserole dish , combine the yams , orange , pineapple and its juice , cinnamon and nutmeg dot with the margarine cover and bake until the yams are tender , about 45 minutes",5.0,1.5,2.5,3.5,4.5,3.0
84273,no time to cook main dish,"cube steaks, seasoning salt, fresh ground black pepper, onion, sliced mushrooms, condensed golden mushroom soup, water","preheat oven to 375f season cube steaks with seasoned salt and pepper place in a 9x13 baking dish layer sliced onions and mushrooms over the steaks combine soup and water pour over steak , onions and mushrooms in baking dish cover with foil and bake at 375f for 45 minutes , uncover and bake 15 more minutes",4.0,7.0,3.5,6.0,5.0,3.5
45939,debbie claire s cheesy crock pot macaroni and cheese,"macaroni noodles, butter, cheddar cheese soup, evaporated milk, salt, eggs, sharp cheddar cheese","cook noodles , drain add butter , salt , cheese soup , evaporated milk , and eggs mix well grate cheese save 3 / 4 cup and add the rest to the macaroni mixture mix well and pour into the crock pot put 3 / 4 cheese on top cover and cook on low for 2-2 1 / 2 hours",4.5,6.5,7.0,8.0,5.0,4.0
239884,fried bologna sandwiches  southern style,"bologna, hamburger buns, butter, yellow mustard, american cheese","melt the butter in a frying pan and cut several slits in the edges of the slices to keep them from curling fry to your liking melt cheese on top if desired put between hamburger buns , spread with mustard , and enjoy !",4.0,8.5,6.0,6.0,3.5,2.5
47871,indian candy smoked salmon,"water, pickling salt, dark brown sugar, real maple syrup, salmon, honey","mix together the water , salt , sugar and syrup stir until all ingredients are dissolved add fish and brine for 24 hours remove fish and smoke anywhere from 8 hours to 1 1 / 2 days , depending on your smoker use the 3 / 4 cup honey mixed with the 1 / 4 cup water for basting don't over smoke or you're going to have jerky ! apple and cherry woods are great for this recipe works well with venison also",6.0,9.2,4.0,6.0,4.0,8.5
70646,pineapple upside down cake,"butter, dark brown sugar, pineapple, maraschino cherries, pineapple cake mix, vanilla instant pudding mix, pineapple juice, canola oil, eggs","preheat oven to 325 degrees fahrenheit melt butter in a 9x13 pan in oven sprinkle brown sugar evenly over butter in pan drain canned pineapple into a measuring cup place pineapple slices evenly in pan , cutting the last two in half to cover pan place the maraschino cherry halves in the center of the pineapple slices , cut side up combine the rest of ingredients in a large mixing bowl on slow speed for 30 seconds beat on medium speed for 2 minutes pour batter into pan bake for 45 to 55 minutes , or until a toothpick comes out clean cool 5 minutes and turn cake out onto a serving platter , pineapple side up",7.0,2.5,7.0,7.5,6.0,4.5
126365,corn crackers,"cornmeal, sea salt, granulated sugar, fresh ground pepper, flour, baking powder, boiling water, egg, butter, parmesan cheese","in a large bowl , mix first 6 ingredients pour boiling water over this and mix well then incorporate egg , butter , and cheese drop by tablespoon onto a parchment lined baking pan , spread thin w / a flat knife and bake 325 for 20-25 minutes allow to cool 30 minutes",4.8,5.5,5.0,4.5,6.5,4.0
294620,easy cole slaw,"coleslaw mix, mayonnaise, sugar, milk, vinegar, salt, pepper",combine all ingredients except cole slaw mix in a large bowl and combine well add the cole slaw mix and toss to coat cover and refrigerate several hours or overnight to allow flavors to blend,4.8,4.0,6.0,4.5,5.0,1.8
27658,mimi s banana pudding,"cream cheese, eagle brand condensed milk, milk, instant vanilla pudding, cool whip, vanilla wafer, vanilla, bananas","mix cream cheese and eagle brand milk add milk and pudding mix well stir in cool whip save other half for topping in a large bowl , make several layers of pudding mixture , bananas and vanilla wafers top with remaining cool whip",5.8,2.5,6.0,8.0,5.5,2.5
389850,gluten free apple crisp    sooooo easy,"apples, margarine, gluten-free baking mix, light brown sugar, cinnamon","arrange the sliced apples in a baking dish crumble margarine , gluten-free mix , sugar and cinnamon by hand dont over do it you want it to be crumbled , not mashed sprinkle the topping over the apples and bake at 350 degrees for 35 minutes",5.0,1.5,5.5,5.0,3.8,3.0
84161,fish baked in coconut milk,"fish fillets, fresh lemon juice, vegetable oil, onions, garlic, ginger, green chili peppers, fresh tomato, ground coriander, ground cumin, ground red pepper, ground black pepper, ground turmeric, fennel seed, salt, canned unsweetened coconut milk, cilantro","cut fillets crosswise into strips 2-inches wide rub fish with mixture of lemon juice and oil , cover and refrigerate for 1 hour preheat oven to 350 degrees in medium frying pan , over medium high heat , fry onion in oil until edges are nicely browned add garlic , ginger , and green chile , and stir over medium heat for 2 minutes add tomatoes , spice mixture , fennel seeds , and salt , and fry , stirring constantly until tomato pieces break down to form a lumpy paste add coconut milk and simmer about 5 minutes until a thick , rich sauce is formed arrange fish in an oiled baking / serving dish large enough to hold fish in a single layer bake , uncovered , for 10 minutes in the preheated oven pour sauce over fish , cover tightly with aluminum foil , and return to oven for 15 to 20 minutes until fish is opaque garnish with chopped cilantro",6.0,5.0,6.0,6.5,10.0,6.5
59070,morning sunshine   hot lemon drink,"lemon, juice of, hot water",add juice from lemon to hot water& drink,2.5,1.0,1.0,1.0,1.0,1.0
127958,perfect tenderloin steak   filets with mushrooms,"fresh garlic, extra virgin olive oil, kosher salt, pepper, beef tenderloin, olive oil, coarse sea salt, sliced mushrooms, butter, worcestershire sauce, brandy, beef broth","preheat oven to 350f roast an entire head of garlic by cutting off top , placing in a small pyrex baking ramekin coat top with evoo , salt , & pepper bake until the cloves are soft and golden , about 1 hour remove from the oven and let sit until cool enough to handle squeeze each head of garlic to expel the cloves into a bowl save the oil and add tablespoon of butter set on counter to hold increase oven temperature to 400f meanwhile , bring steaks to room temperature and saut mushrooms to saut mushrooms , melt butter and evoo in a large conventional saut pan over medium to med-high heat after butter foaming stops , add mushrooms , and cook until they are nicely caramelized on both sides do not salt & pepper until they are browned , or they will release too much liquid , and take forever to brown once browned , add the salt , pepper , worcestershire sauce , brandy , beef broth , and roasted garlic reduce so that sauce is concentrated , and about original volume reduce to simmer to keep warm make an empty space in center of pan , to receive the steaks rub steaks with olive oil , and liberally season with salt and freshly ground coarse black pepper preheat grill to med-high for at least 5 minutes , with lid closed sear the steaks for 2 minutes on each side , then place them in the pan , surrounded by mushrooms pour the garlic-infused oil with butter , from roasting the garlic , over each steak immediately place in the oven for 6 to 7 minutes for medium rare remove from oven , cover with foil , and rest for 5 minutes , for juices to settle in meat serve steaks , smothered in mushrooms",7.0,6.5,7.0,8.5,8.0,7.0
134815,steamed lime and pepper chicken with glazed asparagus,"limes, fresh lime juice, boneless skinless chicken breast halves, salt & freshly ground black pepper, unsalted butter, balsamic vinegar, light brown sugar, asparagus, water","line a large steamer basket with the lime slices add the chicken breasts in a single layer and season with salt and pepper steam the chicken until white throughout , about 15 minutes meanwhile , in a large skillet , melt the butter add the balsamic vinegar and sugar and stir until the sugar is dissolved add the asparagus and water and cook over moderately high heat , stirring , until crisp-tender , about 5 minutes season with salt and pepper transfer the asparagus to plates spoon the sauce over the top thickly slice the chicken breasts crosswise , arrange on the asparagus and serve",6.5,4.5,4.5,4.0,6.5,4.5
428020,baked ziti with feta,"ziti pasta, feta cheese, eggs, milk, shallot, kefalotiri","preheat oven to 350f grease a 9x13 baking dish cook the ziti according to package directions drain well , then put in the prepared baking dish crumble the feta into small pieces beat the egg whites until frothy beat the egg yolks in a separate bowl folk the yolks gently into the whites then add the milk , feta and shallot pour the egg mixture over the pasta , then top with the grated cheese bake for 1 hour , or until the top is golden brown and the sides are bubbly let cool for a few minutes before serving",5.0,6.5,5.0,6.5,4.0,4.5
60165,low fat zucchini slice,"zucchini, eggs, low-fat cheddar cheese, onion, olive oil, all-purpose flour, baking soda, bacon",lightly beat eggs add remaining ingredients& mix thoroughly spread into greased slice pan cook in a moderate oven for about 30 minutes or until brown,4.5,5.5,5.0,5.5,5.5,3.5
355826,jello poke cake,"white cake mix, egg, raspberry jell-o gelatin, boiling water, cold water, cool whip",bake cake according to package directions cool completely poke cake with a fork mix jello with boiling water until dissolved mix in cold water pour over cake top with cool whip keep in refrigerator,6.0,2.2,4.5,6.0,4.5,3.0
436627,pea tomato couscous,"shallot, garlic cloves, oil, ground cumin, vegetable stock, sweet peas, diced tomato, couscous, salt and pepper","in a medium sized pot , over medium high heat saute shallots / garlic in oil until softened stir in cumin and cook 1-2 minute add broth , peas and tomatoes bring to a simmer 1-2 minute stir in the couscous cover with a lid and let stand for 5 minutes fluff with fork and serve",5.0,5.0,3.5,3.5,6.0,3.0
20535,pad thai with chicken,"rice noodles, vegetable oil, garlic, yellow onion, chicken breasts, red chilies, sugar, fish sauce, salt, lime juice, ketchup, black pepper, fresh bean sprout, green onions, roasted peanuts","in a pot of boiling water , drop int he rice noodles for about 1 minutes , stirring constantly to prevent sticking remove fom heat and drain in a colander , rinse with cold water , set aside heat the oil in a large wok and stir-fry the garlic and onion until golden brown add the chicken and chilis stir-fry for 5 minutes and add the sugar , fish sauce , salt , lime juice , ketchup , black pepper , noodles and bean sprouts stir well for 2 minutes transfer to a large serving platter and garnish with green onion and crushed peanuts",6.0,7.5,5.5,5.5,9.0,5.0
81383,salt free cajun seasoning,"paprika, garlic powder, onion powder, white pepper, black pepper, cayenne pepper, dried thyme, dried oregano",mix all ingredients together store in a glass jar with a tight-fitting lid in a cool dry place shake before using,2.0,1.0,1.0,1.0,5.5,1.0
139220,roast chicken with orange  lemon   ginger,"lemon, roasting chickens, lemon, zest of, orange, zest of, fresh gingerroot, salt & freshly ground black pepper, olive oil, fresh lemon juice, fresh orange juice, honey, orange section","preheat an oven to 400f cut the lemon into quarters rub the outside of the chicken with one of the lemon quarters then discard in a small bowl , stir together the lemon and orange zests and 1 tablespoon of the grated ginger rub this mixture evenly in the cavity and put the lemon and orange quarters inside the bird place the chicken on a rack in a roasting pan sprinkle it with salt and pepper in the now-empty small bowl , combine the melted olive oil , lemon and orange juices , honey , and the remaining 2 tablespoons ginger and mix well place the chicken in the oven on its side and roast about ten minutes turn on its other side and roast ten minutes more turn oven down to 350f and turn chicken so it is roasting breast side up and roast till done--about another 40 minutesuntil the juices run clear when the thigh is pierced with a knife , about 1 hour baste with the citrus juice mixture at least 4 times during cooking transfer to a serving platter and let rest for 10 to 15 minutes variation: use 4 tablespoons pomegranate juice in place of the lemon juice",6.5,4.5,4.5,5.5,7.0,5.5
91812,pasta  tomato and lentil soup,"olive oil, onions, garlic, celery, bacon, green lentils, tomatoes, chopped tomatoes, bay leaves, thyme, chicken stock, macaroni, fresh parsley, parmesan cheese","heat oil in large heavy bottomed casserole add onion , garlic , celery and bacon cook stirring over low heat for 10-15 minutes until vegetables soften add lentils and stir well to coat in oil add fresh and canned tomatoes bring to boil add bay leaves , thyme and stock simmer for about 40- 60 minutes or until the lentils are cooked cook the pasta in boiling water until al dente , drain serve the soup in bowls , garnish with parsley and sprinkle with parmesan",5.0,6.0,4.5,5.0,9.0,5.0
3168,italian chicken breasts,"kraft 100% parmesan cheese, dry breadcrumbs, dried oregano leaves, parsley flakes, paprika, salt, black pepper, boneless skinless chicken breast halves, butter","heat oven to 400 degrees f spray 15x10x1-inch baking pan with no stick cooking spray mix cheese , crumbs and seasonings dip chicken in butter coat with crumb mixture place in prepared pan bake 20 to 25 minutes or until cooked through",5.0,6.0,6.0,5.5,6.0,3.5
274551,buffalo chicken filled tortilla cups,"hot sauce, butter, rotisserie-cooked chicken, sour cream, blue cheese, salt & freshly ground black pepper, chives, tortilla chips","place a small sauce pot over low heat , add hot sauce whisk in the butter until melted in a medium-size bowl , mix the pulled chicken with the hot sauce mixture and set aside in a small mixing bowl , mix the sour cream and blue cheese and season with salt and pepper to assemble the cups , place a spoonful of the buffalo chicken mixture in a tortilla cup and put a little dollop of the blue cheese sour cream on top sprinkle with chives and serve",6.5,8.0,7.0,7.0,6.0,3.0
417848,chili potato salad,"red potatoes, corn kernels, celery, red onion, red bell pepper, salad oil, cider vinegar, chili powder, garlic clove, hot pepper sauce, salt and pepper","in a large bowl , combine potatoes , corn , celery , onion and bell pepper add oil , vinegar , chili powder , garlic and hot pepper sauce season to taste with salt and pepper if made ahead , cover and refrigerate for up to 1 day serve cold or at room temperature",5.5,4.5,5.5,4.0,7.0,3.0
509097,cheddar cheese bacon wrapped chicken breast at its best,"boneless chicken breasts, bacon, salt, pepper, garlic powder, onion powder, paprika, water, onion, cheddar cheese","preheat oven to 350 add water to a baking dish place onions in water wrap each chicken breast with a slice of bacon make sure ends of bacon are faced downwards when placed on cookie sheet once all chicken breasts are wrapped with bacon and placed on cookie sheet on top of onion slices , sprinkle the top of chicken with an even amount of each dry ingredient starting with salt , pepper , garlic powder , onion powder then paprika bake for 20 minutes by this time , if the water is evaporated add a little more flip over and sprinke the tops of chicken breasts with all dry ingredients again cook for an additional 20 minutes by this time , again , water should be gone add cheese to the top of each piece of chicken and bake for an additional 5 minutes or until cheese has melted enjoy !",5.5,7.0,6.5,6.5,6.5,4.0
334309,peanut butter clusters,"peanut butter chips, milk chocolate chips, dry roasted peanuts, potato chips","in microwave safe bowl , melt peanut butter chips and chocolate chips , stir until smooth stir in peanuts and potato chips and drop by level tablespoonfuls onto waxed paper-lined baking sheets refrigerate until firm store in airtight container",5.0,5.5,7.0,7.5,2.5,2.0
10483,homemade crock pot macaroni   cheese,"macaroni, oil, evaporated milk, milk, salt, sharp cheddar cheese, butter, onions",toss cooked macaroni in 2 tablespoons oil in large bowl add all remaining ingredients pour into lightly greased crock-pot stir well cover and cook on low for 3-4 hours stir occasionally,4.5,6.0,7.0,8.0,5.5,3.0
108072,carrot cake  cake mix,"carrot cake mix, water, vegetable oil, eggs, crushed pineapple with juice, nuts, raisins","preheat oven to 350 degrees grease and flour a bundt pan i use bakers joy spray beat cake mix , water , oil , eggs and pineapple on low speed 3 minutes stir in nuts and raisins pour into prepared pan bake for 50-55 minutes or until toothpick comes out clean cool in pan 15 minutes remove from pan and cool on wire rack cool at least 1 hour before frosting",6.0,3.0,6.5,6.5,5.0,3.5
125282,weight watchers  monte cristo sandwiches,"egg, egg white, nonfat milk, dijon mustard, whole wheat bread, gruyere cheese, skinless turkey breast","beat the egg , egg white , and milk in a pie plate or wide , shallow bowl spread the mustard on 4 slices of bread layer with cheese and ham , top with remaining slices of bread , press together tightly spray a large nonstick pan with spray heat one at a time , dip the sandwich in the egg mixture to coat then place them on hot skillet cook , pressing down with spatula , till lightly brown on both sides , 4 minutes aprox , each side serve at once",5.2,5.5,3.0,5.0,5.0,3.5
304165,omelets in a bag,"eggs, ham, cheese, salt, pepper, onion","fill a pan half full with water , the size of pan will vary depending on number of omelets being made start to bring water to a boil while doing the following directions put two eggs into a quart size ziplock bag mush eggs while they are in the bag add any ingredients you desire , examples listed above press out air and seal bag place closed bag in boiling water boil for 13 minutes carefully remove bag from boiling water open bag and slide omelet onto a plate eat and enjoy",4.0,5.5,4.0,5.0,4.0,2.5
292261,cleochatra s oopsie rolls,"eggs, splenda granular, salt, cream of tartar, cream cheese","preheat oven to 300f separate the eggs and add splenda , salt , and cream cheese to the yolks use a mixer to combine the ingredients together in a separate bowl , whip egg whites and cream of tartar until stiff using a spatula , gradually fold the egg yolk mixture into the white mixture , being careful not to break down the whites spray a cookie sheet with non-stick spray and spoon the mixture onto the sheet , making 6 mounds flatten each mound slightly bake about 30 minutes let cool on the sheet for a few minutes , and then remove to a rack and allow them to cool store them in a bread sack or a ziplock bag to keep them from drying out makes 6 @ about 85 calories a piece , >1 carb per",4.5,3.0,5.0,4.5,3.5,4.5
62550,a salad of arugula  rocket   cherry tomatoes and sesame seed,"arugula, cherry tomatoes, toasted sesame seeds, olive oil, red wine, balsamic vinegar, honey, coriander",put the arugula and cherry tomato halves into a large bowl keep in refrigerator until ready to serve whisk all the dressing ingredients until emulsified and dress the salad toss well to coat and distribute amongst 4 salad plates sprinkle sesame seeds over top,6.5,1.2,4.5,2.5,5.5,2.0
102017,no yolks noodles and chicken teriyaki,"no yolks egg noodle substitute, broccoli coleslaw mix, oil, chicken breasts, green onions, garlic, chicken broth, teriyaki sauce, cornstarch, red pepper flakes","cook no yolks to package directions add broccoli slaw at 4 minute mark , return to boil and cook for additional 2 minutes drain and keep warm in large frying pan , stir fry meat in oil until browned about 5 minutes push meat to one side and add onion , garlic , cook 1 minute mix 2t chicken broth and the cornstarch in a small bowl , whisk until smooth , pour into garlic and onion mixture add remaining broth , teriyaki sauce and red pepper to pan and cook , stirring constantly until mixture thickens and boils serve immediately over noodle broccoli mixture",5.5,7.5,4.5,5.0,7.0,4.5
208730,one dish kielbasa  green beans   potatoes,"kielbasa, green beans, potatoes, onion, chicken broth, salt, black pepper","cut kielbasa into 1"" chunks and place in dutch oven or large pan add enough water to completely cover the meat and cook on high till it comes to a boil meanwhile , peel potatoes and the onion , and cut into eighths drain the green beans let kielbasa boil for 2 minutes to extract the grease lower the heat and skim off all grease and foam discard turn heat to high again and add vegetables , chicken broth and seasonings to pot stir to combine if necessary , add enough water to bring the liquid level to about 1"" below top of the ingredients bring to a boil lower heat to simmer and cover cook for 20 minutes serve in soup bowls with crusty bread , which is delicious dipped into the broth",4.5,7.0,5.0,5.5,4.5,3.5
242217,cream of peppers and tomatoes,"butter, red bell pepper, green bell pepper, chicken broth, flour, cream of tomato soup, salt and pepper","in a casserole , melt 2 teaspoons of butter brown the peppers 5 minutes pour 1 cup of chicken stock let boil 4 minutes mix in a blender and set aside in a casserole , melt the remaining butter add the flour and stir add the mixture of peppers and the remaining chicken stock bring to a boil by stirring continuously add the cream of tomatoes simmer 5 minutes add salt and pepper and it's ready to serve !",4.5,5.5,4.5,4.0,5.0,4.0
213526,chicken smothered in garlic,"boneless skinless chicken breasts, olive oil flavored cooking spray, garlic, chopped tomatoes, white wine, chicken broth, tarragon, marjoram, salt and pepper","preheat oven to 350f saute chicken in pan with olive oil spray til golden outside lay chicken breasts in roasting pan in a single layer lay blanched garlic over chicken breasts whisk together tomatoes , wine , broth , tarragon and marjoram and pour over top of chicken and garlic season with salt and pepper bake for 45-50 minutes served with garlic roasted potatoes , green beans and a loaf of crusty homemade herb bread",5.0,4.5,2.5,4.0,6.5,4.0
17347,chicken and spaghetti bake,"spaghetti, celery, onion, butter, cream of celery soup, milk, chicken, tomatoes, breadcrumbs","cook spaghetti according to package instructions in large skillet , cook celery and onion in butter until soft blend in soup and milk add chicken and tomatoes add the cooked spaghetti put in a 3 quart casserole combine crumbs and butter , sprinkle on top bake at 350 for 30 minutes",4.5,5.5,5.0,5.5,6.0,4.5
311508,authentic hong kong roast chicken,"cornish hen, salt, five-spice powder, pepper, oyster sauce, soy sauce","rub salt , oyster sauce , and soy onto the skin of the chicken rub salt , 5 spice powder and pepper to the stomach cavity of the chicken leave overnight in the refrigerator leave at room temperature for 1 hour bake or broil 15 minutes then turn over cook the other side for another 15 minutes dig in ! good with hot rice",5.5,8.0,4.0,5.0,4.5,5.0
606,fabulous oxtail,"oxtails, carrots, onions, celery, olive oil, butter, flour, plum jam, brown sugar, beef stock, red wine, salt & pepper","trim fat from the ox tails and cut into sections between the joints peel the carrots and onions , trim the celery and cut into even-sized pieces about heat the oil and butter in a frying pan and brown the oxtail well on all sides transfer the meat to a large casserole add the vegetables to the pan and toss regularly until they are well browned add the flour and cook for 2 - 3 minutes until flour begins to brown lightly add the plum jam , vinegar , sugar , beef stock , red wine and bouquet garni and stir well to make a smooth mixture bring to the boil and then pour over the oxtail cover and cook at 150 c for 3 hours until the meat is very tender and falling off the bone taste the sauce and season with salt and pepper if needed if possible , leave the casserole to stand overnight to allow the fat to rise and set skim off fat and re-heat serve with creamy mashed potatoes with chopped parsley cheers , doreen doreen randal , wanganui new zealand",5.5,5.0,7.0,8.5,8.0,7.0
118085,restaurant s  corn tortillas,"masa harina, all-purpose flour, water",mix all ingredients in a bowl and form a dough take a handful of masa and make tortillas in your tortilla press cook on a teflon protected skillet or grill on both sides,4.0,1.2,1.5,2.0,1.5,3.5
465650,cheesy broccoli casserole  low carb,"frozen broccoli florets, cream cheese, cheddar cheese, green onions, salt and pepper, bacon","preheat oven to 350 cook the broccoli until tender-crisp drain very well put in a greased 2-quart casserole mix in the cream cheese , cheddar , green onion , salt , pepper and bacon bake for 20-30 minutes , until bubbly",5.0,6.5,7.0,7.0,4.5,3.0
238981,orange chicken skewers,"orange juice concentrate, cider vinegar, soy sauce, sesame oil, minced garlic cloves, ground ginger, salt, hot sauce, honey, boneless chicken breast","in a big bowl , mix together orange juice , cider vinegar , soy sauce , sesame oil , garlic , ginger , salt and hot sauce pour 1 / 4 cup of the marinade in a bowl , add honey and mix well set aside add the chicken cubes to the marinade without honey and toss to coat cover the bowl with saran-wrap and let marinate in the fridge for 4 hours preheat the bbq to medium-high heat on skewers or on soaked wooden skewers , thread chicken equally onto each skewer ligthly oil the grill and put the chicken skewers and baste with the marinade close the cover and cook for 10 minutes baste the skewers with a little bit of the honey marinade you set aside and cook 1 minute more turn the skewers , baste with the remaining honey marinade and cook 1 minute more or until the chicken is not pink inside",6.5,6.5,4.0,4.5,7.0,6.0
93774,hot stuffed cremini mushrooms,"cremini mushrooms, jalapeno, onion, parmesan cheese, garlic cloves, italian breadcrumbs, butter, salt and pepper","preheat oven to 400 degrees mix jalapeno , onion , garlic , and 1 / 4 cup parm into butter place caps on a bake sheet and season to taste w salt / pepper fill caps with butter mixture sprinkle remaining 1 / 4 parm over all the caps sprinkle 1 / 4 of bread crumbs over the parm coated caps bake for 15 minutes or until mushrooms give up juices broil to crisp up topping if not to satisfaction serve and enjoy !",6.0,5.5,7.0,6.0,5.5,3.5
82867,garlic asiago mashed potatoes,"potatoes, milk, sour cream, butter, salt, white pepper, garlic, asiago cheese, scallions","cook potatoes in boiling water for 12-15 minutes or until fork-tender drain mash potatoes using a potato masher or ricer add the warmed milk , sour cream , butter , salt , white pepper , and garlic , mixing well sprinkle in the shredded cheese and scallions , stirring until cheese starts to melt and incorporate serve hot",4.8,5.5,7.0,6.5,6.0,4.0
370638,warm apple cake  optional   with creamy caramel sauce,"all-purpose flour, sugar, baking soda, cinnamon, salt, egg, apples, walnuts","combine flour , sugar , baking soda , cinnamon and salt in a large bowl set aside mix together egg and apples add to flour mixture stir in walnuts spread in a lightly greased 8""x8"" baking pan bake at 350f degrees for 25 to 30 minutes , until a toothpick inserted near center comes out clean serve warm , drizzled with caramel sauce",5.0,3.0,4.0,5.5,5.5,3.0
209351,yankee cheater pulled pork,"pork shoulder, tomato sauce, chipotle chiles in adobo, beer, balsamic vinegar, honey, brown sugar, seasoning salt","puree chipotle peppers with adobo sauce until smooth place pork shoulder in a large crock pot open beer and drink half combine other half with tomato sauce and pureed peppers pour over pork set slow cooker to low and let it cook for at least 12 hours once pork is falling apart , remove from liquid , wrap with foil and set aside remove fat layer from liquid with a gravy separator or a turkey baster in a medium saucepan , simmer liquid on a med-low heat to reduce by a third once liquid has reduced , add remaining ingredients and simmer until it thickens a little bit adjust seasoning to taste pull apart pork with 2 forks or your hands , be sure to remove any excess fat and bones if any i put meat back into my crock pot on the warm and then add the sauce and stir it all up serve on a warm roll or bun with some cole slaw",5.0,5.5,7.0,8.0,6.0,6.5
363553,grilled chicken barley salad,"chicken breasts, pearl barley, green beans, cherry tomatoes, red onion, basil, olive oil, lemon juice, wine vinegar, dijon mustard, oregano, thyme, salt, pepper","vinaigrette: whisk oil , lemon juice , vinegar , mustard , seasonings , salt and pepper chicken: marinate chicken using 2 tbsp of vinaigrette coat for 10 min and up to 8 hours if you want to prepare ahead grill chicken until done and cut into bite size pieces salad: cook barley in boiling water for 10 min add green beans and cook until tender crisp and barley is tender for approx 10 minute drain and toss with remaining vinaigrette add chicken cubes , tomatoes , onion and fresh basil toss to combine serve",6.5,4.5,4.5,4.5,9.0,5.5
11668,ham cole slaw salad,"sour cream, honey, dijon mustard, cooked ham, cabbage, carrot, green onion, golden raisin, pecan pieces",whip together part 1 toss together part 2 add 1-2 and top with 3,5.2,6.5,5.0,4.5,6.0,2.0
188389,linguine with broccoli and bay scallops,"broccoli florets, linguine, butter, garlic, bay scallop, salt, pepper, parmesan cheese","peel broccoli stems and cut into 1 / 4 inch thick slices blanch broccoli in boiling salted water , drain and refresh under cold water , drain and set aside cook linguine til al dente in a large pot of boiling water drain well and toss with 1 / 4 cup butter heat remaining 1 / 2 cup butter in a large skillet add garlic and saute till softened add scallops , salt and pepper saute 3 minutes or till scallops are opaque add broccoli and heat 1 minute add pasta and heat through add cheese and serve at once",6.0,5.0,8.0,7.0,5.5,4.5
135544,baked apricot brie,"brie cheese, apricot preserves, slivered almonds",preheat oven to 400f place cheese in small baking pan spread top of cheese with preserves sprinkle with almonds bake about 10 to 12 minutes or until cheese begins to melt and lose its shape serve hot with assorted crackers refrigerate leftovers reheat before serving,6.0,5.0,7.5,8.0,2.0,2.0
113687,cheese enchiladas for oamc,"corn tortillas, cheddar cheese, monterey jack cheese, sour cream, onion, garlic, tomato sauce, green chilies, ground cumin","mix 2 cups cheddar , 2 cups monterey jack cheese , sour cream , onion and garlic spoon about 1 / 2 cup cheese mixture down center of each tortilla roll up place seam sides down in ungreased oblong baking dish , 12 x 7 1 / 2 x 2"" mix tomato sauce , chilies and cumin spoon tomato mixture lengthwise down center of each enchilada sprinkle 1 cup cheese over tomato mixture freeze to cook: thaw then bake at 350f uncovered until cheese is melted and filling is bubbly , about 20 minutes",5.5,6.5,7.0,7.5,6.0,4.0
22266,spinach cheese kugel  low fat,"frozen chopped spinach, white cheese, low fat cottage cheese, eggs, matzo meal, salt, nutmeg, pepper, lemon juice","defrost spinach add white cheese or yogurt and stir add the rest , reserving 1 / 2 cup matzo meal spread in greased 9"" x 13"" pan sprinkle with remaining matzo meal cover and bake 35 minutes at 375f degrees uncover and bake 10 minutes longer",4.5,4.5,4.0,5.0,6.0,3.5
27460,mmm ham,"boneless ham, apple jelly, dijon mustard, ginger, brown sugar","place ham in baking pan bake at 325 for 45 minutes mix the jelly , dijon mustard , ginger and brown sugar in a saucepan cover over low heat until jelly melts , stirring occasionally remove the ham from the oven pour jelly mixture over the ham bake 30 more minutes",5.5,8.5,5.0,6.5,3.5,3.5
29586,texas zucchini wraps,"flour tortillas, zucchini, green onion, fresh oregano, garlic, monterey jack cheese, salt and pepper, olive oil","combine all of the ingredients in a large bowl and mix thoroughly heat oil in saut pan add vegetable mixture and cook until zucchini is just tender spoon 3 to 4 tablespoons of the vegetable mixture onto a tortilla sprinkle with cheese optional: add salsa , hot sauce or sour cream roll tortilla into a""wrap"" and serve while warm i also made these last night using left over smoked turkey that we have and it was wonderful",5.5,5.0,4.5,4.5,5.5,3.0
55737,orange jello salad,"orange jell-o, cream cheese, marshmallows, milk, crushed pineapple, mandarin oranges, mayonnaise, cool whip","cream jello and cream cheese until creamy heat milk and marshmallows in saucepan until marshmallows dissolve add to jello mixture , stirring to combine add pineapple and oranges drained fold in cool whip and mayo refrigerate until set , around 2 hours or overnight",4.5,3.0,6.5,6.5,5.5,3.0
30420,spiced chai,"water, milk, green cardamom pods, black peppercorns, cloves, cinnamon sticks, star anise, nutmeg, fresh gingerroot, tea bags, honey, vanilla extract","mix together water and milk in large saucepan bring to a boil add cardamom pods , peppercorns , cloves , cinnamon stick , anise , nutmeg , ginger root , and tea remove from heat and steep for 15-20 minutes , according to how strong you like your tea carefully strain tea through strainer into another pot to remove spices stir in honey , mixing well to dissolve mix in vanilla extract pour into cups and serve warm , or chill and serve cold",5.0,1.0,2.5,2.5,7.0,2.5
190135,chicken or turkey tetrazzini casserole,"thin spaghetti, butter, onion, garlic, jalapeno pepper, fresh mushrooms, whipping cream, cooked chicken, condensed cream of mushroom soup, condensed cream of chicken soup, condensed cream of celery soup, sour cream, parmesan cheese, cheddar cheese, frozen peas, fresh ground black pepper","set oven to 350 degrees f butter a 13 x 9-inch casserole dish cook the pasta in a large pot of boiling water until al dente drain , then transfer to a large bowl add in whipping cream and all three canned soups , cooked chicken or turkey , sour cream , parmesan cheese , 1-1 / 2 cup grated cheddar cheese and frozen peas toss well to combine in a large skillet melt butter add in the mushrooms and cook until all the liquid is removed to the skillet with the mushrooms , add in onions , garlic and jalapeo pepper saut until onions are soft add to the soup mixture using a wooden spoon mix all ingredients together until well combined season with seasoned salt and pepper transfer to prepared baking dish cover with foil and bake about 30-35 minutes uncover and sprinkle with about 1 cup grated cheddar cheese , return to oven and bake until cheese is melted",5.0,7.0,8.5,9.0,10.0,5.0
146243,fragrant coconut lime   ginger fish bake,"garlic cloves, fresh coriander, fresh ginger, hot chili peppers, red onion, cumin, ground coriander, cumin seed, garam masala, ground turmeric, white fish fillets, coconut cream, lime, juice of","in a frying pan saute the garlic , onion , ginger and chillies until soft add the spices and more oil if necessary blend the fried food with the coriander and juice of one lime leaving out the fish and coconut cream leave overnight take your fish fillets and cut in half so you should have 8 serves smother the marinade over the fish generously leave to marinade at least for four hours best overnight take some aluminium foil , break off enough to make a loose parcel to hold the fish get your coconut cream and on the foil put 2 to 3 tablespoons of the coconut cream , place one fish fillet on top , join up the foil allowing for a lot of space cook on the barbq of in a hot oven for about 10-15 minutes the fish steams itself in the coconut cream - this is so yummy a great dinner party dish - serve with plain rice , mango salsa and a dry white wine",6.5,4.0,7.0,6.5,9.0,7.0
50894,andouille stuffed pork tenderloin with rosemary butter glaze,"pork tenderloin, olive oil, unsalted butter, onions, celery, bell pepper, andouille sausage, butter, garlic, tabasco sauce, chicken stock, fresh breadcrumb, fresh rosemary, veal stock","melt the butter in a large skillet over high heat add half each of the onions , celery , and bell pepper , and saute until lightly browned add the remaining onions , celery , and bell pepper , along with the andouille , butter , and tabasco saute about three minutes add the chicken stock and bring to a boil reduce to a simmer and cook until most of the fat rises to the surface skim this off , and cook until all the liquid has been absorbed , but the mixture is still moist stir in the bread crumbs to combine completely turn the mixture out onto a sheet pan to cool with a knife-sharpening steel or the handle of a wooden spoon , push a hole into the large end of the pork tenderloin , going in as deep as you can pack this hole with the cooled stuffing heat up a grill or a large cast iron skillet , and sear the outside of the stuffed tenderloins do not cook through yet you can prepare the dish up to this point and hold it in the refrigerator for later use the same day let cool to finish the stuffed pork , slice the tenderloin into discs about three-fourths inch thick coat lightly with flour , salt , and pepper heat the olive oil in a skillet on top of the stove and put the pork discs in put the skillet into a preheated 400-degree oven , and cook until medium--about six minutes--turning once remove pork and keep warm make the sauce in the skillet in which the pork was roasted melt 1 tbs of the butter , and saute the garlic and rosemary for about two minutes add the veal stock or demi glace bring to a boil , then remove from the heat whisk in the remainder of the butter to create an emulsified sauce spoon the sauce onto the plate and place the pork discs on top",8.0,7.0,8.0,8.5,10.0,8.0
158765,cheesy bacon baked potatoes,"baking potatoes, bacon, onion, green pepper, sliced mushrooms, cheddar cheese, milk, butter, egg, salt","scrub potatoes , pat dry and pierce with a fork bake at 425 for 55-65 minutes or until soft while potatoes are baking , cook bacon in a skillet until browned , cool and crumble in 2 tbsp of bacon grease , saute onion and green pepper until still tender crisp , then add mushrooms and saute until mushrooms are cooked , then set aside when potatoes are cooked , cut a slice from the top of each scoop out the flesh , keeping the shell intact mash potato , adding 1 cup of the cheese , milk , butter , egg , salt , vegetable mixture and half of the bacon spoon mixture into the shells , top with remaining cheese and bacon bake at 350 for 20 minutes or until slightly brown on top",5.8,6.5,7.0,7.5,6.5,5.5
235046,ground turkey or chicken patties,"ground turkey, butter flavored cracker, onion flakes, poultry seasoning, garlic salt, dried thyme, black pepper, olive oil","in a large bowl , mix ground turkey or chicken , crushed crackers , onion flakes , poultry seasoning , garlic salt or garlic powder , thyme , and black pepper shape into six patties each about 1 / 2 inch thick and 3 inches in diameter or other size as desired adjust cooking time if changing size or thickness of patties heat oil in a large nonstick skillet over medium-high heat add patties and cook on all sides for a total of 10 minutes or until nicely browned and internal temperature reaches 160 degrees fahrenheit on an instant-read thermometer or , cut into one cooked patty to make sure it is no longer pink inside",4.8,5.5,5.0,4.5,5.5,3.0
100555,yorkshire strata  for leftover pot roast,"cooked beef, potato, carrot, diced onion, water, beef gravy, worcestershire sauce, onion powder, garlic powder, margarine, milk, eggs, flour, salt, pepper","combine meat , vegetables , water , 1 / 4 c gravy , 1 t worcestershire sauce , 1 tsp onion powder and 1 / 4 tsp garlic powder , and set aside put margarine in a deep-dish 10 inch pie plate and place in a cold oven turn heat to 425 degrees puree milk , eggs , flour , salt and pepper in a blender container at high speed for 45 seconds remove pie plate from the oven and pour the batter in the plate spoon meat and vegetable mixture into the center of the pie plate place in oven for 30 minutes , being careful not to open oven door during that time while casserole is baking , heat remaining 1 c gravy with remaining 1 tsp worcestershire sauce , 1 / 2 tsp onion powder and 1 / 2 tsp garlic powder until hot serve casserole topped with gravy",5.0,6.5,5.5,6.5,9.0,5.0
335732,vegan brown rice pudding,"water, brown rice, non-dairy milk substitute, raisins, brown rice syrup, vanilla, cinnamon, ground ginger, ground nutmeg","in a medium saucepan , place the water , and bring to a boil add the rice , cover , reduce the heat to low , and simmer for 35 minutes or until all of the water has been absorbed add the remaining ingredients , stir well to combine , and continue to cook the mixture over low heat until all of the liquid has been absorbed transfer the mixture to a bowl and place the pudding in the refrigerator to chill top individual servings with a little additional cinnamon before serving , if desired",4.2,1.5,2.0,3.5,5.5,3.5
104429,country frittata,"olive oil, potato, ham, garlic, eggs, salt and pepper, parmesan cheese","preheat oven to 350 in a 12"" non stick skillet with oven proof handle , heat olive oil until hot and add the potatoes , ham and garlic saute just until browned in a bowl , whisk eggs and pour over the potato mixture season with salt and pepper and cook over medium low heat , occasionally sliding a spatula around the edge of the pan to loosen the frittata as it cooks when nearly set , sprinkle with cheese and place in oven for 2 to 4 minutes or until evenly set and slightly golden",5.5,5.5,5.0,5.5,5.0,4.0
281356,fresh tomato and basil pasta with toasted pine nuts,"penne pasta, olive oil, onion, garlic cloves, plum tomatoes, fresh thyme, fresh basil, salt, fresh ground pepper, pine nuts","in large pot boil pasta until al dente drain in heavy skillet , over medium heat , heat oil add onion and garlic saute until tender add tomatoes and thyme cook stirring frequently , until tomatoes are hot , yet still retain their shape and most of the liquid has evaporated , about 5 minutes remove and discard fresh thyme sprig , if used add basil and drained pasta toss until heated transfer to serving bowl season to taste with salt and pepper and sprinkle evenly with pine nuts",5.8,4.0,4.5,4.5,6.5,4.0
51902,moroccan vegetable stew,"olive oil, onion, garlic, carrot, red pepper, celery, ground ginger, ground cinnamon, ground cumin, dried oregano, ground cayenne pepper, ground turmeric, vegetable stock, chopped tomato, chickpeas, zucchini, black olives, lemon juice, salt, sliced almonds","in a good size dutch oven fry the onion , garlic , carrot , pepper and celery in the olive oil for 1 to 2 minutes add all the dry spices and stir-fry this for 1 minute more to this add the stock and the tomatoes , simmer for 10-15 minutes then add the chickpeas , zucchini and the olives , bring to a simmer , cover and cook until the zucchini is cooked , probably another 10-15 minutes add lemon juice , taste , stir in the almonds and serve",6.0,4.5,3.5,4.0,10.0,4.5
320787,easy pork chops,"butter flavored cracker, garlic salt, black pepper, eggs, pork chops, butter","preheat oven to 375 degrees fahrenheit in shallow bowl combine crushed crackers , garlic salt and pepper mix well in a separate bowl beat eggs dip pork chops in beaten egg and then into cracker mixture place the pork chops in a casserole dish place chunks of the butter around the pork chops cover with foil paper bake for 30 minutes remove foil and bake for another 15 minutes",5.0,6.0,7.0,6.5,4.0,3.5
158629,yo oatmeal,"plain fat-free yogurt, steel cut oats, berries, splenda sugar substitute","mix together yogurt , oatmeal and splenda in a bowl cover and refrigerate over night add berries and stir in before eating",4.0,1.3,1.5,2.5,2.5,1.2
125549,quick pickles,"sugar, vinegar, salt, celery salt, dill seed, cucumbers, onion","stir sugar in the vinegar until dissolved add salt , celery salt , and dill seed , mixing together pour over cucumbers and onions stir and push under liquid let stand for 24 hours put in jars and refrigerate no need to can , just keep in refrigerator they will keep indefinetely in refrigerator",4.5,6.5,1.0,1.5,4.5,2.0
185322,anise balls,"crisco, sugar, eggs, anise oil, flour, baking powder","cream together crisco , sugar , eggs and anise oil add flour and baking powder mix well refrigerate 1 hour drop by small spoonfuls onto greased cookie sheet bake at 350 degrees for 15 minutes i like to frost them with a french vanilla or buttercream frosting if i am using frosting from a can , i frost them when ready to eat at christmas , i use red or green frosting",5.0,2.0,7.0,6.0,4.0,4.0
148785,authentic nanaimo bars,"unsalted butter, granulated sugar, cocoa, egg, graham cracker crumbs, coconut, almonds, cream, custard powder, icing sugar, semi-sweet chocolate baking squares","bottom layer' melt first three ingredients in the top of a double boiler add egg when the butter and cocoa are warm and stir hard to cook and thicken and not let the egg scramble about 1 minute is good remove from heat stir in crumbs , coconut and nuts press firmly into an ungreased 8 x 8 pan second layer: cream butter , cream , custard powder and icing sugar together well beat until light spread over bottom layer third layer: melt chocolate and butter over low heat cool once cool enough to not melt the middle layer , but still liquid , pour over second layer , tilt pan so it is evenly covered and chill in refrigerator",6.5,2.5,8.5,9.0,7.5,5.5
21419,cheese stuffed chicken breasts,"boneless skinless chicken breasts, butter, olive oil, oil, onion, garlic, olive, sun-dried tomato, fresh parsley, fresh basil, cheese, cayenne pepper, chicken broth, white wine, green onion, pepper","in a large non-stick frying pan over med heat , saut onion and garlic in 1 tbsp of oil until soft cool add onion and garlic mixture to remaining stuffing ingredients and mix together in a medium sized bowl with a rolling pin or meat pounder , flatten chicken breasts divide stuffing equally in the centre of each breast tightly roll chicken around the stuffing , tucking in the ends seal with toothpicks in the same frying pan , add 1 tbsp each of olive oil and butter over med-high heat , brown the stuffed chicken breasts , turning several times , for 5 min reduce heat to med-low cover pan and simmer for 10 min turning occasionally remove chicken from pan and keep warm increase heat to high , add sauce ingredients and boil until liquid is reduced by half slice each breast into 4 pieces , drizzle sauce over chicken , and serve",7.0,6.0,6.5,6.5,9.5,6.5
82122,easy crock pot pulled pork,"pork roast, ginger ale","rinse the pork and loosely wrap in aluminum foil , and place in crock pot with opening on the bottom pour ginger ale over roast cook on low for 12-15 hours or until it starts to fall apart remove from pot , pull with two forks and serve with favorite bbq sauce",4.5,3.5,6.5,7.5,1.5,3.5
59015,cake decorator s frosting,"shortening, hot water, powdered sugar, salt, butter flavoring, vanilla flavoring","using electric mixer , cream shortening until very soft add salt , a little powdered sugar and flavorings alternately add water and powdered sugar , beating on medium speed until frosting is smooth after each addition do not mix on high speed as it will cause bubbles in the finished frosting for the top of the cake decorations: roses , leaves and other decorations can be made by adding tasteless food coloring paste to the frosting make decorations , place on plastic wrap on cookie sheet and cover gently with plastic wrap freeze for up to 1 month if you decide to freeze your frosted cake , do not put the decorations on it until after you have thawed both the cake and decorations , as the colored decorations will bleed into the cake frosting when they thaw defrost cake and decorations separately and then place decorations on the cake variations: for chocolate frosting , add 3 tbs powdered cocoa to the sugar mixture for lemon , omit butter and vanilla flavorings and add 3 tsp lemon extract colored frostings: frosting can be made any color you want with tasteless food coloring , but be sure to mix well after adding the coloring wedding cakes: five recipes of this frosting will decorate wedding cakes as follows: top layer 6-inch cake , middle layer 14-inch cake and bottom layer 18-inch cake this will serve 50-60 people",5.0,2.0,9.0,8.0,4.0,4.5
58210,easy slow cooker chicken dinner,"frying chicken, carrots, potatoes, dry onion soup mix, basil, chicken broth","place chicken , carrots and potatoes in slow cooker combine remaining ingredients in a bowl and pour over chicken cover and cook on high about 5 hours or on low for about 9 hours , until chicken leg and thigh come off easily when pulled",4.5,6.5,4.5,5.0,4.0,2.5
217949,hummus wrap with tomatoes and spinach,"flour tortillas, hummus, chopped tomato, fresh spinach, olive oil, sweet onion",spread half the hummus on each wrap top each wrap with half the tomato and half the spinach drizzle with olive oil add onion if desired and fold wrap to enclose the veggies,5.0,4.5,4.5,4.0,4.0,1.2
18148,baked brie with caramelized pecans,"brie cheese, sour cream, brown sugar, pecans, butter","heat oven to 350f degrees spray a small ovenproof dish with nonstick cooking spray place the brie in this dish spread sour cream over brie as though frosting a cake sprinkle top with brown sugar , then with pecans dot top with butter bake until cheese is very soft to the touch , 15-18 minutes increase heat to 425f and bake 5 minutes longer brie will be starting to melt on the bottom and the sugar will be bubbling on the top serve with bread , sliced apples and crackers",6.0,5.0,8.0,8.5,3.5,2.5
93961,grilled chicken and veggie kabobs atop sage rice,"reduced sodium soy sauce, chicken broth, balsamic vinegar, honey, extra virgin olive oil, liquid hot pepper sauce, fresh sage, ground ginger, garlic cloves, fresh ground pepper, liquid smoke, toasted sesame seeds, long grain brown rice, chicken stock, sesame oil, sesame seeds, boneless skinless chicken breasts, yellow squash, zucchini, vidalia onion, mushrooms, red bell pepper","in blender jar , combine all ingredients for the marinade except for sesame seeds blend completely , stir in sesame seeds reserve 1 cup of marinade and pour remainder over the chicken , cover and refrigerate 8 to 24 hours about 1 hour before cooking , place cut vegetables in a glass bowl and pour cup of the reserved marinade over them allow vegetables to stand at room temperature for approximately 45 minutes while vegetables marinade , bring the chicken stock for the rice to a boil along with 1 tbsp of the sage when stock boils add the brown rice , stir , cover and cook for 45 to 50 minutes warm sesame oil in small skillet , add sesame seeds and toast until lightly browned and fragrant set aside thread the chicken and vegetables onto 4 skewers alternating the chicken and vegetables grill kabobs 20 to 25 minutes over medium heat or until chicken is thoroughly cooked and vegetables are crisp tender baste frequently with remaining marinade when rice has finished cooking , stir in remaining 2 tbsp of sage and toasted sesame seeds serve the chicken kabobs over the rice the cook time does not include the marinade time for the meat",7.0,6.5,4.5,5.0,10.0,7.0
418756,chicken  tikka masala   vegan style,"vegan chicken, soy yogurt, fresh lemon juice, ground cumin, ground red pepper, fresh ground black pepper, cinnamon, salt, fresh ginger, bamboo skewers, earth balance margarine, garlic cloves, ground coriander, paprika, garam masala, tomato sauce, coconut milk, frozen peas, fresh cilantro","chop 'chicken' into 1"" cubes mix all marinade ingredients together and add the cubed gardein chicken marinate for about 1 hour soak bamboo skewers in warm water while preparing sauce for sauce , melt 'butter' on medium heat until melted add garlic and cook for 1 minute stir in coriander , cumin , paprika , garam masala and salt stir in tomato sauce and simmer for 15 minutes add peas and stir in coconut milk simmer on low heat while preparing the gardein chicken thread gardein chicken onto skewers and discard marinade broil gardein chicken , turning occasionally , to cook through for about 8-10 minutes remove gardein chicken from skewers and add to sauce and simmer for 5 minutes garnish with fresh cilantro and serve with basmati or jasmine rice",6.5,5.5,7.0,7.0,10.0,6.0
172801,easy peanut butter buttercream frosting,"unsalted butter, smooth peanut butter, confectioners' sugar, table salt, vanilla extract, heavy cream","in standing mixer fitted with whisk attachment , beat butter and peanut butter at medium-high speed until smooth , about 20 seconds add confectioners' sugar and salt beat at medium-low speed until most of the sugar is moistened , about 45 seconds scrape down bowl and beat at medium speed until mixture is fully combined , about 15 seconds scrape bowl , add vanilla and heavy cream , and beat at medium speed until incorporated , about 10 seconds , then increase speed to medium-high and beat until light and fluffy , about 4 minutes , scraping down bowl once or twice",4.5,2.5,9.0,9.0,4.0,2.5
66763,braised pork in soy sauce,"pork, vegetable oil, onion, garlic clove, soy sauce, brown sugar, water","fry meat cubes in hot oil until lightly browned add onion and garlic reduce heat and saute for 5 minutes , until onion is soft combine soy sauce , sugar , and water stir into meat mixture simmer , covered , 40 minutes",4.8,8.0,6.0,6.5,4.5,4.0
242383,roasted garlic basil pesto,"fresh basil leaves, pine nuts, parmesan cheese, garlic, extra virgin olive oil, chicken broth","slice the root end off the garlic and brush with some olive oil roast garlic , wrapped in foil at 375 for about half an hour it should be extremely soft and golden brown squeeze all the garlic from the cooled head to add to the recipe optional step--- have ready a bowl of ice water in a saucepan of boiling salted water blanch basil , a handful at a time , 2 seconds , transferring with a slotted spoon to bowl of ice water to stop cooking drain basil in a sieve and pat dry this prolongs the life of the pesto sauce and makes it better for freezing in a food processor or with an immersion blender , pure basil with remaining ingredients until smooth and season with salt and pepper makes about a cup and a half --",5.0,4.5,7.5,6.0,4.0,5.0
327584,south beach phase one  breaded chicken,"chicken breasts, ground flax seeds, chicken seasoning, egg, pecans, olive oil, light sour cream, mustard","place the egg in a bowl and scramble it cut / trim the chicken and place in the egg mixture combine ground flax seed , the chicken seasoning and pecans heat oil in a pan while the oil is heating , take the peices of chicken and dip them in the dry mixture place these ""breaded"" peices into the hot oil and cook both sides drain peices on paper towel to remove excess oil meanwhile , combine some sour cream and mustard to make a dipping sauce enjoy !",5.0,5.0,6.5,6.0,6.0,4.0
80868,gingered chicken breast,"fresh lemon juice, fresh ginger, ground black pepper, garlic, boneless skinless chicken breast halves","combine the lemon juice , ginger , pepper , and garlic in a small bowl place the chicken breasts in a bowl pour the ginger mixture over the breasts , turning once to coat cover , and refrigerate for 30 min up to 2 hours spray a large nonstick skillet with cooking spray heat the skillet on medium high until hot add the chicken cook , turning once until tender , about 8 minutes",4.8,1.5,1.5,3.0,3.5,3.0
67977,double chocolate banana snack cake,"flour, sugar, unsweetened cocoa powder, baking soda, salt, milk, banana, butter, lemon juice, vanilla, mini chocolate chips","mix together flour , sugar , cocoa , baking soda and salt make a well in the centre of the dry ingredients add milk , banana , butter , lemon juice and vanilla beat with a fork till well blended , about 2 minutes stir in chocolate chips pour into greased 9-inch square cake pan bake in preheated 350f oven 45-50 minutes or until toothpick inserted in centre of cake comes out clean cool completely and cut into squares",5.0,2.5,5.5,6.5,6.5,3.0
142354,deli chicken salad,"cooked chicken, celery, mayonnaise, seasoning salt, white pepper, tarragon","toss all ingredients in large bowl mixing thoroughly chill before serving boil chicken in water for 30 minutes with a few chunks of onion , carrot and celery one large chicken will yield about 4 cups of meat if you prefer only white meat , use breasts only when cooled remove chicken from bone , chop into pieces no bigger than a 1 / 2 an inch",4.5,6.0,6.5,5.5,4.5,2.5
55723,nana s pot roast,"french onion soup mix, cream of mushroom soup, water, beef round rump roast, vegetables","flour and brown roast on all sides mix water , soup mix and mushroom soup together add mixture and roast to dutch oven , cover tightly cook at 300deg for 2-2-1 / 2 hrs or until internal temp reaches 140deg i add carrots and celery to cook with roast for added flavor , but i cook vegetables for serving separately so they don't get too mushy",4.8,7.5,6.0,7.0,4.0,4.5
369174,roasted chicken al kabsa  saudi   gluten free,"baby chicken, olive oil, turmeric, baharat, kabsa spice mix, salt, cilantro",preheat oven to 350f de-skin the chicken season with spices and olive oil place in a roasting pan and into the oven for 40-50 minutes garnish with cilantro and serve with recipe #369045 or basmati rice enjoy !,5.5,5.0,4.5,5.0,4.5,3.0
17098,cajun bread  regular loaf,"water, white bread flour, dry milk, salt, butter, brown sugar, cajun seasoning, tomato paste, onion paste, parsley flakes, fast rise yeast",place all ingredients in your bread maker in the order given set to regular or rapid bake cycle,4.8,5.0,3.5,3.5,7.0,2.0
250015,portsmouth old city jail hot dogs,"hot dogs, bread",boil the hot dogs in 2 quarts of water for 15 minutes allow them to drain and lay a hot dog on a piece of bread no condiments are necessary enjoy !,2.0,6.5,4.0,3.5,1.5,2.0
304030,vietnamese glazed skinny pork chops,"vegetable oil, honey, fish sauce, garlic cloves, shallots, fresh ground pepper, pork chops, salt, peanuts","i didn't have any i also didn't use the peanuts b / c i forgot but honestly , i don't think you need them nor did i add the salt b / c fish sauce is pretty salty tasting combine vegetable oil with honey , fish sauce , garlic , shallots and pepper add the pork chops , coat thoroughly in marinade and refrigerate over night or place in freezer bag and freeze lightly season pork chops with salt brush grill with oil important - cook the pork over a very high heat until nicely charred and just cooked through , about 3 minutes per side scatter the peanuts on top and serve right away",6.5,7.0,4.0,5.5,6.0,5.5
285449,my favorite sub  hoagie  rolls,"dry active yeast, sugar, water, butter, salt, all-purpose flour, cornmeal, egg white, sesame seeds","dissolve sugar in water and add yeast to proof rest one to two minutes melt butter and , along with the salt , stir into yeast mixture mix in flour , 1 cup at a time until desired consistency is reached knead until very well developed your dough is finished when you can tear a small piece off , roll into a ball and stretch to form a nearly transparent ""window"" between your fingers without it tearing cover with plastic wrap and let stand until doubled in bulk lightly dust a small amount of corn meal over well-greased pans , roll your dough into long , thin ""logs"" and place about 3"" apart on the pans slash each loaf every inch and a half with a knife , brush with egg white and sprinkle with sesame seeds if desired let double in size bake in a 400f oven until golden brown",5.5,4.5,3.5,4.0,5.0,6.5
87598,awesome butter rolls,"warm water, active dry yeast, sugar, milk, butter, egg, salt, bread flour","add sugar to warm water and dissolve yeast in it when foamy , mix with warm milk , 1 / 4 c soft butter and egg add flour and salt to food processor and pulse a few times slowly add liquid ingredients through top tube with processor running and process until ball of dough forms cover and let rise in warm place until doubled in size divide dough into 12 pieces and shape , putting a piece of butter inside each roll place rolls on lightly greased baking sheet , cover and let rise until doubled brush tops with melted butter and bake at 350 for 20 minutes or until golden brown",5.8,4.7,5.5,5.5,5.0,6.0
354517,chicken with tomato basil cream sauce,"boneless skinless chicken breasts, olive oil, garlic cloves, onion, dried italian seasoning, plum tomatoes, white wine, alfredo sauce, fresh basil, salt and black pepper","season chicken with salt and black pepper in a large nonstick skillet over medium high heat , add olive oil brown chicken breasts on both sides for 5 minutes remove chicken from skillet , keep warm to the same skillet add onions , garlic and italian seasoning , stir until translucent add tomatoes and cook , until tomatoes are tender add wine or broth stir in the alfredo sauce return chicken to skillet cover and simmer until chicken is no longer pink when ready to serve sprinkle with fresh basil serve with angel hair pasta",6.0,5.5,5.0,6.5,6.5,5.0
82570,easiest pot roast ever,"roast, beef broth, cream of mushroom soup, potatoes, onion, carrots, salt & pepper, worcestershire sauce","place potatoes , onion , and carrots in crockpot rub salt and pepper into roast , to taste place roast on top of vegetables in crockpot blend together beef broth , cream of mushroom soup , and worcestershire sauce and pour over roast do not stir turn crockpot on high for about 4 hours , then low for 2 more hours if you want to start this in the morning for that evening's supper , simply turn the crockpot on low all day , then high for an hour just before supper",5.0,5.8,4.0,6.5,5.5,3.5
33516,farfalle with chicken  asparagus and blue cheese,"farfalle pasta, cooked chicken breasts, extra virgin olive oil, onion, garlic, fresh asparagus, red bell pepper, basil leaves, blue cheese","cook pasta according to package directions , rinse , drain and set aside in medium nonstick skillet , heat olive oil add onion and saut until translucent stir in garlic and cook 1 minute more add asparagus , red bell pepper , and 1 / 2 cup water cook uncovered until water evaporates and asparagus is tender , about 4-5 minutes stir in basil , pasta , and sliced chicken add salt and freshly ground pepper to taste gently blend in blue cheese and serve immediately",6.5,6.5,4.5,6.0,6.0,5.0
404277,chicken   rice chili,"cooking spray, ground chicken, rotel tomatoes & chilies, red beans, tomato sauce, low sodium chicken broth, water, chili powder, sugar, ground cumin, onion powder, salt, instant rice, sour cream, cheese","spray a large pot with cooking spray then cook the chicken until no longer pink meanwhile , blend the tomatoes & chilies in a food processor until no longer chunky mix all the ingredients except the rice , sour cream , & cheese into the pot simmer over low heat for 20 minutes add in the rice , stir & let sit for 10 minutes spoon into bowls then top with sour cream & cheese",4.5,6.0,4.0,6.0,8.0,4.5
195975,spicy spinach artichoke dip,"butter, onion, artichoke hearts, frozen chopped spinach, cream cheese, sour cream, tabasco sauce, monterey jack cheese, parmesan cheese, salt and pepper","preheat oven to 350 melt butter over medium heat in large saucepan or skillet add chopped onions and cook until tender , about 5 minutes add artichokes and spinach , cream cheese , sour cream , tabasco sauce , salt and cheeses cook until heated through pour into a quart casserole dish sprinkle remaining cheese on top place in oven until cheese is melted and slightly brown remove and serve immediately with choice of chips",5.5,6.5,7.0,8.0,6.0,4.5
475185,spiced carrot pie,"simply potatoes shredded hash browns, baking powder, salt, goat cheese, all-purpose flour, carrots, brown sugar, cumin, cinnamon, egg, heavy whipping cream, orange zest, orange juice, currants",thaw four cups of simply potatoes shredded hash browns preheat oven to 300 degrees combine all crust ingredients except the flour in a food processor until smooth add flour slowly while stirring potato mixture press crust firmly into a 9 inch pie plate bake at 300 for 30 minutes or until middle is firm to the touch while crust is baking boil carrots until soft then combine all ingredients except the currents in a food processor until smooth gently add currants let the pie crust cool for five minutes then fill with carrot filling bake at 400 for 10 minutes then 325 for 40 minutes let pie cool completely before serving add whipped cream,6.5,4.5,6.0,7.0,8.5,7.5
161845,cheesy chicken simmer,"vegetable oil, boneless skinless chicken breasts, frozen broccoli florets, condensed cream of chicken soup, velveeta cheese, cooked rice","heat oil in large skillet on med-high heat add chicken , cook 7 minutes turning after 3 1 / 2 minutes add broccoli , stir stir in soup and velveeta until well blended reduce heat to med low and simmer 7 minutes or until chicken is cooked through serve over rice",4.5,6.5,5.0,6.5,4.0,3.5
88729,angie s dad s best cabbage coleslaw,"cabbage, red onion, carrot, celery, white sugar, white vinegar, vegetable oil, salt, dry mustard, black pepper","in a large bowl , add cabbage , carrots , celery and onion sprinkle with 1 cup sugar or splenda , and toss so that it is well mixed in in a saucepan , combine vinegar , oil , salt , dry mustard , and pepper bring to a boil pour the hot dressing over the cabbage mixture , and mix well can be served once chilled but best put into a large covered container , and refridgerate for at least 24 hrs if you let sit longer it is best to pour off some of the juice before serving",5.5,5.5,4.5,3.5,6.0,3.5
32417,lime salad,"lime jell-o gelatin, boiling water, cream cheese, vanilla extract, mandarin oranges, crushed pineapple, carbonated lemon-lime beverage, pecans, cool whip","dissolve jello in water in a mixing bowl , beat cream cheese until fluffy add jello mixture beat until smooth stir in vanilla , fruit , soda , and pecans chill until mixture mounds slightly when dropped from a spoon fold in three-fourths of the cool whip pour into a 13x9 inch pan chill for 4 hours or until firm cut into squares garnish with remaining cool whip",5.0,2.0,4.0,5.5,6.0,4.0
29204,creamy seafood with angel hair pasta,"seafood, angel hair pasta, fresh mushrooms, green onion, dry white wine, garlic, reduced-calorie stick margarine, flour, skim milk, nonfat sour cream, parmesan cheese, paprika","cook pasta according to package directions , omitting salt and fat drain well set aside and keep warm combine mushrooms , green onions , white wine and garlic in a large nonstick skillet bring to a boil reduce heat , and simmer , uncovered until liquid evaporates add margarine , stirring to melt add flour and cook stirring constantly for 1 minute gradually stir in milk cook over medium heat , stirring constantly until mixture thickens and begins to boil stir in your choice of seafood and sour cream cook an additional 2-4 minutes until seafood is opaque and thorougly heated spoon over pasta sprinkle with cheese and paprika",6.0,5.5,4.5,6.0,7.5,5.5
142201,lemon cajun stir fry,"chicken breasts, red capsicum, green capsicum, onions, cajun seasoning, peanut oil, water, lemon juice, sugar, butter, cornflour","coat chicken strips with seasoning heat 1 / 2 peanut oil in wok and stir fry chicken in batches till browned and cooked through , remove from wok heat remaining oil in wok and stirfry onion , halfway through cooking add capsicum and remove all vegetables from wok sauce:mix ingredients together , add to wok and heat till thickened add chicken and vegetables , tossing till coated well with sauce and heated through",6.2,5.5,5.0,5.0,6.5,5.0
109493,county fair indian tacos,"frozen dinner rolls, ground beef, taco seasoning mix, lettuce, tomatoes, cheese","place frozen rolls on a greased cookie sheet let rise until nearly double in the meantime , brown the ground beef , drain , add taco mix and 1 / 4 cup water heat about 2"" cooking oil in skillet or frying pan stretch the dough quite thin , fry until golden brown , turning once drain on paper towel top each taco with seasoned meat mixture , layer with lettuce , tomatoes and cheese you may garnish with black olives , taco sauce and sour cream",6.0,6.0,8.0,7.0,5.5,5.5
46277,no salt seasoning,"onion powder, garlic powder, paprika, ground mustard, dried thyme, pepper, celery seed","combine all together , in a jar with a shaker top good for fish , poultry , anything you want",2.0,1.0,1.0,1.0,5.0,1.5
44191,tangerine tea,"water, tangerine juice, sugar, ground cinnamon, ground cloves, tea bags","heat water to boiling in large saucepan stir in tangerine juice , sugar , cinnamon and cloves heat to boiling simmer and stir until sugar dissolves remove from heat and add tea bags let steep 3 to 4 minutes serve immediately",4.5,1.0,1.0,1.5,4.5,2.5
45471,non dairy chocolate cake,"flour, sugar, cocoa, baking soda, salt, vinegar, canola oil, vanilla, water",sift first 5 ingredients together in an ungreased 9x13-inch pan make 3 wells and in each hole place the next 3 ingredients pour 2 cups of water over top mix with a fork or wire whisk bake at 350 for 30-35 minutes,5.0,3.0,5.0,6.0,5.0,3.5
186785,broccoli and tortellini salad,"bacon, cheese-filled tortellini, mayonnaise, white sugar, cider vinegar, fresh broccoli, raisins, sunflower seeds, red onion","place bacon in a large , deep skillet cook over medium high heat until evenly brown drain , crumble and set aside bring a large pot of lightly salted water to a boil cook tortellini in boiling water for 8 to 10 minutes or until al dente drain , and rinse under cold water in a small bowl , mix together mayonnaise , sugar and vinegar to make the dressing in a large bowl , combine broccoli , tortellini , bacon , raisins , sunflower seeds and red onion pour dressing over salad , and toss",5.5,6.5,6.5,6.5,6.0,5.0
457830,croutes aux champignons  mushrooms on toast,"onion, butter, wild mushroom, salt, pepper, dry white wine, cream, bread, parmesan cheese","preheat broiler melt the butter in a large skillet add the onion , and cook until softened , but not brown add the mushrooms , season with salt and pepper to taste cover and cook over medium heat until the juices start to run uncover , and cook until the liquid evaporates add the wine , reduce by half add the cream , stir , and let simmer a few minutes , until thickened toast the bread , and place on a baking sheet top with the mushroom mixture and grated cheese place the toasts under the broiler , just until the top starts to brown serve immediately",6.0,5.5,6.0,6.5,6.0,5.0
102191,classic beef stew in a crock pot,"bottom round steaks, all-purpose flour, olive oil, onions, tomato paste, dry red wine, potatoes, baby carrots, beef broth, kosher salt, dried thyme leaves, bay leaf, frozen peas","put the flour in a large ziploc bag add the beef and seal toss to lightly coat the beef heat a few tablespoons of the oil in a large skillet over medium-high heat brown the meat in small batches , adding more oil as necessary transfer to the slow cooker add the onions to the skillet and cook over medium heat until tender , about 10 minutes stir in the tomato paste and coat the onions then transfer to the slow cooker pour the wine into the skillet and scrape up any browned bits and then add to the slow cooker stir in the potatoes , carrots , broth , salt , thyme , and bay leaf cover and cook on low heat for 7 1 / 2 hours or on high for 4 hours add the peas and heat through before serving",5.5,5.8,5.0,6.5,7.5,5.5
164567,healthy  wraps,"flour tortillas, lean ham, low-fat cream cheese, dry ranch dressing mix, green onions, baby spinach","mix cream cheese , onions and ranch dressing mix in bowl spread 2-3 tablespoons mixture on tortilla in a thin layer place spinach leaves on tortillas place 1 slice of ham on each tortillas wrap up tortillas and put in plastic wrap refrigerate 1 hour before eating",5.0,6.0,3.5,4.0,4.5,2.0
40123,neapolitan pork chops,"boneless pork chops, olive oil, garlic, sliced mushrooms, bell peppers, crushed tomatoes, tomato sauce, white wine, salt, pepper, parsley, fettuccine pasta",brown pork chops in olive oil and garlic remove chops and saute mushrooms and peppers in the same pan add remaining ingredients along with chops and simmer covered for 1 hour serve over fettucine,5.8,5.3,4.5,5.5,7.0,5.0
177109,cream cheese and jam breakfast spread,"cream cheese, butter, jam",cream together the cream cheese and butter until well mixed add jam to your taste do not overmix or it will separate like when you add eggs to butter,3.5,3.0,8.0,8.0,1.5,1.5
114799,lapin a la cocotte   french rabbit stew,"rabbit, bacon, onions, garlic cloves, flour, beef broth, red wine, dried thyme, dried parsley, bay leaves, salt and pepper","in a large skillet or medium-sized dutch oven , cook bacon until done remove bacon with a slotted spoon and reserve for another use in the bacon drippings , cook the onion and garlic until transparent a dd the rabbit pieces and saute over medium heat until rabbit is golden sprinkle on the flour and continue to brown rabbit for another 5 minutes or so , then add the beef broth , red wine , thyme , parsley and bay leaves cover and simmer over low heat for about an hour , adding more broth if necessary salt and pepper to taste serve with mashed potatoes or buttered egg noodles",5.5,6.2,5.5,6.5,7.0,5.5
365672,gloria pitzer s olive garden style salad dressing,"italian dressing, parmesan cheese, sugar, egg, mayonnaise, oil, fresh spinach, iceberg lettuce, romaine lettuce, onion, radish","blend first 5 ingredients in blender on high speed 1 / 2 minute or until smooth pour this mixture into the top of a double boiler and add 1 / 4 cup oil stir gently with a whisk over gently boiling water until it begins to thicken and egg is completely cooked chill several hours or overnight before using if the dressing is too thick , add more italian dressing as needed mix together equal amounts of fresh spinach , iceberg and romaine lettuce allow 2 cups for each salad moisten leaves in dressing , do not saturate let stand 5 minutes add onion rings , radishes , etc",5.5,5.8,7.0,5.5,7.0,5.0
50124,cinnamon oranges,"oranges, apple, cinnamon","peel oranges , then slice crossways into rounds and arrange on a pretty plate add a few apple slices , if desired lightly dust with cinnamon and serve immediately",5.0,1.0,1.0,1.5,1.5,1.5
24979,dirt cake,"oreo cookies, cream cheese, powdered sugar, margarine, whipped topping, instant vanilla pudding, milk, vanilla","mix cream cheese , sugar , margarine and whipped topping set aside mix pudding , milk and vanilla according to pudding directions combine mixtures to make filling layer crumbs , filling , crumbs , etc in 9 x 13 inch dish refrigerate overnight",5.5,3.5,7.5,8.5,5.0,3.5
49490,roasted potatoes dijon,"dijon-style mustard, olive oil, garlic, italian seasoning, potatoes","mix first 4 ingredients in a small bowl lightly grease 13 x 9 pan or shallow baking sheet toss potatoes with mixture bake at 425 for about 40 minutes , or until tender , stirring occasionally",5.0,5.0,5.0,4.5,3.5,3.5
97229,cordon bleu stromboli,"frozen bread dough, butter, deli ham, swiss cheese, roasted deli chicken","on a lightly floured surface , roll dough into a 10-in x 8-in rectangle spread with butter top with ham , cheese and chicken roll up jelly-roll style starting with a long side pinch seam to seal and tuck ends under place seam side down on a greased baking sheet cover and let rise for 20 minute bake at 375 for 25-30 minutes or until golden brown refrigerate leftovers",6.0,7.0,6.0,7.0,3.5,5.0
42725,crock pot cajun chicken and shrimp,"skinless chicken thighs, red bell pepper, onion, celery, stewed tomatoes, garlic cloves, granulated sugar, paprika, cajun seasoning, salt, fresh ground pepper, shrimp, fresh lemon juice, hot sauce, cooked rice","put all into crock pot except for last 4 ingredients with thighs at bottom cook on low 8-10 hours or high 4-5 hours in last hour of cooking add shrimp , hot sauce , and lemon juice serve over rice",5.5,6.5,4.5,5.5,9.0,4.0
24614,m s chili,"ground beef, tomato sauce, kidney beans, pinto beans, onion, green chili pepper, celery, diced tomatoes, cumin powder, chili powder, black pepper, salt, water, beef broth","brown the ground beef , drain off fat , or even better place browned meat in a strainer and shake out extra fat combine browned meat and the remaining ingredients in a large pot simmer for 2 1 / 2 to 3 hours , stir every once in a while",4.5,6.0,5.0,6.5,8.0,4.5
87393,jalapeno and lime hummus,"garbanzo beans, olive oil, tahini, water, lime juice, garlic, jalapenos, paprika, salt",put all items into a small food processor and blend until smooth,4.5,5.0,6.0,5.0,6.0,2.0
196320,banana blondies with chocolate chips and walnuts,"flour, baking powder, salt, unsalted butter, granulated sugar, light brown sugar, vanilla, egg, banana, semi-sweet chocolate chips, walnut pieces","preheat oven to 350f grease a 13x9 inch metal baking pan in a medium bowl , combine flour , baking powder and salt in a large bowl , using electric mixer , beat butter and granulated and brown sugars until light and fluffly beat in vanilla add eggs and bananas , beating well add flour mixture and beat just until combined fold in chocolate chips and walnuts spread batter in prepared pan bake in preheated oven for 30 to 35 minutes or until light golden brown and starting to pull away from sides of pan the center will be slightly soft to the touch let cool completely in pan or rack cut into bars",5.0,3.0,6.0,7.0,6.5,4.5
24920,simply scrumptious stilton steak,"sirloin steaks, unsalted butter, onion, sherry wine, heavy cream, stilton cheese, chives","grill or broil the steaks to your liking melt butter in saucepan and cook onion until soft add sherry and boil to reduce slightly add cream and boil for 1 minute stir in the stilton cheese and chives serve steaks with sauce , baby red potatoes and fresh or frozen green beans",7.0,6.5,7.0,8.0,5.5,5.0
267050,chicken with purple onions,"boneless skinless chicken breasts, purple onions, parmesan cheese, cayenne pepper, parsley, milk, mayonnaise, white wine vinegar, worcestershire sauce","combine dressing ingredients and preheat oven to 425 degrees peel onions cut into six 1 / 2"" thick slices and place on an ungreased baking sheet save onion scraps for another use if desired trim chicken of any visible fat and place in a single layer on onion slices , trimming and filling in as needed on each onion slice drizzle about 1 tablespoon dressing mixture over each serving generously sprinkle on parmesan cheese and cayenne pepper to taste top with parsley bake at 425 degrees for about 30 minutes",5.5,5.5,5.5,6.0,5.5,4.0
31698,raspberry cream dressing,"frozen raspberries, olive oil, whipping cream, sherry wine vinegar, salt","place raspberries in a blender and process until smooth pour through a strainer into a bowl and press the mixture with the back of a spoon against the sides of the strainer to squeeze out liquid discard seeds combine the raspberry puree , olive oil , & remaining ingredients , whisking until smooth chill",5.0,4.0,7.0,6.0,3.5,3.0
20117,spaghetti sauce italiano,"olive oil, red pepper flakes, onion, green pepper, garlic, chopped tomatoes, tomato paste, mushrooms, sugar, red wine, dried basil, dried oregano, salt and black pepper","in a large pot , add red pepper flakes in olive oil , stir 1 minute saut onion and green pepper in olive oil at medium heat add garlic and saut 2 minutes add canned tomatoes , tomato paste , mushrooms , sugar , and red wine stir in spices , cover , and simmer , stirring every 15 minutes after 2 hours , add more wine if sauce is too thick and re-season sauce should cook on low heat for at least 3 hours remove from heat , cool , and refrigerate overnight the next day , heat sauce over low-medium heat add 1 lb of your favorite meatballs or sausages if adding 1 lb of meatballs and sausages , double sauce recipe serve with your favorite pasta , grated cheese , red wine , and crusty bread",5.5,5.2,4.5,4.5,8.0,6.5
198460,barley chicken casserole,"butter, onion, celery, barley, condensed cream of chicken soup, water, cooked chicken, fresh parsley, thyme, sage, tarragon","heat oven to 350 grease a 2 quart baking dish in a large skillet over medium heat , melt butter add onion and celery , cook and stir till tender add barley , cook about 2 minutes or till light golden brown , stirring frequently in a medium bowl , combine remaining ingredients add barley mixture , mix well pour into prepared baking dish cover and cook about 1 hour and 15 minutes or until liquid is absorbed stir well before serving",4.5,5.5,5.5,5.5,7.0,5.0
36007,chinese salt and pepper tofu,"firm tofu, salt, garlic powder, fresh ground black pepper, cornstarch, vegetable oil","drain the tofu: place several paper towels on a cutting board place the tofu on the cutting board , and then place a heavy object such as a plate or book on top drain the tofu for at least 15 minutes , changing the paper towels as required cut the tofu into cubes mix together the tofu with the salt , garlic powder , and black pepper , and allow to marinate for 1-2 hours in the refrigerator toss the tofu cubes with cornstarch to coat heat oil in wok or large skillet carefully add the tofu to the wok , add fry in small batches until tofu is golden drain on paper toweling , and serve hot serve with asian condiments , if desired",5.0,7.5,7.5,4.5,4.0,5.0
105452,2 ingredient   fudge,"frosting, chocolate chips","make sure you have complimentary flavors melt the chips in a microwave safe bowl , stirring every 30 seconds until smooth melt frosting until pourable , about 30 seconds mix together the chips and frosting and pour into a greased 8x8 pan chill until set , about an hour makes a very soft , smooth fudge do not use the toffee chips , as they don't melt very well try any other flavor combo you can think of",4.5,2.5,6.0,8.5,1.0,2.0
142279,jessica s turkish spinach and lentil soup,"dried lentils, water, salt, olive oil, onions, garlic cloves, cayenne pepper, bay leaves, ground cumin, ground coriander, whole tomatoes, hot chili powder, frozen leaf spinach, salt & pepper, bacon, sour cream","rinse lentils and bring to a boil in 5 cups salted water or stock once boiling , reduce heat and simmer , covered for 40 minutes while lentils boil , in a separate stock pot , heat olive oil over medium heat and saut onions and the optional bacon when the onions just begin to soften , add garlic , cayenne , bay leaves , cumin , coriander and chili powder cook for a few minutes , but don't allow garlic to brown add tomatoes and crush with a spoon to your desired consistency if lentils are ready , add them to the tomato mixture now if not , take tomatoes off heat and wait for lentils once lentils have been added to the tomatoes , simmer for 15 minutes over medium heat add salt and pepper to taste you may also want to add some more spices if you like a little more kick to it add frozen spinach and cook another five minutes if using fresh spinach , only cook for two minutes if wanted , serve with a dollop of greek yogurt or sour cream the lentils do soak up a lot of liquid , so for reheating , you may need to add more stock",5.0,5.5,4.0,4.5,9.5,5.5
91009,hamburger gravy my way,"hamburger, flour, milk, onion, salt, black pepper, worcestershire sauce, dry mustard, garlic granules, dried parsley, herbs","in a large frying pan , brown hamburger , crumbling as you go add minced onion and cook until translucent sprinkle flour over cooked beef , and stir thoroughly cook for 1-2 minutes add 2 cups milk , stir well and add all seasonings at this point simmer , adding more liquid as gravy thickens cook to desired consistancy , and serve over any style potatoes , pasta , rice , or toast",3.5,6.0,6.0,6.5,7.0,4.0
91520,vincent s lemon drop martini,"citrus-infused vodka, fresh lemon juice, cointreau liqueur, prepared sweet-and-sour mix, sugar, lemon, ice",sugar the rim of a chilled martini glass shake the liquids with ice and strain into the glass garnish with the lemon slice,7.0,1.0,1.0,2.5,4.5,2.0
226237,lemon and oregano lamb chops,"lamb chops, olive oil, garlic cloves, lemon, juice of, dried oregano","to make marinade combine oil , garlic , 2 1 / 2 tablespoons of lemon juice and oregano into a ceramic dish add lamb to marinade and turn to coat cover and refrigerate for 2 hours or overnight , if time permits , turning occasionally preheat barbecue plate onto medium-high heat remove lamb from marinade barbecue lamb , basting with marinade for 6 to 8 minutes on each side for medium or until cooked to your liking remove to plate , cover and stand for 5 minutes serve with suggested roasted vegetables and tzatziki or a simple salad",6.5,4.5,5.5,6.0,4.0,4.5
123012,boston iced tea,"water, white sugar, tea bags, frozen cranberry juice concentrate","put water in large pot , and heat on high until boiling add sugar and stir until dissolved add teabags and let steep until desired strength is acquired stir in cranberry juice concentrate , and allow to cool",4.0,1.0,1.0,2.0,2.5,2.0
117881,macaroni chili   oamc,"ground beef, onions, garlic cloves, canned red kidney beans, tomato sauce, stewed tomatoes, macaroni, water, chili powder, ground cumin, sharp cheddar cheese","in large skillet cook ground beef , onions and garlic until beef is browned drain in large dutch oven pour in meat mixture , add beans , tomato sauce , tomatoes with juices , marcaroni , water , chili powder and cumin bring to a boil , reduce heat and simmer for 10 minutes cover and simmer about 10 minutes more or until the macaroni is tender but firm place in containers , sprinkle with cheese and freeze",4.8,6.0,5.5,7.0,7.0,4.5
329910,penne a la betsy  pioneer woman recipe,"shrimp, penne pasta, butter, olive oil, onion, garlic cloves, white wine, tomato sauce, heavy cream, fresh parsley, fresh basil, salt and pepper","cook pasta to desired doneness , set aside cook shrimp in 1 tbs butter and some olive oil remove to a plate add more butter to pan , cook onion and garlic until tender put cooked shrimp on cutting board , cut into small pieces add wine to skillet , cook for 2 minutes add tomato sauce and mix well add cream and stir well , mix in cut up shrimp add cooked pasta and fresh herbs enjoy !",6.5,5.5,7.0,7.5,7.5,5.0
135673,italian marinated chicken breasts,"boneless skinless chicken breasts, italian salad dressing, oregano, parmesan cheese, salt & pepper","in a glass 9 x 11 baking dish , place cleaned and trimmed chicken breasts , and season with salt and pepper , if desired pour italian salad dressing over to coat and let marinate in the fridge for 1 hour preheat oven to 350 degrees after the hour of marinating , turn chicken breasts over and sprinkle evenly with oregano and grated parmesan cheese bake in a 350 degree oven for 1 hour , checking after 45 minutes to make sure they do not get over-cooked",5.0,6.5,5.5,5.5,3.5,4.0
406619,cupcake princess  vanilla cupcakes,"all-purpose flour, baking soda, salt, butter, milk, eggs, egg yolk, sugar, vanilla extract","preheat oven to 350 degrees line a cupcake pan with 12 paper baking cups in a medium mixing bowl stir together flour , baking soda , and salt set aside in a small saucepan heat butter and milk over low heat just until mixture is hot and butter is melted remove from heat meanwhile , in a large mixing bowl with an electric mixer on medium speed beat eggs , egg yolk , sugar , and vanilla until lightened in color and thickened on low speed gradually add flour mixture and beat until blended slowley add hot milk mixture and beat until combined divide batter evenly between cupcake liners bake until toothpick inseted into center comes out clean , about 20 minutes cool cupcakes in pan for 10 minutes transfer cupcakes to a cooling rack to cool completley",5.5,3.0,5.5,6.5,5.5,5.0
156584,ground turkey lasagna,"olive oil, yellow onion, garlic cloves, low-fat milk, lean ground turkey, salt, parmesan cheese, low-moisture part-skim mozzarella cheese, fresh ricotta, dried oregano, dried parsley, fresh rosemary, onion powder, garlic powder, ground black pepper, marinara sauce, no-boil lasagna noodles","preheat oven to 350f if no-bake or no-boil fresh noodles are used , no preparation of noodles is required if you use standard dry lasagna noodles , boil and drain , then rinse with cold water heat olive oil in large skillet over medium-high heat add onions , saute until onions are opaque and starting to brown add freshly minced garlic and 1 tsp fresh minced rosemary also add 1 / 2 of each portion of herbs and spices saute for 2 minutes add ground turkey to pan , mashing and pushing apart meat with the edge of your spatula cook until meat has begun to brown add 1 / 2 cup of milk , and simmer on medium-low heat for 5 minutes or until meat is entirely cooked mix in 2 5 cups of marinara sauce , reserving 1 cup turn off heat in a medium sized bowl , combine ricotta cheese , 1 cup of shredded parmesan , remainder of all herbs and spices mix with hands or spoon in the bottom of a standard lasagna pan , spread reserved cup of marinara sauce in a thin , even layer place a layer of lasagna noodles lengthwise in pan , slightly overlapping spread 1 / 2 of ricotta mixture in a thin , even layer over noodles spoon 1 / 3 of meat sauce over ricotta mixture add another layer of lasagna noodles , and repeat previous step add 3rd layer of lasagna noodles , and spread remaining sauce over noodles evenly mix remaining mozzarella and parmesan , and spread in a thin layer , completely covering the top of the lasagna cover in tin foil , making sure the foil is not touching the cheese bake for 20 minutes remove foil , and bake for another 20 minutes or until the cheese is bubbling and is starting to brown around the edges remove from oven and allow to cool for 10-15 minutes before slicing into 8 pieces",6.5,6.2,5.5,7.5,9.5,7.0
307618,peruvian energy balls,"puffed wheat cereal, dried dates, sweetened coconut, almonds, brown sesame seed, raisins, honey",add all ingredients to food processor and blend well hand form into small balls and place in refrigerator to harden,4.5,1.5,4.5,5.5,5.0,2.0
439605,pacific rim tenderloin,"pork tenderloin, soy sauce, light brown sugar, peanut oil, dry sherry, honey, garlic salt, ground cinnamon, brown sugar, pineapple juice, cider vinegar, ketchup, garlic powder, cornstarch, cold water, unsalted dry roasted peanuts","place tenderloin in a large zip top bag combine soy sauce and next 6 ingredients stir well pour over the tenderloin seal bag securely marinate in the refrigerator for 8 hours , turning occasionally remove tenderloin from the marinade , discarding marinade grill , covered , over medium hot coals for 20 to 30 minutes , or until the meat thermometer inserted into the thickest part of the tenderloin registers 160 degrees , turning occasionally combine 1 / 4 cup brown sugar and the next 4 ingredients in a small saucepan stir well bring to a boil combine the cornstarch and water , stirring until smooth stir the cornstarch mixture into the brown sugar mixture , and cook , stirring constantly , until thickened slice the tenderloin , and place on a serving platter sprinkle with the peanuts , and serve with the warm sauce",7.0,7.5,5.0,6.5,9.5,6.0
121583,eggs benedict casserole,"english muffins, canadian bacon, eggs, reduced-fat milk, onion powder, cooking spray, paprika, hollandaise sauce","cut muffins into 1 / 2-inch cubes set aside cut canadian bacon into 1 / 2-inch squares set aside whisk the eggs well in a 2-quart bowl whisk in milk and onion powder spray a 9-by-13-inch glass or ceramic baking dish with cooking oil spray scatter half the canadian bacon evenly in bottom of dish scatter muffin cubes on top of canadian bacon top with the remaining canadian bacon , scattering it evenly over the bread pour egg mixture over the casserole cover the dish with plastic wrap and refrigerate overnight , or at least 8 hours , to let bread absorb egg mixture preheat oven to 375 degrees f remove casserole from refrigerator and uncover it lightly sprinkle the paprika evenly over the top cover the casserole with foil and bake for 40 minutes remove dish from the oven , remove foil , return dish to the oven and continue to bake , uncovered , until the eggs are set and the bacon on top begins to crisp , about 20 minutes more remove the casserole from oven and let it stand 5 minutes before serving while casserole bakes , make easy hollandaise sauce to serve , cut casserole into squares and place them on plates spoon about 2 tablespoons warm hollandaise sauce over each serving just before serving makes 10 servings",5.5,6.5,6.0,7.5,5.0,5.5
274990,roast pork tenderloin with sun dried tomato chipotle rub,"sun-dried tomato, chipotle chile, fresh orange juice, balsamic vinegar, garlic cloves, sugar, salt, pork tenderloin, cilantro","preheat oven to 400 deg f put tomatoes , chile , orange juice , vinegar , garlic , sugar and salt in blender or food processor blend to a coarse paste place tenderloin in baking dish and rub all over with about 3 tbl of the rub roast until internal temperature reaches 140 deg , about 20 minutes remove to a cutting board and let rest five minutes slice thinly and place on plates , along with any juices sprinkle with cilantro and serve try it on seafood or poultry , or , as i let them sit overnight in some olive oil , and fished them out , saving the oil for salad dressing - i did not think the paste needed more oil then was on the tomatoes also , original recipe suggests 3 to 4 servings there were just two of us , and i have barely enough left for a sandwich , so be guided",6.5,5.0,3.0,5.0,6.0,4.0
169635,vegetarian quiche with potato crust,"frozen hash brown potatoes, olive oil, onion, red bell pepper, broccoli florets, carrot, vegetarian bacon, reduced-fat sharp cheddar cheese, eggs, evaporated skim milk","preheat oven to 375 degrees press shredded potatoes into a lightly oiled large deep dish pie pan place pie plate in oven for 10-15 minutes until the potatoes are just beginning to brown while potato-crust is cooking , work on the veggies brush fry pan with olive oil and saute the onions and peppers until onions are transparent , remove from heat cook the broccoli until slightly tender -- either by steaming for about 5 minutes or zapping in a covered microwavable dish with a splash of water for about 2 minutes beat the eggs in a bowl with the evaporated milk after removing the potatoes from the oven , sprinkle about 2 / 3 cup of the cheese over the potato crust spread the cooked onions and peppers evenly in the pie pan spread the broccoli evenly over the onions and peppers sprinkle the crumbled veggie bacon over the veggies this should basically fill the deep dish pie pan completely sprinkle the rest of cheese over the veggies carefully pour the milk and egg mixture into the deep dish pie pan place in the oven for 45 minutes or until egg is cooked and firm cool for 5 to 10 minutes before serving",6.0,5.5,5.5,6.5,7.0,6.0
308969,easy overnight ooey gooey pull apart caramel rolls,"frozen yeast dinner roll dough, butterscotch pudding mix, brown sugar, pecans, butter, cinnamon","the night before generously grease a tube pan if using a 12- cup bundt pan reduce the rolls to 12 if using the cinnamon mix with the melted butter sprinkle about 3 / 4 cup chopped nuts into the bottom of the pan place the frozen rolls into the pan around and on top of each other over the nuts sprinkle the dry pudding mix over the rolls , then sprinkle brown sugar over the pudding mix sprinkle remaining 3 / 4 cup chopped nuts over the brown sugar drizzle the melted butter over all to prevent the dough from forming a hard crust while rising cover with a lightly damp tea towel over top , or place a piece of plastic wrap very loosely over the top and allow to hang at the sides allow to rise overnight at room temperature or about 8-10 hours set oven to 350 degrees f bake for 22-25 minutes remove the pan from oven and allow to cool for 5 minutes turn the pan over and invert onto a serving plate serve by pulling apart chunks with a fork",6.0,3.5,7.0,8.5,4.5,5.0
157601,chili s chocolate chip paradise pie by todd wilbur,"all-purpose flour, baking soda, baking powder, butter, granulated sugar, egg, milk, vanilla extract, shredded coconut, sugar, graham cracker crumbs, semi-sweet chocolate chips, walnuts, cinnamon, vanilla ice cream, caramel syrup, chocolate syrup","preheat the oven to 325f combine the flour , baking soda and baking powder in a medium bowl in a separate large bowl , beat together the butter and sugar with an electric mixer continue beating for about 30 seconds or until mixture turns lighter in color add the egg , milk , and vanilla and beat until smooth slowly mix the dry mixture into the wet mixture beat until well-combined and then mix in the coconut flakes set this cookie dough aside for now melt 6 tablespoons of butter in a medium bowl in the microwave on high temperature for about 30 seconds add the sugar and stir well for 30 seconds add the graham cracker crumbs and stir press this mixture into the bottom of a 9x9-inch baking dish or pan sprinkle the cup of chocolate chips evenly over the graham cracker crust press the cookie dough into the dish , covering the chocolate chips use flour on your fingers to keep the soft dough from sticking sprinkle the chopped walnuts over the dough use your fingers to press the nuts into the dough bake for 40-45 minutes or until the edges of the pie become light brown prepare the cinnamon butter by creaming together the butter , sugar and cinnamon in a small bowl with an electric mixer on high speed when you are ready to make your dessert , heat up a small skillet over medium heat when the skillet is hot , remove it from the heat then add about 1 tablespoon of the cinnamon butter to the pan it should quickly melt and sizzle slice the pie into 9 pieces and place one into the hot skillet if the pie has cooled , you can reheat each slice by zapping it in the microwave for 30-40 seconds place a 1 / 2 cup scoop of ice cream on top of the pie drizzle 1 tablespoon chocolate and caramel syrup over the dessert and then sprinkle about 2 teaspoons of chopped walnuts over the top repeat for the remaining ingredients and serve sizzling in the skillet",7.5,3.5,8.5,9.5,10.0,7.5
28230,easy beef tips,"beef caps, cream of mushroom soup, onion soup, sliced mushrooms","combine the beef spoon into a 9x13 baking dish bake , uncovered at 300 server or egg noodles or rice",3.5,7.0,5.0,6.5,2.5,2.5
203966,curried creamed cabbage,"cabbage, unsalted butter, curry powder, salt, flour, black pepper, milk","place cabbage in saucepan and cover with at least 1"" water bring to a boil and simmer 5 minutes drain cabbage in a skillet , melt butter over lowheat , and add curry powder , flour , salt , and pepper cook , stirring , for 2 minutes remove from heat add milk slowly , while stirring to avoid lumping , and return to heat bring to a boil , stirring constantly when thickened , stir cabbage into sauce and serve hot",4.5,5.0,5.5,5.0,4.5,4.0
80538,pecan chicken with maple pecan sauce,"boneless skinless chicken breasts, buttermilk, egg, pecans, fine cracker crumb, salt, butter, brown sugar, maple syrup, water, soy sauce, cornstarch, lemon juice, orange zest, pecan pieces","to toast pecan pieces , bake in 375f oven for 4 to 5 minutes keep oven preheated for chicken: in a shallow bowl , mix together buttermilk and egg place chicken breasts in buttermilk mixture in a second mixing bowl , combine pecans , cracker crumbs and salt turn chicken breasts in buttermilk , then coat with pecan mixture place chicken breasts in a greased shallow baking dish and drizzle with melted butter bake in preheated oven for 45 to 50 minutes or until chicken is no longer pink inside serve with maple pecan sauce maple pecan sauce: in a small saucepan , mix sugar , maple syrup , water , soy sauce and cornstarch bring to a boil , stirring until sugar is dissolved remove from heat and add lemon juice and orange rind stir just before serving , bring sauce to a boil remove from heat and stir in toasted pecans makes 1 cup",6.5,6.0,6.0,7.0,9.5,6.0
104734,alfredo sauce   to die for,"butter, heavy cream, parmesan cheese, pepper","in a saucepan , melt butter add cream and heat until warm and slightly thickened , do not boil add parmesan and pepper you can now add any additional crab , etc and serve immediately over your favorite pasta or simmer up to 30 minutes to melt the parmesan for a creamier version",4.5,6.5,9.0,9.2,2.5,2.5
75467,cranberry walnut salad,"cherry jell-o, sugar, hot water, lemon juice, crushed pineapple, ground cranberries, orange, celery, walnuts","place 1 / 2 cup of the water into a medium mixing bowl and sprinkle the gelatin on top set aside place the remaining water and the sugar into a small saucepan , place over high heat and bring just to a boil remove from the heat and add to the juice and gelatin mixture , stirring to combine place the bowl into the refrigerator and chill , just until the mixture begins to set up , approximately 30 to 40 minutes fold in remaining ingredients pour into mold chill until firm",5.5,2.0,3.0,4.5,6.0,4.0
210239,lemon chicken  chinese style,"boneless chicken breasts, garlic cloves, gingerroot, salt & pepper, flour, egg, panko breadcrumbs, oil, lemon juice, water, sugar, white pepper, cornstarch, salt","cut chicken in half and pound to 1 / 2 inch thickness rub chicken with garlic , ginger , salt , and pepper coat chicken with flour , dip in beaten egg and press on panko deep fry at 350 degrees f , turning once or twice until golden brown on both sides combine sauce ingredients and bring to a boil to serve , cut chicken into bite size pieces and pour sauce over",6.0,6.0,8.5,6.5,8.0,5.5
317942,wild women s chocolate covered cherry jello shots,"black cherry gelatin, unflavored gelatin, boiling water, creme de cacao, coffee, maraschino cherries, whipped cream, chocolate syrup","measure water in a microwave safe measuring cup microwave for 3 minutes or until water begins to a boil if you do not have a microwave you can use a pan and a stove top pour jello powder into a large container , if possible one with a pouring spout like a measuring cup or pitcher , and add hot water stir until dissolved measure creme de cacao and coffee and add to the jello mixture stir to combine arrange 36 small disposable plastic or paper cups , about 1 to 2 ounces in size , in a container to protect from spills pour an equal amount of jello into each cup and place container in the refrigerator for at least 4 hours when ready to serve shake can of whipped cream well and invert over each cup spray a small dollop of whipped cream on top drizzle with about a teaspoon of chocolate syrup and top with a cherry ! have fun !",7.0,1.5,2.0,4.5,6.0,3.5
225928,spanish scrambled eggs with pimenton and asparagus,"green asparagus, free-range eggs, smoked paprika, sweet paprika, ground cumin, salt and black pepper, olive oil, butter","trim the woody ends from the asparagus , removing tough fibrous outer layers from the stalks if they are large - a potato peeler is good for this cut the asparagus into 1"" lengths - setting aside the bring a pan of water to the boil and boil the asparagus for 2 to 4 minutes - excluding the drain carefully - the asparagus should be just tender but not too soft beat the eggs with the spices and seasonings warm the olive oil with the butter in a large roomy pan - over a moderate heat when the butter has melted and the oil is sizzling , add the beaten eggs stir for 1 minute with a wooden spoon , then add the asparagus cook for a further 1 - 2 minutes , until the eggs are just set serve at once , sprinkled with pimenton , crusty bread and side dishes of olives , almonds and choritzo",6.0,5.0,5.5,5.5,5.5,3.5
96750,amaretto biscotti with almonds,"butter, sugar, eggs, pure vanilla extract, amaretto liqueur, sliced almonds, all-purpose flour, baking powder, salt","preheat oven to 350f cream together butter and sugar with an electric mixer add eggs , vanilla , and amaretto liqueur mix well add flour , baking powder , and salt mix on low speed until just blended add almonds and stir divide dough into two equal pieces roll each piece into a loaf about 12 inches long on a well floured surface , and place on a large baking sheet about 3 inches apart bake for about 20- 25 minutes , until golden remove from oven and place each loaf on a cooling rack allow loaves to cool for about 15 minutes place loaves on a cutting board using a bread knife , slice into 1 / 2-inch wide slices place slices in a single layer on baking sheet return to oven for about 10-12 minutes , or until lightly golden brown remove from oven and place cookies on a cooling rack cool completely and store in an airtight container ~",6.0,3.0,5.0,5.5,5.5,6.0
255261,sweet potatoes au gratin with a kick,"heavy cream, dried chipotle peppers, sweet potatoes, gruyere cheese, nutmeg, salt, black pepper","preheat oven to 350 degrees f in a saucepan combine heavy cream and chipotle chile peppers bring to a boil , simmer for 5 minutes and remove from heat allow to sit for 10 minutes and strain stem and seed the chiles in a blender puree the heavy cream with the chiles until smooth in a 13 by 9-inch baking dish , spread out one-third of the sweet potatoes sprinkle 1 cup of the cheese over the potatoes and season with grated nutmeg , salt and pepper pour about 1 cup of the heavy cream over the potatoes and cheese repeat procedure two more times ending with cheese on top , only using enough cream to just cover the potatoes bake for 45 minutes to 1 hour or until potatoes are tender and browned",6.0,5.5,8.0,8.5,5.0,5.0
386642,chicken breasts with maple whiskey glaze,"dried thyme, chicken breast halves, pure maple syrup, whiskey, vegetable oil","rub thyme over both sides of chicken breasts combine syrup , whiskey and oil pour over chicken breasts marinate breasts in the refrigerator for several hours grill or broil breasts , about 6 minutes per side , basting frequently with marinade for a shiny brown glaze",5.8,2.5,4.0,4.5,3.0,4.0
112478,whole wheat oat banana bread,"oat bran, whole wheat flour, baking soda, baking powder, walnuts, honey, olive oil, egg, almond milk, pure vanilla extract, bananas","preheat oven to 350 oil bread pan mix oat bran , flour , baking soda , baking powder and walnuts in a bowl put honey , olive oil , egg , milk , vanilla extract and bananas in blender and mix completely add to dry ingredients and mix well pour into pan bake for 30 minutes cool completely enjoy",5.0,2.5,5.0,5.5,6.5,4.0
304233,rice flour pancakes,"rice flour, sugar, baking powder, salt, egg, rice milk, oil","mix rice flour , sugar , baking powder and salt in bowl beat in milk until mixture has a smooth consistency add the beaten egg and oil and mix until just blended add a little oil to griddle and cook on med heat turn only once",5.0,3.0,5.0,4.5,4.5,3.0
426074,nif s chicken and spaghetti with a middle eastern twist,"whole chicken, olive oil, cumin, allspice, cayenne pepper, salt & freshly ground black pepper, chicken broth, raisins, pine nuts, spaghetti, slivered almonds, fresh parsley leaves","preheat oven to 350f pour oil into a small bowl and mix in cumin , allspice and cayenne pepper using your hands rub the seasoned oil all over your chicken sprinkle with salt and pepper place the chicken , breast-side down in a roasting pan and roast for about 1 1 / 2 hours , or until well browned and cooked through , turning it over toward the end to brown the breast when the chicken's nearly ready , bring a large pot of salted water to a boil take the chicken out of the oven and take the meat off the bone , leaving the skin on , except for the thick fatty stuff tear the chicken into medium-sized pieces make sure you tear the chicken apart over the roasting pan so you keep the juices in there for the sauce you can use a knife and fork to tear it apart or wait until it is cooler and do it with your hands discard bones and put the chicken meat aside and keep warm for the sauce , pour all the juices from the roasting pan into a saucepan you will need about 1 cup , so add chicken broth if necessary add the drained sultanas and the pine nuts begin to simmer the sauce when you are ready to cook the pasta very important - taste the sauce and add more seasoning if you think it needs more cook and drain the pasta , and toss it in the warm pot with the sauce until spaghetti is coated add chicken pieces and gently toss and put in large bowl sprinkle with almonds and parsley",6.5,5.5,6.0,6.5,7.5,6.5
386341,warm italiano spread,"neufchatel cheese, pesto sauce, plum tomato, italian cheese blend, triscuit crackers","put neufchatel cheese in a small shallow baking dish , and top with pesto , tomatoes and cheese bake at 375f for 12-14 minutes until cheese is warm and softened scoop up with crackers directly",5.5,6.5,6.0,7.0,4.0,2.5
79677,kittencal s greek lamb and feta meatballs  keftedakia,"ground lamb, seasoning salt, fresh ground black pepper, garlic, parsley, dried oregano, onion, feta cheese, green olives, eggs, white vinegar, olive oil","in a large bowl , mix together , all ingredients including the 1 tablespoon of olive oil cover and refrigerate for 24 hours or up to 48 hours shape into 16 meatballs , and place on a baking sheet set oven to 350 degrees f bake for about for 20-25 minutes or until meat is cooked",6.0,7.0,6.0,7.0,7.0,5.0
77966,miniature cheese balls,"cream cheese, parmesan cheese, green olives, dried beef","combine cream cheese , parmesan cheese and green olives shape into 1 inch balls roll each ball in chopped dried beef arrange on serving platter with decorative toothpicks in each mini cheese ball",5.5,8.0,7.0,7.5,2.5,2.0
210257,apple bread pudding  diabetic,"apples, brown sugar, water, nonfat milk, vanilla bean, fruit bread, eggs, ground cinnamon, ground nutmeg","preheat oven to 160 degree celsius grease deep 1 5 litre peel , core and quarter apples , cut each quarter into 3mm slices dissolve brown sugar in the water in medium frying pan over low heat , add apples simmer , uncovered , about 5 minutes or until tender , stirring occasionally combine milk and vanilla bean in medium saucepan bring to a boil remove from heat stand , covered , 5 minutes discard vanilla bean meanwhile cut bread slices into quarters arrange bread and apple in alternate layers in dish whisk eggs , cinnamon and nutmeg in medium bowl gradually whisk hot milk mixture into egg mixture pour egg mixture carefully over bread and apple place dish in a large baking dish add enough boiling water to baking dish to come halfway up side of pudding dish bake uncovered about 1 hour or until set serve with low fat ice cream or cream , if desired",5.5,2.5,3.0,5.5,5.5,5.5
322985,lemon lime rice,"white rice, boiling water, butter, fresh herb, lemon peel, lime zest, salt, lime juice","cook rice for 5 minutes in a saucepan with briskly boiling water and butter , stirring once cover the pan , turn the heat off , but leave the pan on the burner undisturbed for 15-20 minutes after the rice has absorbed the liquid and is light and fluffy , add the selected herb , lemon peel , lime peel , salt , and lime juice stir well serve warm",4.5,4.5,3.5,3.5,5.0,2.5
284370,what to do with ground turkey,"ground turkey, onion, diced tomatoes, garlic cloves, curry powder, oregano, thyme, red wine vinegar, vegetables","brown turkey add onion and garlic and cook , stirring occasionally until onions are soft and the vegies are tender add every thing else heat through taste test add curry if necessary or more garlic serve with whole wheat naan or brown rice or whole wheat pita if you add too much curry and it is too hot , serve with a dollop of sour cream or plain yogurt",4.5,3.0,3.5,4.5,6.0,3.5
203126,ramen with peas and parmesan,"ramen noodles, frozen peas, butter, parmesan cheese","boil water in your hot pot or a real pot if you have actual cooking facilities break up and drop in the ramens add the peas bring to a boil again drain and add butter , parmesan , and 1 / 3 of the ramen's seasoning packet feeds one active , hungry teen or can be used as a side dish for 2",4.0,6.5,4.5,4.0,2.5,2.0
253291,big red hooter,"tequila, amaretto, pineapple juice, grenadine","fill a collins glass with ice pour in tequila and amaretto fill with pineapple juice , and top with grenadine garnish with a cherry",6.0,1.0,1.0,2.5,3.0,1.5
204228,baked salmon fillets,"salmon fillets, olive oil, garlic powder, italian seasoned breadcrumbs, parmesan cheese, lemon",preheat oven to 375f pour 1 tbsp of olive oil evenly in the bottom of a 9x9-inch glass baking dish place the fillets in the bottom of the baking dish pour the remaining olive oil over the fillets sprinkle half of the garlic over the fillets sprinkle the bread crumbs over the fillets sprinkle the cheese over the fillets bake for approximately 18 to 20 minutes making sure not to over bake squeeze the juice of a lemon quarter over each fillet,6.0,5.5,5.5,6.0,4.5,3.5
18115,honey glazed acorn squash,"acorn squash, margarine, honey, salt","heat oven to 350f degrees arrange squash in shallow 10inch baking dish combine butter , honey , and salt pour over squash bake , covered for 40 minutes uvcover and bake another 10 minutes",5.0,4.0,5.5,4.5,2.0,3.0
21139,tanzanian curried chicken banana soup,"peanut oil, chicken, onion, garlic, curry powder, red chili pepper, black pepper, chicken stock, tomatoes, coconut, bananas","in a dutch oven , brown the chicken pieces in the oil remove chicken , reserving , and add the onion and garlic to the pot saut until soft , then stir in the powdered chile , the curry , and the black pepper and fry for 2 more minutes add the tomatoes , stock , chicken pieces , and coconut , bring to a boil , then reduce heat and simmer for 30 minutes when the chicken is done , remove , let cool , then strip away the meat and cut it into bite-sized chunks , discarding the skin and bones add it back into the pot with the banana chunks simmer 10 minutes when ready to serve , ladle into bowls",5.0,4.0,4.5,5.5,7.0,5.5
326894,bangers and mash with onion gravy,"pork sausage, sunflower oil, yukon gold potatoes, sea salt, ground pepper, milk, unsalted butter, olive oil, red onions, all-purpose flour, red wine vinegar, red wine, beef stock","preheat oven to 400 place sausages in a roasting pan , drizzle with sunflower oil and toss to coat spread sausages out in single layer and bake , turning after 15 minutes , until evenly colored , about 30 minutes meanwhile , make the mash: peel potatoes and cut into large chunks place in saucepan with water to cover , salt water and bring to boil over medium heat cook until potatoes are tender when pierced with a knife , about 15 minutes drain , cover with a kitchen towel and let stand until dry , about 5 minutes in same pan over medium-high heat , combine milk and butter and bring to a boil remove from heat and set aside place potatoes in a bowl and mash add hot milk mixture and beat until smooth season with salt and pepper to taste to make gravy , in a wide shallow saucepan over medium-low heat , melt the butter with the olive oil add onions and cook , stirring requently , until they are soft , about 20 minutes stir in flour and cook until lightly colored , 2-3 minutes stir in vinegar and cook until evaporated stir in red wine and stock , increase heat to medium-high and bring mixture to a boil reduce heat to low and simmer until a rich sauce forms , about 10 minutes season with salt and pepper to taste divide sausages and mash among individual plates spoon gravy on top and serve immediately pass remaining gravy at the the table",6.0,7.0,7.0,8.0,8.0,6.5
62968,pasta with basil and lemon,"angel hair pasta, lemon juice, olive oil, fresh parmesan cheese, fresh basil leaf, olive, cracked black pepper, sea salt","cook pasta in rapidly boiling water , till it is al dente to make the sauce , place lemon juice and olive oil in a bowl and whisk till well combined stir through parmesan , basil , olives , pepper and salt drain pasta and return to warm saucepan toss with the sauce serve immediately",5.5,5.5,6.0,5.5,5.5,3.0
28098,shrimp and feta greek style pizza,"pizza dough, medium-sized shrimp, olive oil, feta cheese, rosemary, cornmeal, mozzarella cheese, garlic cloves, green onion, olives","shell shrimp and set aside heat oven to 425f grease 12 inch pizza pan or 13x9-inch pan and sprinkle with cornmeal place dough in greased pan and spread to cover the pan and form the base bake for 5 minutes until very light brown sprinkle with mozzarella cheese heat olive oil in large skillet over med-high heat add shrimp and garlic cook until shrimp are light pink , about 1 minute spoon over the mozzarella cheese sprinkle feta cheese , green onions , rosemary and olives over shrimp bake at 425f for 15-20 minutes or until crust is golden brown",6.5,7.0,6.0,7.0,6.5,5.0
75632,dracula s eyes,"peanut butter, butter, powdered sugar, m&m's plain chocolate candy, vanilla candy coating, red decorating gel, black decorating gel","in a mixing bowl stir together peanut butter and butter gradually add powdered sugar , stirring until combined shape into 1-inch balls place on waxed paper let stand about 20 minutes until dry in a small sauce pan melt candy coating over low heat dip balls , one at a time , into coating let excess coating drip off peanut butter balls place on waxed paper immediately press an m&m into center of each peanut butter ball let stand until coating is firm add a dot of black gel to the center of candy pieces for pupils drizzle red gel onto balls for bloodshot eyes",8.0,3.0,8.0,8.5,5.0,5.0
345973,chicken marsala by emeril,"flour, boneless skinless chicken breasts, olive oil, butter, sliced mushrooms, marsala, chicken stock, salt & freshly ground black pepper, chives, paprika, salt, garlic powder, black pepper, onion powder, cayenne pepper, dried oregano leaves, thyme","in a shallow bowl or plate combine the flour and 1 t of the essence and stir to combine thoroughly quickly dredge the chicken breast halves in the seasoned flour mixture , shaking to remove excess heat the oil in a large skillet over med-high heat until hot add 1 tablespoon of butter and cook the chicken breasts until golden brown on both sides about 3 min per side transfer to a plate and set aside add 1 t of the remaining butter to the pan and add the mushrooms cook , stirring frequently , until mushrooms are golden brown around the edges and have given off their liquid add the marsala wine and bring to a boil , scraping to remove any browned bits from the bottom of the pan when the wine has reduced by half add the chicken stock and cook for 3 minute or until sauce has thickened lower the heat to medium and return the chicken breasts to the pan and continue to cook until they are cooked through and the sauce has thickened about 5-6 minute swirl in the remaining 2 t of butter , add salt and pepper to taste serve with mashed potatoes or rice enjoy !",6.5,5.8,6.5,6.5,10.0,5.5
243956,italian sauced chicken over pasta,"olive oil, boneless skinless chicken breasts, sweet onion, red bell pepper, celery rib, garlic cloves, crushed tomatoes, tomato sauce, red wine vinegar, sugar, oregano, basil, fennel seed, salt, pepper, bay leaf, pasta, parmesan cheese","stovetop method: in a large pot , heat olive oil add chicken pieces , onion , bell pepper , celery and garlic cook over medium-high heat , stirring often for about 10 minutes add all remaining ingredients except pasta bring to a soft boil reduce heat , cover and simmer for 30-40 minutes remove the bay leaf meanwhile , cook pasta in boiling water according to package drain place pasta in 1 large plate or individual plates and serve saucy chicke mixture over top sprinkle w / parmesan cheese , if desired slowcooker method: place cut-up raw chicken in slowcooker no olive oil necessary mix together all reamining ingredients except pasta pour over the chicken cover and cook on low for about 6 hours or until chicken is done remove the bay leaf when done , boil pasta in salted water per package directions drain follow serving directions as written under ""stovetop"" directions",5.8,5.5,4.5,5.5,10.0,5.5
170071,fresh spinach with ground beef,"spinach, ground beef, garlic cloves, onion, chili-garlic sauce, beef broth, red pepper flakes, sliced mushrooms, sour cream, salt and pepper","saut onion until cooked minced garlic and spinach add beef and cook until brown and minced garlic add broth and spinach cook until spinach is wilted red pepper flakes , and sour cream season with salt and pepper this can be served with rice or noodles and topped with parmesan cheese",4.5,5.5,5.5,6.0,6.5,4.0
515145,salmon in garlic herbed potato en croute  sp5,"salmon fillets, pancetta, cream cheese, simply potatoes garlic and herb hash browns, frozen mixed vegetables","preheat oven to 375 f remove skin from the salmon fillets fry the pancetta until crisp in a large , heavy skillet on medium-low , 7-8 minutes , and drain on paper towels add 1 tablespoon of the pan drippings to a small bowl with the cream cheese and mix well crumble the pancetta and mix into the cheese place the simply potatoes in a medium bowl dice the vegetables and mix with the potatoes use a small rubber spatula to evenly coat the top of a fillet with cream cheese mixture , then evenly cover with the simply potatoes mixture , pressing firmly , turn over and do the same on that side repeat for the remaining 3 filets heat the skillet with the drippings on medium-low and use a metal spatula to carefully set each fillet into the pan fry about 4-6 minutes each side , or until nicely browned place on a baking sheet and finish in the oven for 5 more minutes evenly divide the remaining cream cheese mixture to use as a topping for each piece of salmon and serve",7.0,6.5,7.5,8.0,4.0,6.0
153691,pork enchiladas,"poblano chiles, pork, celery, tomatoes, garlic cloves, olive oil, enchilada sauce, flour tortillas, onion, cheddar cheese","broil poblano chilies , till black put in plastic bag till soft about 10 minutes peel , seed and finely chop in a 3 quart sauce pan saute' garlic and pork cubes in oil add chopped chilies , celery , and tomatoes add water to barely cover mixture bring to boil , lower heat and simmer for 3-4 hours until thicken heat oven to 350 degrees grease large lasagna pan pour some enchilada sauce to cover bottom of pan fill tortillas with pork mixture and top with chopped onion roll and place in pan cover with enchilada sauce make sure all edges are covered sprinkle with cheddar cheese cover with foil making sure foil does not touch cheese bake for 30-40 minutes top with sour cream and chopped cilantro",6.0,6.5,6.0,7.5,7.0,7.0
59645,tex mex breakfast hash and eggs,"chorizo sausage, onion, garlic, frozen hash brown potatoes, green chilies, tomatoes, salsa, eggs, cilantro, cheddar cheese","in a large skilled cook the chorizo over medium heat until browned and done drain reserving 3 t drippings , setting sausage aside return drippings to the pan and over medium heat saute the onions and garlic for 4-5 minutes add the chiles and stir well add the potatoes , reduce heat to medium low and cook for 20 minutes , stirring often add the tomatoes to heat through spoon onto plates , top with eggs and offer salsa at the table garnish with chopped cilantro and cheese if you wish",5.5,7.0,7.0,7.5,6.5,5.0
225387,toll house cookies,"all-purpose flour, baking soda, salt, butter, granulated sugar, brown sugar, vanilla extract, eggs, nestl toll house semi-sweet chocolate morsels, nuts","combine flour , baking soda and salt in small bowl beat butter , granulated sugar , brown sugar and vanilla in large mixer bowl add eggs one at a time , beating well after each addition gradually beat in flour mixture stir in morsels and nuts drop by rounded tablespoon onto ungreased baking sheets bake in preheated 375-degree [fahrenheit] oven for 9 to 11 minutes or until golden brown let stand for 2 minutes remove to wire racks to cool completely pan cookie variation: prepare dough as above spread into greased 15""x10"" jelly-roll pan bake in preheated 375-degree [fahrenheit] oven for 20 to 25 minutes or until golden brown cool in pan on wire rack for high altitude baking : increase flour to 2 1 / 2 cups add 2 teaspoonfuls water with flour reduce both granulated sugar and brown sugar to 2 / 3 cup each bake at 375 degrees fahrenheit , drop cookies for 8 to 10 minutes and pan cookies for 17 to 19 minutes",5.5,3.2,7.0,7.5,6.0,4.5
175124,chicken scarpariello   rachael ray,"boneless skinless chicken breasts, salt and pepper, poultry seasoning, olive oil, red bell peppers, cherry peppers, garlic cloves, dry white wine, chicken broth, italian parsley, hot pepper juice","heat a large , heavy skillet over med-high cut chicken into large chunks and season with salt , pepper , and poultry seasoning add 1 t oil to hot pan set chicken in pan , and do not turn for 2-3 minute brown 3 minutes on each side , then remove add bell peppers , hot peppers , and garlic to pan saute 5 min , tossing and turning frequently add wine to pan and reduce 1 minute scrape up pan drippings add broth and bring up to a bubble set chicken back in pan toss parsley with chicken and peppers , and cook chicken through , 2-3 minute stir pepper juice into pan serve over orzo",6.0,5.8,4.5,5.5,7.0,4.5
128927,lemon daiquiri freeze,"frozen lemonade, frozen limeade concentrate, lemon juice, white rum, water",combine all ingredients transfer to a large plastic container place in the freezer overnight remove about 10 minutes before serving serve in fancy glasses,5.5,1.0,1.0,3.5,3.0,2.0
303178,bananalicious banana muffins,"bananas, white sugar, brown sugar, egg, butter, baking soda, baking powder, salt, cinnamon, flour, walnuts, chocolate chips","preheat oven to 350 degrees grease 12 muffin tins mix the mashed banana , sugar , egg and margarine in a separate bowl , mix baking soda , baking powder , salt and flour mix wet and dry ingredients all together until just mixed being careful not to over-stir ! fold in walnuts or chocolate chips , if desired pour or scoop batter into greased muffin tins bake in 350 degrees oven for approximately 20 minutes let cool slightly in tins , then remove carefully to a rack to cool completely enjoy !",5.2,3.0,5.5,6.0,6.5,4.0
384521,melissa s drop biscuits with green onions,"all-purpose flour, whole wheat flour, baking powder, salt, unsalted butter, green onions, parmesan cheese, milk","preheat the oven to 450 degrees f put the flour , baking powder , and salt in a food processor and pulse briefly to mix add the butter and pulse until the mixture is crumbly add green onion and parmesan and pulse just enough to blend add the milk and pulse until combined drop the dough in rounded tablespoons onto a greased baking sheet , and bake until golden , about 13 to 15 minutes",5.5,5.5,6.0,5.5,5.0,3.5
65119,dairy free ranch dressing,"mayonnaise, lemon juice, soymilk, dried chives, dried parsley, dried dill weed, garlic powder, onion powder, salt, ground black pepper","mix lemon juice and soy milk and let sit for 10 minutes in a large bowl , whisk together the mayonnaise , lemon juice and soy milk mixture , chives , parsley , dill , garlic powder , onion powder , salt and pepper cover and refrigerate for 30 minutes before serving",4.5,5.5,7.5,6.5,6.5,2.5
211164,firestorm burritos,"sour cream, seasoning, fresh cilantro, green pepper, red pepper, tomatoes, green onion, red onion, salsa, bratwursts, monterey jack pepper cheese, flour tortillas","mix 1st 9 ingredients & set aside prepare bratwurst per pkg directions & set aside , but keep warm heat flour tortillas , immediately sprinkle 1 oz of shredded cheese down the center of ea tortilla & top ea tortilla w / a warm brat generously spoon the sauce / veggie mixture down ea side of the brat & roll tortilla to enclose the contents to serve: if using 10-12 inch tortillas , you will likely have enough tortilla to fold over 1 or both ends & eat by hand if using 8 in tortillas , just roll it up , plan to use a knife & fork & serve w / any remaining sauce when you taste the sauce , you will want more of it anyway ! time did include 15 min for veggie prep & 15 min for assembly",5.5,6.7,5.5,6.5,7.5,4.5
276268,sweet potato fries with chipotle mayonnaise  yam fries,"sweet potato, olive oil, ground coriander, ground fennel, ground oregano, chili pepper flakes, salt, mayonnaise, chipotle pepper, adobo sauce, tabasco sauce, cumin","preheat oven to 425 mix together seasoning in a bowl combine 1 tbsp oil and 2 tsp seasoning per sweet potato toss and place on greased baking pans making sure that potatoes are spread out in pan bake for 30-40 minutes turning every 10 minutes serve with chipotle mayonnaise to prepare mayonnaise combine mayonnaise , chipotle pepper , 1 tbsp adobe sauce and 2 drops tabasco sauce save remaining seasoning mixture in ziploc bag for next time",5.8,5.0,5.8,5.5,7.0,4.5
99284,kansas dirt cake,"oreo cookies, instant vanilla pudding, milk, cream cheese, powdered sugar, butter, cool whip","crush oreo cookies in a blender or food processor put half of the crushed cookies on the bottom of a 9x13 inch pan mix together the pudding and milk chill until set in a separate bowl , cream together the cream cheese , butter and powdered sugar until smooth fold in prepared pudding and cool whip spread mixture over cookie crumbs top with remaining cookie crumbs freeze at least 8 hours before serving",5.0,2.8,7.0,8.0,5.5,4.2
64784,7 layer tortilla pie,"pinto beans, chunky salsa, garlic cloves, fresh cilantro, black beans, chopped tomato, 8-inch flour tortillas, cheddar cheese, salsa, sour cream","preheat oven to 400 degrees f in a large bowl , mash pinto beans , then stir in 3 / 4 cup salsa and garlic in a separate bowl , mix together 1 / 4 cup salsa , cilantro , black beans and tomatoes place 1 tortilla in a pie plate or tart dish spread 3 / 4 cup pinto bean mixture over tortilla to within 1 / 2 inch of edge top with 1 / 4 cup cheese , and cover with another tortilla spread with 2 / 3 cup black bean mixture , and top with 1 / 4 cup cheese repeat layering twice more cover with last tortilla , and spread with remaining pinto bean mixture and cheese cover with foil , and bake in preheated oven for about 40 minutes cut into wedges , and serve with salsa and sour cream",6.0,5.8,4.5,6.0,6.0,5.5
117496,chewy gingersnaps sparkle cookies,"butter, sugar, eggs, molasses, vanilla, flour, baking soda, baking powder, salt, cinnamon, ground cloves, ground ginger","in a large bowl , cream butter and sugar together using a hand mixer add other wet ingredients and mix add dry ingredients and mix dough should be easy to handle and not sticky add a little more flour if necessary the dough should not be dry shape dough into one inch balls and roll in white sugar bake on an ungreased cookie sheet at 350 degrees for about 10 minutes remove immediately from cookie sheet onto cooling rack enjoy !",5.5,3.2,5.5,5.5,7.0,5.0
229525,spanish tomato bread with jamn serrano,"tomatoes, garlic clove, olive oil, salt, pepper, baguette, serrano ham, fresh basil","mix together the chopped tomatoes , garlic clove / s , olive oil , salt and pepper keep the mixture in the fridge until needed to serve , toast the slices of baguette spoon a little tomato topping on to each piece of toast tear the slices of jamn serrano into pieces and put one piece on each slice of bread arrange on a large attractive plate , sprinkle with chopped basil or flat leaf parsley and eat !",6.8,7.0,4.5,4.0,5.5,2.5
130997,banana pecan pancakes,"all-purpose flour, sugar, baking powder, baking soda, salt, milk, eggs, vanilla, cinnamon, vegetable oil, banana, pecans","in a bowl , mix together all the dry ingredients make a well in the center and pour in the milk start with 1 1 / 4 cups milk , adding up to another 1 / 4 cup if necessary , as you mix it with the flour add the two eggs , vanilla if using and oil , whisking until mixed but still a bit lumpy peel bananas , placing in a seperate bowl mash with fork , then stir into pancake mix add chopped pecans heat a frying pan and when hot , pour desired amount of pancake mix when the pancake starts to bubble on top and is golden brown on the cooked side , turn it and continue cooking until both sides are golden brown repeat the cooking process with the remaining batter you may need to adjust the heat as pan tends to get hotter as you keep making pancakes keep the cooked pancakes covered with a tea towel , to keep them warm while you finish cooking the rest to add even more flavor , i use store bought bottled syrup , place 1 cup in small saucepan , add 1 / 2 reserved banana , in slices , and heat until just warm the banana adds so much flavor ! i dip the syrup over the pancakes without the banana chunks , but you can do either way",5.8,3.3,5.0,6.2,7.0,5.5
87479,damper  aussie campfire bread,"self-raising flour, salt, milk","set oven to hot 200c grease an 18cm sandwich cake tin or four single serve ramekin dishes sift flour and salt into a mixing bowl add any other optional ingredients make a well in the centre of the flour and add most , but not all of the milk mix with a knife , adding more milk if necessary , until you have formed a fairly moist , but not sloppy , dough turn dough into a cake tin or spoon into ramekins smooth the top with the back of a spoon if making a savoury damper , sprinkle the top with cheese and / or add a thin slice or slices of tomato bake for 20-30 minutes until golden brown on top and a skewer , inserted in the centre , comes out clean turn out and cool slightly on a wire rack before serving serve warm with butter some variations: cheese damper- add 1 / 2 cup grated cheese and a pinch of cayenne pepper cheese and bacon damper- add 1 / 2 cup grated cheese and 2-3 rashers of cooked , chopped bacon cheese and herb damper- add 1 / 2 cup grated cheese and 1 / 2 cup chopped fresh basil or 1 teaspoon of dried herbs fruit damper- add 1 / 2 cup mixed dried fruit and 1 tablespoon sugar orange damper- add the finely grated rind of an orange and 1 tablespoon sugar",4.3,3.5,1.5,3.0,1.8,4.2
181051,seafood cocktail sauce,"ketchup, worcestershire sauce, chili sauce, lemon juice, prepared horseradish, hot pepper sauce",combine all ingredients and chill serve with cold shrimps or other seafood,3.5,6.5,1.0,2.0,4.0,1.2
207907,maggiano s little italy chicken asiago soup  copycat,"olive oil, onions, garlic, celery, carrots, salt, fresh ground black pepper, fresh rosemary, chicken broth, cooked chicken breasts, asiago cheese, parmesan cheese, small shell pasta, fresh spinach leaves","in large pot over medium-high heat , heat oil add onions and garlic and saute until light brown lower heat and add celery , carrots , salt and pepper saute until vegetables are tender add rosemary and cook briefly add broth and cooked chicken stir in asiago and parmesan cheeses simmer 10 minutes adjust seasonings with salt and pepper if needed serve immediately or cool in refrigerator to serve: portion pasta , spinach and cheese for garnish into bottom of individual serving dishes top with hot soup",5.5,6.0,4.5,5.8,8.0,5.5
416263,chocolate guinness cupcakes,"unsalted butter, guinness stout, unsweetened cocoa, sugar, reduced-fat sour cream, eggs, all-purpose flour, vanilla extract, baking soda","pre-heat oven to 350 degrees grease a 9-inch springform pan and line with parchment paper in a large saucepan , combine guinness and butter place over medium-low heat until butter melts , then remove from heat add cocoa and sugar , and whisk to blend in a small bowl , combine sour cream , eggs and vanilla mix well add to guinness mixture add flour and baking soda , and whisk again until smooth pour into buttered pan , and bake until risen and firm , 45 minutes to one hour place pan on a wire rack and cool completely in pan",5.8,2.5,7.0,7.8,6.0,5.0
294720,weight watchers chicken marsala,"boneless skinless chicken breasts, salt, fresh coarse ground black pepper, olive oil, fresh mushrooms, all-purpose flour, marsala wine, reduced-sodium chicken broth","sprinkle chicken with salt and pepper heat oil in a large nonstick skillet over medium-high heat add chicken and cook through , about 3 minutes on each side transfer chicken to a platter and keep warm add mushrooms to skillet and cook , stirring frequently , until browned , about 3 minutes sprinkle mushrooms with flour , stirring to blend add the marsala and broth bring to a boil let the mixture simmer until it is slightly thickened , about 5 minutes",5.5,4.5,3.5,4.2,5.0,4.5
221050,potato pork pie,"potatoes, whipping cream, butter, salt, pepper, onion, garlic clove, flour, beef broth, dijon mustard, dried thyme, fresh parsley, cooked pork","preheat oven to 375 cook potatoes until tender , drain well and mash with cream , 2 tbsp butter , salt and pepper spread 1 1 / 2 cups mashed potatoes into greased , shallow 1 1 / 2 quart baking dish in a skillet , saute onion and garlic in remaining butter until tender stir in flour until blended gradually stir in broth , mustard , thyme and 2 tbsp parsley bring to a boil cook and stir for 2 minutes or until thickened stir in pork heat through pour over potato crust pipe or spoon remaining potatoes over top bake , uncovered , for 35-40 minutes or until potatoes are lightly browned sprinkle with remaining parsley",6.0,5.5,7.0,7.5,8.0,6.0
49802,pressure cooker italian chicken and sausage with peppers,"olive oil, italian sausages, frying chicken, onion, green bell peppers, garlic, red wine vinegar, diced tomatoes, dried basil, fennel seed, crushed red pepper flakes, salt & freshly ground black pepper","heat the oil in the pressure cooker prick the skin of the sausages in several places with the tines of a fork add the sausages and chicken to the oil and cook until well browned on all sides while the chicken is cooking , dice the onion cut the green peppers into 3 / 4"" thick strips mince the garlic when the chicken and sausages are browned , remove them from the pan and set aside add the onion , green peppers and garlic to the cooker to cook , stirring often , until they begin to soften , about 4 minutes add the vinegar and stir up the browned bits from the bottom of the cooker add the chicken and sausages , tomatoes , basil , fennel , red pepper flakes , salt and pepper to taste close pressure cooker and bring up to full pressure reduce heat to stabilize pressure and cook for 10 minutes release pressure and adjust the seasoning",5.6,6.3,5.0,6.0,8.0,6.0
176928,philippine mung beans in coconut milk,"mung beans, onion, vegetable oil, salt, fresh gingerroot, fresh chili pepper, garlic cloves, coconut milk, soy sauce, chard leaves","soak the beans in water for several hours or overnight drain , then cook them until tender drain while the beans are cooking , saute the onions in the oil with salt when translucent , add ginger , chiles , and garlic simmer on low heat for a few minutes add the coconut milk and simmer for 5 more minutes combine the beans and the coconut milk mixture in a large pot add the soy sauce and chard , and cook until the chard wilts remove from heat and serve",4.5,5.5,5.2,6.0,7.0,6.0
74821,linguine with sausage and kale,"linguine, andouille turkey sausage, olive oil, red bell peppers, onions, garlic, kale, chicken stock, parmesan cheese, salt & freshly ground black pepper","boil linguine in salted water to desired doneness , 8-11 minutes saute sausages in olive oil , over high heat , until lightly browned , 2-3 minutes add bell pepper , onion , and garlic saute , stirring , 2-3 minutes until onion begins to brown add kale and stir until wilted , 1-2 minutes add broth and stir until boiling drain pasta and return to pan add sausage mixture , cheese , salt and pepper toss to combine and serve",5.8,6.2,4.8,5.8,6.5,5.0
184901,hummus with pine nuts turkish style,"chickpeas, garlic cloves, cumin seed, lemon, juice of, tahini, salt, fresh ground black pepper, olive oil, pine nuts, cayenne pepper","toast the cumin seeds and crush lightly in a food processor or blender combine all the garbanzo bean puree ingredients blend until smooth tasting and adding more lemon juice to preference if too thick to process effectively , add some of the reserved garbanzo bean liquid , about 1 tablespoon at a time adjust other seasonings , too if necessary transfer hummus to serving bowl or platter in a small saute pan , heat up the olive oil and saute the pine nuts over medium heat for about 3-5 minutes or until golden stirring constantly be careful not to burn ! sprinkle pine nuts with the cayenne , and cook an additional 1-2 minutes stirring often garnish the hummous with the pine nut mixture including any olive oil left in the pan serve with pita bread to scoop up the dip",5.7,5.0,6.0,5.5,6.5,4.0
19895,mexicali meat burritos,"boneless pork roast, dried pinto bean, water, garlic cloves, cumin seeds, chili powder, dried oregano, ground coriander, cayenne pepper, whole tomatoes, diced green chilies, salt, black pepper, flour tortillas, cheese, onion, olive, salsa, sour cream, guacamole, lettuce, tomatoes","preheat oven to 250f place pork roast in a large dutch oven add remaining ingredients and stir to mix well cover and bake in the oven for 7-8 hours or until beans are tender i usually put it in the night before and cook overnight sometimes it takes a bit longer the next day , depending on how cold the ingredients are and how old the beans are ! when done , remove the meat from the pan and shred in bite-size pieces return meat to pan and stir this should be the consistency of chili season to taste to assemble , place a warm tortilla on a plate , top with mexicali meat top with choices of condiments , fold in edges , and roll loosely chef freeze meal-sized portions in rigid freezer containers or ziplock freezer bags to use , defrost and reheat in microwave or on stovetop",5.8,6.2,5.0,7.0,10.0,8.0
439752,tavern cheese soup,"russet potatoes, water, celery, leek, chicken bouillon granules, cheddar cheese, milk, beer, worcestershire sauce, salt, dry mustard, white pepper","in a large saucepan over high heat , brin potatoes , 1 1 / 2 cups water , celery , leeks and bouillon granules to a boil reduce heat to low , cover and simmer for 25 minutes or until potatoes are fork tender remove from heat and mash mixture until smooth gently stir in cheese until melted stir in milk , beer , worcestershire sauce , salt , dry mustard , and white pepper stir over low heat until hot",4.5,6.3,5.0,6.5,7.0,4.8
369220,little chocolate pound cake for two,"flour, unsweetened cocoa powder, sugar, sour cream, baking soda, egg, vanilla extract, butter","preheat oven to 350 degrees fahrenheit grease and flour pan very well i designed this to go in a petit loaf pan that measures about 5x3x2 but you can use 2 mini bundts , 4 cupcake cups , 2 jumbo muffin cups or whatever small pan you like when doubled it works nicely with either a 6 cup bundt pan , 5 inch spring form pan , 4 mini bundt pans or 7x4x3 loaf pan whisk together all of the flour , cocoa powder and sugar in small mixing bowl in another small bowl , whisk together sour cream and baking soda add egg and vanilla extract gently whisk to combine add the butter and 1 / 2 of the sour cream mixture to the flour mixture and mix with electric mixer until moistened beat on low for about 45 seconds add remaining sour cream mixture and beat on medium until well blended , 30 seconds do not over mix or you'll ruin the texture pour into prepared pan or pans bake until well browned and toothpick inserted in center comes out clean , about 25 to 30 minutes for the petit loaf pan when recipe is doubled , bake 40 minutes in the small loaf pan baking times vary slightly depending on which pan you use the important thing is that the cake is browned and toothpick comes out clean when inserted in center cool in pan 10 minutes on rack remove from pan and cool completely",5.5,2.5,6.5,7.0,5.0,5.5
32522,grandmas sloppy joes,"hamburger, onion, tomato sauce, worcestershire sauce, brown sugar, vinegar, catsup, chili powder, salt and pepper, mustard",brown hamburger and onion drain out grease add the rest of the ingredients and simmer 15-20 minutes with lid,4.5,5.8,4.5,5.5,6.0,3.5
69457,fish baked with sour cream,"fish fillet, sliced mushrooms, onion, butter, thyme, salt, pepper, sour cream, parmesan cheese, dry breadcrumbs, paprika, parsley","put fish into a rectangular baking dish , sprayed lightly with a baking spray preheat oven to 350 degrees fahrenheit over medium to medium-high heat , melt butter in a skillet large enough to hold mushrooms and onions saute mushrooms and onions about 3 minutes , until mushrooms are golden , sprinkling with thyme when about halfway through spoon mushroom and onion mix over fish and sprinkle lightly with salt and pepper sprinkle about 1 1 / 2 t parmesan over the mushroom and onion mixture mix remaining cheese into sour cream spread sour cream over mushroom / onion mixture , using a spatula sprinkle with bread crumbs bake uncovered for about 25- 30 minutes , or until fish flakes with fork sprinkle with parsley and paprika and serve",5.5,5.2,6.2,6.0,7.5,5.0
90685,beef  macaroni and tomato casserole,"lean ground beef, garlic cloves, dried oregano, dried basil, onion, green bell pepper, salt, black pepper, diced tomatoes, tomato sauce, elbow macaroni, mozzarella cheese, parmesan cheese","cook noodles until al dente , 8-10 minutes , and drain preheat oven to 350f cook ground beef with garlic , oregano , basil , onion , green pepper , and salt and pepper until beef is browned , cooked through , and veggies are tender drain any fat add tomatoes and tomato sauce to beef mixture , then simmer 5-10 minutes mix beef mixture with cooked macaroni and place in a 9x13-inch casserole dish or lasagna pan top casserole with mozzarella and parmesan cheeses bake at 350f for 20 minutes , or until cheese is melted and casserole is bubbly",4.8,5.6,5.0,6.0,7.0,5.5
67921,chilaquiles with chicken,"corn tortilla strips, vegetable oil, cooked chicken, green tomatillo sauce, chihuahua cheese, sour cream","preheat the oven to 350 degrees to make the fried tortilla strips , slice corn tortillas into thin strips fry in a large skillet of hot oil until light golden brown and crisp , watching carefully so they do not burn remove with a slotted spoon and drain on paper towels to assemble the casserole , spread the corn strips on the bottom of a 9x13"" baking dish place the chicken on top and cover with the sauce , then top with cheese cover with foil and bake for 20 minutes or until heated through spread the sour cream over the top of the casserole and serve",5.5,6.2,7.0,7.0,4.5,5.5
272887,ww  ham steak with pineapple sauce 4 points,"reduced-sodium ham, lemon juice, brown sugar, dijon mustard, ground ginger, pineapple juice, cornstarch","trim fat from ham lightly score ham slice in a diamond pattern using a sharp knife place in an 11 x 7 inch baking dish combine next 4 ingredients in a bowl , stirring well with a whisk spread mixture over ham cover with heavy-duty plastic wrap and vent microwave at high 4 minutes or until thoroughly heated remove ham from dish , and cut into 4 equal pieces set aside , and keep warm combine pineapple juice and cornstarch in a 1-cup glass measure stir well micowave at high 1 1 / 2 minutes or until thick and bubbly stir well serve pineapple sauce with ham",5.0,7.0,2.5,4.5,4.5,3.0
367683,pear   hazelnut salad with crystallized ginger dressing,"hazelnuts, balsamic vinegar, honey, crystallized ginger, bartlett pears, lemon juice, butter lettuce","spread hazelnuts in a shallow baking pan and toast in 350 oven until pale golden about 10 minutes let cool slightly , then rub off as much of skins as possible with your fingers chop nuts coarsely and set aside in small bowl , stir together vinegar , honey and ginger , set aside halve and core the pears , brush cut sides with lemon juice line plates with lettuce leaves , arrange pear halves , cut side up on lettuce spoon on dressing and sprinkle hazelnuts",7.0,1.5,3.5,3.2,5.0,3.5
14325,fresh orange muffins,"orange, orange juice, egg, butter, all-purpose flour, white sugar, baking powder, baking soda","preheat oven to 400f spray a muffin tin with non-stick cooking spray like pam and set aside put orange quarters in food processor along with orange juice and process or blend until pureed add egg and butter to food processor and combine pour into large bowl combine dry ingredients together in a separate bowl , then add all at once to orange mixture stir to combine fill muffin cups about 3 / 4 full bake in preheated oven for 20 minutes remove from oven and let stand in tin for 5 minutes before removing muffins",5.0,2.5,5.5,5.2,5.0,4.0
50937,easy cedar plank salmon,"salmon fillet, salt, pepper, brown sugar, butter, cedar plank","cut a cedar plank to fit your barbeque grill you won't be saving this , so no need to be fancy completely submerse the cedar plank in water for 15 minutes put the salmon""skin-side"" down on the wet plank salt and pepper to taste if you have a favorite herb or spice , you might want to add a sprinkle now pat a thickish coating of brown sugar evenly over the top of the salmon we like our salmon well-glazed , so we pat about a 1 / 4"" layer onto the fish dot with little chunks of the butter , use more or less to your taste grill above medium hot coals until the fish is firm in the center to serve , just pop the plank onto a platter and cut pieces off the salmon at the table",6.5,4.5,5.5,6.0,3.5,5.0
319219,baked turkey tenderloin,"turkey breast tenderloins, butter, cajun seasoning, onion, carrots, potatoes, aluminum foil","in an 8x8 glass dish lay a large piece of foil place the vegetables on top of the foil , followed by the turkey loin rub the seasoning on top of the meat lay the butter on top wrap the packet completely with the foil use an additional piece of foil , and wrap it again try to get both seams on top bake in a 350f oven for an hour and 20 minutes , or until the meat reaches 160 and the vegetables are tender i just stick a thermometer through the foil to keep the moisture inches let it rest for 10 minutes or so before serving",5.0,5.5,5.0,5.8,4.5,4.5
283034,skillet potatoes,"red potatoes, shallots, olive oil, oil, frozen chopped spinach, sun-dried tomato packed in oil, ground cayenne pepper, salt, butter, asiago cheese, bacon","boil cubed potatoes until tender , about 15 minutes heat olive oil and oil from sun-dried tomatoes over medium high heat add shallots and potatoes cook for 20-25 minutes until the shallots and potatoes turn golden mix in spinach , tomatoes , cayenne pepper , and salt stir to mix ingredients add tablespoon butter and continue to cook until butter melts and spinach and tomatoes are heated through , about another 5 minutes top with shredded asiago and crumbled bacon serve with additional salt and pepper if desired",5.6,6.5,7.0,7.0,7.0,5.5
245882,margarita cupcakes with key lime icing,"white cake mix, frozen margarita mix, egg whites, vegetable oil, lime zest, unsalted butter, cream cheese, key lime juice, key lime zest, confectioners' sugar","in large bowl , combine cake mix , margarita mix , egg whites and vegetable oil using electric mixer stir in lime zest mix completely fill prepared pans 2 / 3 full bake according to box directions 22-24 minutes or until toothpick inserted in center of cupcake comes out clean cool in pan on cooling rack 5-8 minutes remove cupcakes from pan cool completely for icing: in large bowl , cream butter , cream cheese , juice and zest with electric mixer until light and fluffy add 4 cups confectioners' sugar , one cup at a time continue beating until light and fluffy if icing is too thin add additional confectioners' sugar 1 tablespoon at a time",6.0,3.0,7.0,7.5,6.5,5.0
125960,sweet steak kabobs,"venison steak, green peppers, whole mushrooms, cherry tomatoes, fresh pineapple, soy sauce, light brown sugar, white vinegar, garlic powder, seasoning salt, lemon pepper, mountain dew soda","combine all marinade ingredients and pour over steak cubes marinate in the refrigerator at least 8 hours on skewers , alternate steak with vegetables and pineapple grill on high for 10-15 minutes , basting frequently with reserved marinade",6.5,6.5,3.5,5.5,7.0,6.0
93724,marie callender s cake like cornbread,"corn muffin mix, yellow cake mix, milk, eggs, butter, water","preheat oven to 350 thoroughly spray muffin pan cups with non-stick spray pour mixes into a large bowl add remaining ingredients and stir well the batter will be very thick pour into prepared muffin cups i made 12 regular sized muffins and 24 mini muffins from one batch of this batter , and had a tiny bit left over for the""bowl lickers"" bake mini muffins for 15 minutes , or until golden bake regular sized muffins for 20 minutes , or until golden",5.0,3.5,5.5,5.5,4.0,3.5
341917,red pepper risotto,"chicken stock, olive oil, onion, garlic cloves, red peppers, salt, pepper, arborio rice, white wine, saffron, parsley, parmesan cheese","bring stock to simmer and set aside mince onion , garlic and red pepper heat oil and add onion , cook until soft about 3 minutes add garlic , red pepper and 1 / 2 teaspoon salt , cook 8-10 minutes add rice and stir until grains separate and begin to crackle stir in wine when evaporated stir in 1 / 2 cup chicken stock enough to cover rice should bubble slowly rub a generous of saffron into rice when stock is absorbed add another ladleful or two of the chicken stock , adding stock as rice dries continue doing this for about 25 minutes until rice is cooked but still chewy when cooked add pepper and parmesean stir in a 1 / 2 cup stock and herbs remove from heat should be creamy if not add a little more stock",6.2,5.5,5.0,6.0,7.0,6.5
191310,beets in orange flavor,"beets, brown sugar, orange peel, orange juice","heat 1 inch of water in a steamer basket and bring to a boil place beets in a colander or steamer basket , cover , and steam for 20 minutes or until tender cool peel and slice combine the brown sugar , orange peel , and orange juice in a medium saucepan and bring to a boil boil for 1 minute stir in the sliced beets and simmer for 5 minutes",5.8,1.2,1.0,2.8,2.5,3.5
257360,the meatloaf with the sauce,"eggs, tomato sauce, onion, celery, worcestershire sauce, kosher salt, pepper, fresh breadcrumb, lean ground beef, water, brown sugar, mustard, vinegar","preheat oven to 350 degrees and grease a 9x12 pyrex dish place the eggs , tomato sauce , onion , celery , worcestershire , salt and pepper in blender and blend until smooth put meat , bread crumbs and blender mixture in a large bowl combine by hand until well incorporated press into baking dish , leaving a 1 / 2"" moat around the meatloaf for the sauce combine sauce ingredients in the blender and pour over all over meatloaf bake for 50 minutes or until done",4.8,5.8,5.0,6.0,7.0,5.0
29124,capellini pomodoro,"garlic cloves, plum tomatoes, fresh basil, olive oil, fresh parmesan cheese, angel hair pasta, black pepper","heat olive oil and add garlic , cook until garlic turns white add diced tomatoes and pepper heat through stirring constantly about 2 to 3 minutes remove from heat and add basil and half of the cheese toss gently with the pasta serve at once and top with remaining cheese",5.8,4.8,5.2,4.5,4.5,4.0
81916,awesome thai chicken coconut curry,"garlic clove, vegetable oil, fresh ginger, red curry paste, coconut milk, water, salt, lemongrass, fish sauce, brown sugar, boneless skinless chicken breasts, pineapple chunks, green onion","heat the oil in a large wok , add the garlic , saute add the curry , ginger and the thicker cream on top of the can of coconut milk to the wok , whisk now add the rest of the coconut milk in along with everything but the chicken and pineapple , whisk bring to a slow boil for 7 minutes , then discard the lemongrass add the chicken and pineapple and cook till the chicken is no longer pink inside , about 7-9 minutes serve over jasmine rice and top with green onion soooooooooooooo yummy !",6.0,7.0,6.0,7.0,8.0,5.0
114779,borinquen jibarito sandwich,"green plantain, oil, butter, olive oil, onion, garlic, cumin, cayenne, steak, salt & freshly ground black pepper, american cheese, mayonnaise, romaine lettuce, tomatoes","heat oil , then fry the peeled and sliced plantain for 1 minute remove plantain from oil , place on a heavy cutting board , top with another cutting board , and flatten the plantain between them fry the now-flattened plantain in the oil again , until outside is golden and crispy remove from oil , set aside on paper towels to blot oil , and keep warm over medium high heat , melt 1 tablespoon butter and olive oil together , then saut the onions until just becoming soft add the garlic , cumin , and cayenne , stir well , then add the meat slices and saut until browned season to taste with salt and pepper spread mayonnaise on bottom slice of flattened fried plantain , lay down 2 slices of american cheese , then the meat and onions top with lettuce and thinly sliced tomato , then the remaining plantain top combine 1 teaspoon melted butter with 1 / 4 teaspoon roasted minced garlic , then brush the top plantain slice with the butter garlic mixture repeat steps to make another sandwich serve completed sandwiches with arroz con gandules jibaritos can also made with other combinations of roast pork , white or dark chicken meat , vegetables or ham - don't be afraid to experiment i've made the sandwich using chicken and substituting roasted red pepper for the tomato , and the taste was phenominal !",6.2,6.5,8.5,8.0,8.0,7.0
132067,copycat john alden rollwich,"flour tortilla, mayonnaise, jellied cranberry sauce, turkey, romaine lettuce, tomatoes","spread the mayonnaise on the tortilla , making sure to leave at least 1 / 2 inch around the outside glop on a thin layer of cranberry sauce , but enough that it's fully covered if you mash the cranberry sauce with a fork it seems to spread more easily add the turkey and a thin layer of lettuce place the 3 tomato slices in a line down the center of the tortilla make sure you don't fill the tortilla too full or get too close to the edge , or it won't wrap properly ! carefully roll the tortilla into a wrap cut into two pieces , if desired dig in and enjoy a taste of new england !",5.2,5.5,5.0,4.8,4.0,2.0
59146,chocolate orgasm,"butter, sugar, eggs, chocolate, liquor, all-purpose flour, baking powder, whipped cream","preheat oven to 400 degrees f have rack in bottom third of oven generously butter a springform pan beat butter with sugar for about 4-5 minutes with electric mixer add eggs , alternately with flour , baking powder , chocolate and liquor and continue to beat until all ingredients are incorporated pour into springform pan bake 10 minutes , turn off heat , and leave in turned-off oven another 15 minutes remove and let stand about 10-15 minutes before serving i cut into this with a serrated spatula it will be cakey-crusty outside and molten , rich chocolatey goo in the middle i serve with very lightly whipped cream or a scoop of softened vanilla ice cream on the side i have often made this several hours ahead of baking and popped it in the fridge and then popped it into the preheated oven , increasing baking time by 5 minutes- it worked great !",6.0,2.5,8.5,9.0,5.0,5.0
61094,ham  egg and cheese breakfast bake,"cooked ham, cheddar cheese, bread, eggs, milk, salt and pepper","add milk to eggs mix egg mixture , salt and pepper together spray a 9x13 inch pan with cooking spray put bread pieces in bottom of pan sprinkle ham or sausage over bread and sprinkle cheese over the meat pour egg mixture over all bake at 350 degrees for 45-50 minutes",4.8,6.3,5.5,6.5,4.0,4.0
22808,bombay beans and chicken,"diced tomatoes, kidney beans, vegetable oil, garlic, onions, ground cumin, salt, fresh ground pepper, cilantro, boneless skinless chicken breasts, curry powder, cooked rice, sour cream","heat 2 tbsp of vegetable oil in large frying pan stir in chopped garlic , cumin and onions cook for 5 minutes over medium heat stir in kidney beans and diced tomatoes cook over medium heat for 5 to 10 minutes , stirring occasionally season to taste with salt and pepper stir in chopped cilantro keep warm brush chicken breasts with remaining 2 tbsp oil , sprinkle with curry powder , salt and pepper grill under broiler , turning occasionally , until no longer pink inside slice chicken breasts and serve over rice , topped with kidney bean-tomato mixture add dollop of sour cream on each serving garnish with cilantro sprigs",5.5,5.0,5.2,5.5,8.0,5.5
105226,mostaccioli marinara with basil,"mostaccioli pasta, tomatoes, olive oil, diced onion, garlic clove, sugar, salt, fresh ground pepper, parsley, dried basil, parmesan cheese","cook the pasta according to package directions , drain and set aside position knife blade in food processor , add tomatoes pulse 3 to 4 times or until amost smooth , set aside coat a medium skillet with non-stick cooking spray , add oil , and place over medium-high heat until hot add the onion and garlic saute 3 minutes or until tender add tomatoes , sugar , salt , and pepper bring to a boil reduce heat , simmer uncovered 10 minutes stir in parlsey and basil serve sauce over pasta sprinkle with cheese",5.3,4.8,4.5,4.8,6.0,4.5
223755,tater coated chicken,"egg, seasoning salt, broiler-fryer chicken, instant potato flakes, butter","combine egg , 2 tablespoons water , and seasoned salt dip chicken parts in the mixture roll in potato flakes sprinkle with salt and pepper , if desired melt butter in shallow baking pan place chicken in pan , skin side up bake at 375 for about 1 hour or until done serves 4",5.0,5.5,6.2,6.2,3.5,4.5
218790,cowboy spaghetti with cheese sauce   rachael ray,"spaghetti, salt, extra virgin olive oil, bacon, lean ground beef, onion, garlic cloves, fresh ground black pepper, hot sauce, worcestershire sauce, chili powder, ground cumin, beer, fire-roasted tomatoes, tomato sauce, butter, flour, chicken stock, milk, cheddar cheese, pickled jalapeno pepper, scallions","bring a pot of water to a boil add a generous amount of salt , then the pasta and cook spaghetti until al dente according to package directions heat a deep skillet over medium-high heat add olive oil and bacon brown and crisp bacon , about 5 minutes , then remove with a slotted spoon to a paper towel-lined plate and reserve drain off a little excess fat if necessary but leave just enough to coat the bottom of the skillet add the sirloin and crumble it with a wooden spoon as it browns , 3-4 minutes add the onions and garlic , and season with salt , pepper , hot sauce , worcestershire , chili powder and cumin cook for another 5-6 minutes add the beer , cook for 1 minute more then add tomatoes and tomato sauce bring up to a bubble and continue to cook for 5 minutes while the meat sauce is cooking , make the cheese sauce: heat a small sauce pot over medium heat and add butter when the butter melts , stir in the flour and cook for 1 minute whisk in the chicken stock and then the milk thicken for 2 minutes then stir in the cheese and melt , for another 2 minutes stir in the jalapenos and scallions season with a little salt and pepper drain spaghetti , add to the meat sauce and combine pour into a large serving bowl and pour the cheddar cheese sauce over the top",5.4,7.0,7.0,8.0,10.0,7.0
175356,grilled italian pork burger,"ground lean pork, red wine, garlic clove, fennel seeds, salt and pepper, olive oil, hard rolls, tomatoes, lettuce, onion, cheese","in a medium bowl , mix together the pork , red wine , garlic , fennel seed , salt and pepper pat gently into 4 patties brush each patty lightly with olive oil place directly over hot coals on grill close grill hood and grill for 5 minutes , turn and cook on second side for 4 minutes or no longer pink serve on hard rolls with cheese , lettuce , tomato , and onion garnish , if desired",5.5,5.2,5.0,6.0,7.0,4.5
50793,hungarian goulash under pressure,"salt pork, unsalted butter, beef, onions, red potatoes, green bell peppers, dry white wine, tomato paste, hungarian paprika, salt and pepper, sour cream, caraway seeds","dice the salt pork melt the butter in the pressure cooker add the salt pork and cook until brown and crisp add the beef and brown lightly on all sides meanwhile , peel the onions and cut them into wedges peel the potoes and cut in half cut the green peppers into 1"" squares add the onions , potatoes , and green peppers to the pan stir together the wine , tomato paste , paprika and salt and pepper to taste and add to the pressure cooker cover pressure cooker and bring up to full pressure reduce heat to stabilize pressure and cook for 12 minutes release pressure stir in the sour cream and caraway serve hot topped with additional sour cream , if desired this goulash can be made in advance and refrigerated or frozen",5.0,6.5,7.0,7.5,7.5,6.0
505768,easy sticky rice  in a pasta pot,"corn husks, jasmine rice","rinse the amount of rice you're using three times , then fill a bowl with cool water and let the rice soak overnight it takes 5-6 hours for the rice to fully expand and soften when the water is cool , the rice will be soft the water will turn murky and the rice grains slightly slimy , rinse once more in cool water it might not be as soft and sticky as rice that has been soaked overnight , but it will do the job test to see if the rice is ready by pressing a grain lightly with your fingernails if it breaks easily , it's ready line the steamer basket insert of a pasta pot with fresh corn husks or soaked dried corn husks spray the husks with oil to prevent the rice from sticking , then spread the soaked rice evenly over the husks fill the pot with water to just under the steamer basket insert put the steamer insert into the pot , cover and bring to a boil over medium high heat steam the rice for at least 20 minutes , or longer transfer the rice to a serving bowl when ready to serve cover the rice with some corn husks to keep it moist and warm",4.0,1.0,1.5,3.0,1.5,4.5
21030,tomato basil jam,"tomatoes, lemon juice, fresh basil, sugar, powdered fruit pectin","wash tomatoes remove peel , stem ends , cores and seeds finely chop tomatoes measure 3 1 / 2 cups place tomatoes in 6-quart kettle and heat to boiling reduce heat , cover and simmer 10 minutes measure again--3 1 / 2 cups and return to pan add lemon juice and basil combine 1 / 4 cup of the sugar with the pectin stir into tomatoes heat to a full rolling boil , stirring constantly stir in the remaining 2 3 / 4 cups sugar return to a full rolling boil boil hard for 1 minute , stirring constantly remove from heat and skim foam with a metal spoon ladle into hot , sterile jars , leave 1 / 4 in head space wipe rim , adjust lids and process in boiling water bath 5 minutes cool on wire racks",4.5,1.0,1.0,4.0,3.0,7.0
152502,striped delight,"oreo cookies, butter, cream cheese, sugar, milk, whipped topping, instant chocolate pudding mix","mix crushed cookies and butter in medium bowl press firmly onto bottom of 13x9-inch baking dish refrigerate 10 minutes beat cream cheese , sugar , and 2 tablespoons milk in medium bowl with wire whisk until well blended gently stir in 1 cups of the whipped topping spread over crust pour 3 cups milk into large bowl add dry pudding mixes beat with wire whisk 2 minutes or until well blended pour over cream cheese layer let stand 5 minutes or until thickened drop remaining whipped topping by spoonfuls over pudding spread to cover pudding refrigerate at least 4 hours cut into 24 squares store leftover dessert in refrigerator",5.8,3.0,7.5,8.0,5.0,4.5
268801,cranberry orange salad,"ground cranberries, sugar, orange, rind of, oranges, walnuts, orange jell-o","grind cranberries , oranges , rind and fold in the sugar make the jello with 1 / 2 the water it calls for stir quickly until dissolved add to the cranberry mixture , add nuts refrigerate overnight",5.2,2.0,3.0,4.0,4.5,3.0
52381,cube steaks au poivre,"cube steaks, butter, fresh coarse ground black pepper, lemon juice, salt, water, worcestershire sauce","sprinkle steaks with salt and pepper to taste in a large skillet , melt butter and cook steaks 2 at a time on medium-high heat until browned on both sides , about 4 minutes for each set of steaks reserve drippings in pan arrange steaks on a platter and keep warm into pan drippings , over medium high heat , add remaining ingredients stirring often to losen brown bits on bottom of skillet , heat until warm pour over steaks and serve",5.2,5.5,6.5,6.5,4.5,4.0
2502,pumpkin bundt cake,"eggs, sugar, vegetable oil, fresh pumpkin, vanilla extract, cinnamon, cloves, salt, baking soda, baking powder, whole wheat flour, all-purpose flour, walnut pieces","preheat oven to 350 degrees f grease and flour a 10-inch bundt pan or tube pan in a large mixing bowl , mix the eggs with a large fork until well blended mix in the sugar add the oil in a steady stream , mixing all the while , until the mixture is thick and smooth mix in the pumpkin , vanilla , cinnamon , clove and salt add the baking soda and baking powder in pinches , breaking up any lumps with your fingers stir in thoroughly stir in the whole wheat and all-purpose flours just until blended stir in the walnuts pour and scrape the batter into the pan and bake for 45 to 50 minutes , or until a tester inserted in the center comes out clean cool in the pan on a rack for 10 minutes invert , remove the pan , and cool on the rack for about 15 minutes more",6.0,3.0,6.5,6.5,8.0,5.0
43236,emeril lagasse s pumpkin cheesecake,"graham cracker crumbs, pecans, light brown sugar, ground cinnamon, butter, cream cheese, sugar, cornstarch, pure vanilla extract, nutmeg, eggs, egg yolks, heavy cream, pumpkin puree","preheat the oven to 350 degrees f combine the graham cracker crumbs , pecans , brown sugar , and 1 / 2 teaspoon of the cinnamon in a bowl pour in the melted butter and stir well to blend press the mixture evenly into the bottom and 1 inch up the sides of a 9-inch springform pan combine the cream cheese , sugar , cornstarch , vanilla , the remaining 1 / 2 teaspoon of cinnamon , and the nutmeg in the bowl of an electric mixer beat until fluffy add the eggs and yolks , beating on low speed until just blended fold in the cream and pumpkin pure pour the batter into the crust-lined pan , and place on a baking sheet bake until the center is nearly set , about 1 hour to 1 hour and 10 minutes remove from the oven and cool for 15 minutes carefully run a small , sharp knife between the cake and the sides of the pan release the sides of the pan and cool at room temperature for 30 minutes cover the cheesecake tightly with aluminum foil or plastic wrap , and chill in the refrigerator at least 4 hours , or up to 8 hours , before serving",7.0,3.0,8.5,9.0,8.5,7.0
398844,val s cranberry salsa,"fresh cranberries, cilantro, green onion, jalapenos, sugar, fresh lemon juice, cream cheese","add first 4 ingredients above together in food processor pulse well to combine add sugar and lemon juice , and pulse until combined pour over cream cheese and serve !",6.5,2.0,5.5,5.0,5.0,2.0
32191,blue cheese dressing and dip,"blue cheese, cream cheese, sour cream, onion salt, lemon juice, milk",mix sour cream and cream cheese until smooth stir in onion salt lemon juice and milk add blue cheese and mix will refrigerate at least 2 hours,3.8,7.0,7.0,7.5,4.0,1.5
140062,perfect easy microwave applesauce,"golden delicious apples, granny smith apples, cinnamon, nutmeg, water, sugar","peel , core and slice the apples place apples in a large microwave-safe bowl add in 1 / 4 cup water , cinnamon and nutmeg , if using stir to combine cover with heavy microwave-safe plastic wrap microwave on high power for 10 minutes remove the bowl and stir the apples , then contine to microwave uncovered until apples are very tender using a large fork coarsley mash apples to desired texture add in sugar to taste while the apples are still hot mix well to combine bring to room temperature and then refrigerate for up to two days , or freeze in plastic freezer containers",3.5,1.0,1.0,2.5,4.0,3.0
112978,chicken tortilla soup  similar to houston s,"vegetable oil, carrot, celery, onion, garlic powder, salt, pepper, chicken broth, diced tomatoes, ro-tel tomatoes, taco seasoning, corn tortillas, cooked chicken, monterey jack cheese, milk, corn tortilla chips","saute carrots , celery , onions , salt , pepper , and garlic powder in oil until tender add chicken broth and bring to a boil stir in the tomatoes , ro-tel tomatoes , taco seasoning , and chicken cut soft tortillas into small pieces and add to the broth mixture let boil for 20 minutes or until tortillas are incorparated into the soup stir occasionally to keep the soup from sticking as it thickens reduce heat and add 6 oz cheese simmer for additional 10 minutes add milk and simmer for another 10 minutes serve with shredded cheese and corn tortilla chips on top",5.5,7.0,5.0,6.2,9.0,5.5
2848,roasted red snapper,"red snapper, low sodium tomato, green onions, lemon juice, dried oregano, nonstick cooking spray, pepper, coriander, feta cheese, ripe olives","preheat oven 450 cut fish into 4 serving size portions combine undrained tomatoes , green onions , celery , lemon juice , and oregano in a large skillet bring to boiling reduce heat simmer , uncovered , about 15 minutes or until most of the liquid has evaporated spray a 2 quart rectangular baking dish with cooking spray place fish in baking dish , turning under any thin edges sprinkle with the pepper and coriander bake for 8 to 10 minutes or until fish flakes easily with a fork transfer fish to individual serving plates spoon sauce over fish sprinkle feta cheese and olives over fish",6.2,5.6,1.5,3.8,7.0,5.0
35338,white chocolate chunk macadamia cookies,"butter, light brown sugar, sugar, eggs, vanilla, all-purpose flour, baking soda, salt, macadamia nuts, white chocolate","preheat oven to 350f cream butter and sugars together until light and fluffy beat in the eggs and vanilla mix together the flour , baking soda , and salt add gradually to the butter mixture fold in the macadamias and chocolate drop by heaping tablespoonfuls onto greased baking sheets bake at 350 for 10-12 minutes or until undersides are lightly golden cool slightly before removing from cookie sheets",5.5,3.2,7.5,7.0,6.0,5.0
15141,chocolate mousse  foolproof version,"semi-sweet chocolate chips, boiling water, eggs","grind chocolate chips in a food processor or blender , using short pulses add boiling water and blend to melt the chocolate add egg yolks , one at a time , blending well after each one is added in a medium bowl , beat egg whites with electric mixer until stiff peaks form fold egg whites into chocolate mixture gently pour the mousse into wine glasses or other serving glasses and top with cool whip and a maraschino cherry chill in refrigerator until set",6.2,2.0,6.0,7.0,2.0,4.5
181739,simple spreadable butter,"butter, safflower oil","in a bowl , use a whisk or a mixer to whip the butter gradually mix in the oil whisk until smooth transfer to an airtight container and store in the refrigerator this recipe can easily be doubled or tripled any extra butter spread will freeze well in an airtight container",2.5,2.0,9.5,9.0,1.3,1.5
131784,tuscan tuna salad,"lettuce, tomatoes, great northern beans, tuna in water, red onions, olive oil, water, red wine vinegar, dijon mustard, dried dill","tear lettuce into bite sized pieces toss lettuce , tomato , beans , tuna , and onion in a large bowl whisk together dressing ingredients toss dressing with salad just until coated serve immediately 1 serving = 220 cal , 6g fat , 24g carb , 19g pro , 6g fibre , 22% iron",6.0,4.8,4.0,3.5,6.0,2.0
173320,raspberry almond coffee cake,"fresh raspberry, brown sugar, flour, sugar, baking powder, baking soda, salt, plain low-fat yogurt, butter, vanilla extract, egg, cooking spray, sliced almonds, powdered sugar, skim milk","preheat oven to 350 combine raspberries and brown sugar in a bowl , set aside combine flour and next 4 ingredients in a large bowl combine yogurt , butter , 1 teaspoons vanilla and egg in a small bowl stir well add to flour mixture , stirring just until moist spoon two-thirds of batter into an 8-inch round cake pan coated with cooking spray spread evenly top with raspberry mixture spoon remaining batter over raspberry mixture top with almonds bake at 350 for 40 minutes or until a toothpick inserted in the center comes out clean let cool 10 minutes on a wire rack combine powdered sugar , milk , and 1 / 4 tsp vanilla stir well drizzle over cake serve warm or at room temperature",6.5,3.0,6.0,6.5,9.0,5.5
352913,bacon onion spaetzle,"all-purpose flour, salt, ground nutmeg, eggs, milk, smoked bacon, yellow onion, olive oil, fresh parsley leaves, salt & freshly ground black pepper","in a medium bowl , combine the flour , salt , and nutmeg in a separate bowl , combine the eggs and milk add the egg mixture to the dry ingredients and stir until smooth let stand for 30 minutes press the batter through a sieve into boiling salted water cook about 1 minute drop cooked spaetzle into ice water drain spaetzle and set aside in a skillet , cook the bacon over medium heat until golden , about 4 to 5 minutes add onions and cook until soft , about 4 to 5 minutes in a separate skillet , saute the cooked spaetzle in the oil until golden add the bacon mixture , season as needed with salt and pepper , and garnish with chopped fresh parsley",5.4,6.8,6.0,6.5,6.5,7.0
228641,perfect blueberry pie filling,"blueberries, sugar, cornstarch, water, lemon rind, cinnamon, nutmeg, unsalted butter, egg, salt, pie crusts","combine 1 cup berries with 3 / 4 cup sugar in pan simmer on low heat until sugar is melted and mixture is very liquid about 5 minutes combine cornstarch and water in bowl add to pan with blueberries cook over medium heat until mixture comes to full boil and is clear and thick pour hot mixture into large bowl cool until warm fold in remaining 3 cups of blueberries , lemon rind , cinnamon , nutmeg and butter let cool before adding to pie crust add top crust and brush with egg wash , sprinkle with sugar preheat oven to 400f but reduce heat to 375f when you put pie in oven bake about 40 minutes check pie halfway through baking cover edges with a strip of foil if edges are getting too brown this technique works for any delicate fruit such as raspberries or strawberries",6.5,2.8,5.5,6.5,7.0,6.0
50431,baked green beans with mushrooms   pine nuts,"green beans, mushroom, pine nuts, butter, shallots, dried thyme, madeira wine, salt & pepper","saut the mushrooms & shallots in the oil for a minute or two , sprinkle in the thyme line a baking dish with foil pour the madeira into the bottom of the foil lined dish , add beans , top with mushroom mixture seal the foil bake in 375f oven for approx 30 minutes open foil and sprinkle with toasted pine nuts",5.5,4.0,4.0,3.8,5.0,4.0
89107,fantastic cloverleaf rolls,"all-purpose flour, dry yeast, warm water, sugar, milk, butter, egg, salt","grease 12 jumbo muffin tins in a cup or bowl , combine yeast with 1 tbsp sugar in warm water cover with plastic wrap , and sit for 10 minutes , or until the yeast is foamy in the mixer bowl , mix in 3 cups flour , the remaining sugar , melted butter , warm milk , egg and salt add in the yeast / sugar mix with a kneader blade fitted on a heavy-duty mixer , knead and gradually add in the remaining flour , until a soft dough sticky is formed remove from the bowl and let rest on the counter for 10 minutes , covered after 10 minutes , knead gently for about 30 seconds coat a glass or stainless steel bowl with oil transfer the dough to the bowl cover and let rise in a warm draft-free area , for 1 hour , or until doubled in size punch down the dough remove from bowl then place the dough on the counter slice the dough evenly in half lengthwise down the middle , set one piece aside shape piece of dough into a chunky long rope using hands slice into 18 even pieces shape into about 1-1 / 2-inch balls or a little more place 3 balls into each muffin tin repeat with remaining piece of dough and muffin tin cover the tins with a clean tea towel and allow to rise warm place for 30-40 minutes remove the tea towel brush tops with melted butter bake at 350f for 18-20 minutes , or until buns are a dark golden colour",6.5,3.8,5.5,5.0,5.0,7.0
15688,white trash candy snack,"chex cereal, cheerios toasted oat cereal, peanuts, m&m's, white chocolate chips",mix all of the dry ingredients in a large bowl melt the white chocolate chips in the microwave and then pour into the bowl with the dry ingredients lay the mixture flat on cookie sheets and refrigerate until hardened remove from refrigerator and break the mixture apart,4.5,4.5,6.0,6.5,3.5,2.5
211580,hearty hamburger soup,"lean ground beef, white onion, ground black pepper, dry oregano, dry basil, seasoning salt, onion soup mix, water, tomato sauce, soy sauce, diced tomatoes, corn, celery, celery leaves, fresh carrot, white potato, garlic salt, parmesan cheese, sour cream","brown ground beef and onion in a large pot drain if needed add spices and onion soup mix stir in water , tomato sauce and soy sauce bring to a boil then reduce heat , cover , and simmer for 15 minutes add the rest of the ingredients up to the potatoes bring to a boil reduce heat , and simmer uncovered until potatoes and carrots are tender about 30 minutes season to taste with garlic salt serve with shredded parmesan cheese and sour cream",4.8,7.2,4.5,5.5,10.0,5.5
353197,spinach feta muffins,"frozen spinach, feta cheese, flour, baking powder, salt, eggs, olive oil, milk","line your muffin pan with paper cups and cut the feta cheese into small chunks preheat the oven to 180c in a bowl mix flour , baking powder and salt in another bowl combine spinach , eggs , olive oil and milk add in the flour mixture and be sure not to overmix fold in the feta cheese cubes pour dough into the muffin pan and bake for about 20 minutes",5.3,5.5,5.5,5.2,5.0,4.0
140361,ma s egg foo yong,"eggs, salt, pepper, sherry wine, oil, green onion, bamboo shoot, chicken meat, bean sprouts, soy sauce, chicken broth, oyster sauce, sugar, cornstarch, water","egg foo yong: beat eggs , stir in salt , pepper & sherry heat 1 / 2 to 3 / 4 tbs of oil and stir-fry onion and bamboo shoots for 1 5 minutes , add meat , bean sprouts and soy sauce , stir-fry one minute more remove from heat and cool when cool stir into egg mixture heat 1 tsp oil in pan slowly pour in approx 1 / 4 egg mixture into mold cook until set & lightly brown , remove mold , turn and cook until other side is browned add more oil as needed sauce: bring all ingredients except water and corn starch to a boil dissolve corn starch in water , stir into mixture , bring to a boil until thickened serve over egg foo yong",5.4,7.0,6.5,5.8,9.0,6.5
119258,key west key lime cake,"lemon cake mix, water, key lime juice, limes, zest of, lime gelatin, canola oil, eggs, butter, cream cheese, vanilla extract, confectioners' sugar, milk","preheat oven to 325 spray a 9 x 13-inch baking pan with non-stick cooking spray or grease and flour lightly in a large mixing bowl , add the cake mix , water , lime juice , lime zest , jello , vegetable oil and eggs with an electric mixer , blend ingredients together until well combined , about 3 minutes pour into prepared pan and bake in preheated oven for 30 to 35 minutes or until a toothpick inserted off center comes out clean for the frosting , combine the butter , cream cheese and vanilla with electric mixer add confectioners sugar and blend until smooth and creamy add milk to reach the desired spreading consistency spread frosting over cooled cake and garnish with lime zest",6.0,3.0,7.0,7.5,7.0,5.0
140843,kennett square mushroom soup,"butter, flour, chicken broth, salt, pepper, bay leaf, celery, onion, cooking oil, fresh mushrooms, half-and-half cream","in a 2 quart saucepan , melt butter and stir in flour until smooth gradually stir in broth until smooth add salt , pepper and bay leaves simmer , uncovered , for 15 minutes , stirring occasionally meanwhile , in another saucepan , saute the celery and onion in oil until tender add mushrooms cook and stir until tender add veggies to broth mixture and bring to a boil reduce heat and simmer , uncovered for 15 minutes , stirring occasionally add cream and heat through discard bay leaves and serve",4.8,5.8,7.0,6.8,6.0,5.0
143008,apple and date loaf,"dried dates, baking soda, apples, crystallized ginger, ground ginger, boiling water, butter, caster sugar, egg, self raising flour","preheat oven to 180c in a bowl put the dates , baking soda , apple , crystallised ginger , ground ginger and boiling water , stir well in another bowl mix the butter and sugar together and then beat in the egg gradually blend in the date mixture and sifted flour spoon into a greased and floured loaf tin bake for 1 hour or until the loaf is cooked when tested with a skewer cool in the tin for 10 minutes before transferring to a cake rack to cool",5.5,2.0,5.5,5.8,6.0,5.0
162023,mahi mahi burgers with ginger and hoisin,"mahi mahi fillet, cilantro leaf, hoisin sauce, mayonnaise, green onion, fresh ginger, garlic clove, salt and pepper, vegetable oil, sesame oil","combine the fish , cilantro , hoisin , mayonnaise , green onions , ginger , garlic , salt and pepper in a food processor pulse until finely chopped pat into 4 patties chill for 1 to 4 hours heat vegetable oil and sesame oil in a large skillet over medium heat add the fish burgers and cook for 3 minutes per side or until just cooked through serve on toasted buns with mayonnaise and extra hoisin , topped with lettuce and tomato",5.8,6.3,5.5,5.5,6.5,5.5
306894,maggiano s little italy chop salad,"iceberg lettuce, romaine lettuce, plum tomatoes, danish blue cheese, prosciutto, italian dressing, avocado, coleman's dry mustard, granulated sugar, water, garlic, red wine vinegar, white vinegar, salt, canola oil, virgin olive oil, crushed red pepper flakes, whole black peppercorn, fresh oregano, parmesan cheese","combine mustard , sugar , water , garlic , red and white vinegar and salt in food processor mix until smooth slowly drizzle in the oils , continue to blend add remaining ingredients and blend until well mixed recipe can be doubled with remaining stored in sealed container in refrigerator for up to a week place lettuce in large mixing bowl add all the ingredients except garnish and mix well add dressing and mix well serve , topping each portion with garnish",7.0,7.5,6.0,5.5,10.0,5.0
170976,brtchen  german breakfast rolls,"active dry yeast, white sugar, warm water, shortening, salt, all-purpose flour, egg whites, egg white, milk","in a large mixing bowl , dissolve yeast and sugar in warm water let sit until creamy about 10 minutes mix in shortening , salt and 3 cups of the flour beat with dough whisk or heavy spoon for 2 minutes fold in egg whites gradually add flour 1 / 4 cup at a time , until dough forms a mass and begins to pull away from bowl turn onto a floured surface knead , adding more flour as necessary , for 8 to 10 minutes , until smooth and elastic with bubbles lightly oil a large mixing bowl , place the dough in the bowl and turn to coat with oil cover with a damp cloth and let rise in a warm place until doubled in volume , about 1 hour deflate the dough , form into a round and let rise again until doubled , about 45 minutes preheat oven to 425 degrees f deflate the dough and turn it out onto a lightly floured surface divide the dough into 24 equal pieces and form into oval rolls about 3 1 / 2 inches long place on lightly greased baking sheets , cover and let rise until doubled in volume , about 40 minutes place an empty baking sheet on the bottom rack of the oven in a small bowl , lightly beat the egg white with the 2 tablespoons of milk to make the egg wash lightly brush the risen rolls with the egg wash place 1 cup of ice cubes on the hot baking sheet in the oven and immediately place the rolls in the oven bake at 425 degrees f for about 20 minutes or until the tops are golden brown remove to a wire rack and cool",6.3,3.8,4.5,4.5,5.0,8.0
120561,miracle lasagna,"spaghetti, lasagna noodles, ricotta cheese, mozzarella cheese, egg, frozen spinach, parmesan cheese","preheat oven to 375 spray an 11 x 7x 1 1 / 2 inch baking pan with nonstick cooking spray combine the ricotta cheese , 1 cup of mozzarella cheese , egg and spinach in a bowl and mix well to combine all ingredients spread 1 / 3 of the sauce in bottom of pan top with 3 uncooked noodles , the ricotta cheese mixture , the grated parmesan cheese , and 1 / 3 of the sauce top with remaining uncooked noodles and remaining sauce cover tightly with aluminum foil bake at 375 for 1 hour remove cover and top with remaining mozzarella cheese return to oven for 5 minutes to let cheese melt let stand for 5 minutes before serving",5.2,6.2,5.5,7.0,4.0,5.0
71623,pasta dough,"semolina, eggs, salt, olive oil",put all ingredients in food processor and pulse until dough pulls away from sides of container and forms ball knead 5-10 times on surface lightly coated with flour used in dough cover with damp towel and let rest for 30 minutes,3.5,2.5,2.5,3.5,2.0,4.0
368069,garlic roast chicken  barefoot contessa,"roasting chickens, salt and pepper, garlic, lemon, sweet onion, carrots, potatoes, butter","as soon as you get the chicken home , salt it inside and out , wrap it and keep it in the refrigerator for up to 2 days when you are ready to cook the chicken , preheat the oven to 425 degrees f pat the outside of the chicken dry with paper towels liberally salt and pepper the inside of the chicken and stuff the cavity with the all the garlic and lemon tie the legs together with kitchen string and tuck the wing place it in a roasting pan just large enough to hold it and the vegetables scatter the onion slices , carrots and potatoes around the chicken brush the outside of the chicken with the butter , pour all remaining butter over vegetables and sprinkle everything with salt and pepper roast the chicken for 1 1 / 2 hours , or until the juices run clear when you cut between a leg and thigh baste chicken and vegetables with juices a couple times during cooking remove the chicken , place on cutting board , and cover with aluminum foil place the vegetables back in the oven and continue cooking for an additional 15 minutes when the vegetables are cooked , carve the chicken and place the slices on a platter surrounded by the vegetables drizzle some pan juices over the chicken and vegetables",6.3,5.8,6.0,6.5,5.0,5.5
79551,better batter butter rolls,"dry yeast, warm water, flour, sugar, salt, butter, egg, milk","in a large bowl , dissolve yeast in warm water let stand until bubbly stir together 2 cups of flour , sugar and salt add 6 tablespoons of melted butter , along with egg , yeast mixture and milk beat 5 minutes to blend well gradually add remaining flour cover bowl let batter rise for about 45 minutes or until doubled in size pour the remaining melted butter into a 9"" x 13"" baking pan tilt pan to coat the bottom beat batter down and drop by spoonfuls into buttered pan makes about 15 rolls drizzle remaining 2 tablespoons of butter onto rolls cover and let rise for 30 minutes bake at 350 deg f for 15 to 20 minutes or until done",5.8,3.8,7.0,6.0,5.0,6.0
16512,lemony rice pilaf,"vegetable oil, onion, long grain white rice, chicken stock, lemon, rind of, lemon juice, flat-leaf italian parsley, fresh ground pepper","in a heavy saucepan , heat oil over mediumheat and cook onion for 5 minutes , or until softened stir in rice , then stock , and bring to a boil reduce heat and cover let simmer for 20 minutes , or until rice is tender stir in lemon zest , lemon juice , and parsley taste and add pepper if you wish",4.8,4.5,3.5,3.5,5.0,3.5
244729,snickers latte,"hazelnut syrup, chocolate syrup, caramel syrup, brewed espresso, milk",combine all ingredients in mug,4.5,1.5,4.0,5.5,3.5,1.0
447373,spiced grapefruit,"grapefruit, agave nectar, pumpkin pie spice",cut your grapefruit in half and place each half in a small bowl drizzle agave nectar or honey over each half sprinkle with pumpkin pie spice or cinnamon to taste eat with a spoon,4.8,1.0,1.0,1.8,2.0,1.0
64639,chicken wings in honey bbq sauce,"chicken wings, salt and black pepper, honey, soy sauce, barbecue sauce, oil, garlic cloves","cut off and discard wing cut each wing at joint to make two sections season wings with salt and pepper , to taste place wings on broiler pan and broil about 6 inches from heat for 10 minutes on each side or until brown transfer wings to slow cooker combine remaining ingredients in a bowl pour over chicken wings cover and place slow cooker on high for 2 hour or low for 4 hours",5.5,7.0,5.5,6.5,4.5,5.5
88886,pork chops   rice  crock pot,"minute rice, boneless pork chop, cream of mushroom soup, chicken broth, mushrooms, onion, garlic powder, salt and pepper","layer in a well greased crock pot on low for 8 hours , or on high for 4 hours also works well in the oven on 375f for 1-2 hours , covered",4.2,6.2,5.5,6.5,5.0,4.0
135390,yosi s israeli salad,"plum tomatoes, cucumbers, scallions, parsley, fresh mint leaves, fresh dill, olive oil, lemon, juice of, salt, pepper",finely chop the vegetables lightly mix with the remaining ingredients serve at room temperature,6.2,3.5,3.5,2.5,6.0,2.5
417603,iced coffee frappe,"coffee, cream, light chocolate syrup, sugar substitute, ice cube",combine all ingredients in a blender & process for about 30 seconds or until smooth pour into 2 glasses & enjoy,5.0,1.5,4.0,5.0,4.0,1.5
117544,diet pineapple muffins,"flour, baking powder, artificial sweetener, salt, margarine, crushed pineapple, egg","combine flour , baking powder , sweetner and salt add melted butter add beaten egg and 19 oz tin of crushed pineapple ingredients will be very thick in texture line your muffin pan cups with cupcake papers bake 18 minutes at 400f",4.8,3.5,4.5,4.5,5.0,3.5
95533,chicken stew with biscuits,"chicken breasts, olive oil, kosher salt, fresh ground black pepper, chicken stock, chicken bouillon cubes, unsalted butter, yellow onions, flour, heavy cream, carrots, frozen peas, frozen small whole onions, fresh parsley, baking powder, sugar, half-and-half, egg, water","preheat the oven to 375 degrees f place the chicken breasts on a sheet pan and rub them with olive oil sprinkle generously with salt and pepper roast for 35 to 40 minutes , or until cooked through set aside until cool enough to handle , then remove the meat from the bones and discard the skin cut the chicken into large dice you will have 4 to 6 cups of cubed chicken in a small saucepan , heat the chicken stock and dissolve the bouillon cubes in the stock in a large pot or dutch oven , melt the butter and saute the onions over medium-low heat for 10 to 15 minutes , until translucent add the flour and cook over low heat , stirring constantly , for 2 minutes add the hot chicken stock to the sauce simmer over low heat for 1 more minute , stirring , until thick add 2 teaspoons salt , 1 / 2 teaspoon pepper , and the heavy cream add the cubed chicken , carrots , peas , onions , and parsley mix well place the stew in a 10 x 13 x 2-inch oval or rectangular baking dish place the baking dish on a sheet pan lined with parchment or wax paper bake for 15 minutes meanwhile , make the biscuits combine the flour , baking powder , salt , and sugar in the bowl of an electric mixer fitted with the paddle attachment add the butter and mix on low speed until the butter is the size of peas add the half-and-half and combine on low speed mix in the parsley dump the dough out on a well-floured board and , with a rolling pin , roll out to 3 / 8-inch thick cut out twelve circles with a 2 1 / 2-inch round cutter remove the stew from the oven and arrange the biscuits on top of the filling brush them with egg wash , and return the dish to the oven bake for another 20 to 30 minutes , until the biscuits are brown and the stew is bubbly",6.2,6.5,8.0,8.0,10.0,8.0
219255,red devil s food cupcakes with mocha cocoa frosting,"cocoa, boiling water, all-purpose flour, baking soda, salt, butter, sugar, eggs, vanilla, confectioners' sugar, unsalted butter, strong coffee","for cake , preheat oven to 350 degrees f spritz cupcake pans with nonstick baking spray or line with cupcake papers place cocoa in a small bowl add water , slowly stirring , until well blended and smooth set aside until lukewarm in a small bowl , mix flour , baking soda and salt in medium bowl , cream butter and sugar with an electric mixer until fluffy beat in eggs , one at a time add the cooled chocolate mixture all at once , add vanilla and stir well add the flour mixture all at once and stir with a wooden spoon until smooth and patches of white disappear do not overmix using a measuring cup , dip out the batter and place in the cupcake pans the cupcake pans should be about 3 / 4 full bake for 15 minutes or until a cake tester or toothpick comes clean when poked into the cakes when cooled , frost with mocha frosting makes about 18 2 1 / 2 inch cupcakes for frosting , remove lumps from both sugar and cocoa by placing the measured ingredients into a sieve set over a bowl push and rub with the back of a spoon or rubber spatula using an electric mixer , cream the butter until smooth add the vanilla and salt add the sugar all at once and mix until almost blended beat in as much of the coffee as needed to make a smooth , spreadable frosting makes 1 3 / 4 cups or enough to frost 18 cupcakes generously",6.3,3.0,7.5,7.5,6.0,5.5
190244,chicken baseballs,"light cream cheese, margarine, salt, pepper, poultry seasoning, onions, cooked chicken, refrigerated reduced-fat crescent rolls, milk, breadcrumbs","preheat oven to 350 melt the cream cheese , margarine , salt , pepper , milk and onion either in the microwave for 15-20 seconds or in a small saucepan till melted blend by hand pour mixture over chicken and stir divide chicken mixture into 4 sections separate crescent roll dough into four rectangles and seal perforations spoon 1 / 4 mixture into the center of each pull opposite corners of dough to the center and seal sprinkle each ""baseball"" with breadcrumbs place on an ungreased cookie sheet bake at 350 for 20-25 minutes",5.0,5.5,6.5,6.5,6.0,4.5
19504,cheddar cheese biscuits,"all-purpose flour, sugar, baking powder, pepper, baking soda, salt, unsalted butter, extra-sharp cheddar cheese, buttermilk, egg, poppy seed","preheat oven to 400f degrees combine first 6 ingredients in food processor and blend add butter and cut in , using pulse , until fine meal forms transfer to large bowl , mix in cheese mix enough buttermilk into flour mixture to bind dough turn out onto floured surface and knead gently until combined , about 10 turns pat out dough to 3 / 4"" thickness using 3"" biscuit cutter , cut out biscuits gather scraps , pat out to 3 / 4"" thickness and cut additional biscuits transfer biscuits to ungreased baking sheet brush biscuits with egg glaze and sprinkle with poppy seeds bake until golden brown and firm to touch , about 18 minutes serve warm makes about 10 biscuits",6.0,5.5,7.0,6.5,7.0,5.5
247780,tomato beer,"beer, tomato juice",mix the ice cold beverages and enjoy ! a little ice is optional,2.5,2.5,1.0,1.5,1.2,1.0
229454,chicken and bacon shish kabobs,"soy sauce, cider vinegar, honey, canola oil, mushrooms, green onions, boneless skinless chicken breasts, bacon, pineapple chunks, skewer","in a large bowl , mix the soy sauce , cider vinegar , honey , canola oil , and green onions place the mushrooms and chicken into the mixture , and stir to coat cover , and marinate in the refrigerator at least 1 hour you can marinate overnight , but only do the mushrooms for an hour preheat grill for high heat wrap the chicken chunks with bacon , and thread onto skewers so that the bacon is secured alternate with mushroom halves and pineapple chunks lightly oil the grill grate arrange skewers on the prepared grill cook 15 to 20 minutes , brushing occasionally with remaining soy sauce mixture , until bacon is crisp and chicken juices run clear",6.5,6.8,6.0,6.5,6.0,6.0
45589,jalapeno roll ups,"cream cheese, fresh jalapenos, fresh onions, deli roast beef, flour tortillas","in a medium sized bowl soften cream cheese to room temperature add to the cream cheese , the jalapenos , deli meat and onion mixing thoroughly spread mixture onto tortillas , then roll them up and then slice refrigerate until ready to serve",5.5,6.0,6.5,6.5,4.0,2.5
152433,spaghetti bolognese sauce  beef and italian sausage,"ground beef, italian sausage, tomato sauce, tomato paste, diced tomatoes, onions, bell pepper, mushroom, red wine, garlic cloves, olive oil, sugar, basil, black pepper, marjoram, thyme, salt, paprika, mozzarella cheese, parmesan cheese, cornstarch, water","brown ground beef , season to taste with salt and pepper , drain and set aside cut link sausage up into meatball size pieces , brown , drain , and set aside i use thomasville hot if making sauce for lasagna , remove sausage from casings and brown with the ground beef saut garlic , onion , and bell pepper in olive oil , just until the onions are translucent add meat , tomato sauce , tomato paste , diced tomatoes , herbs and spices , mushrooms , sugar , and wine i use fresh mushrooms , and a red burgandy for a deeper earthy flavor omit mushrooms if making sauce for lasagna simmer on medium low for at least one hour , stirring occasionally when ready to serve , mix corn starch with water and add to sauce , along with both cheeses to thicken when cheese is incorporated , and sauce has thickened , serve over your choice of pasta or use as a meat filling for lasagna",5.5,6.2,6.0,7.5,10.0,7.0
398279,italian kale,"olive oil, pine nuts, garlic clove, kale, raisins, water, salt","heat 1 teaspoon oil in large nonstick skillet over medium heat stir in pine nuts or almonds and cook 1 to 2 minutes , shaking pan often , until lightly toasted put into a small bowl heat remaining 1 teaspoon oil in same skillet add garlic and cook 1 to 2 minutes , stirring often , until just starting to color add 1 / 3 cup water , the kale , raisins and salt cover and cook about 5 to 6 minutes stirring once , until greens are tender and water is nearly evaporated stir in almonds and serve immediately",5.5,4.2,3.5,3.2,5.0,3.5
